iteration,seed,algorithm,final_objective_value,n_iter_opt,x0,x1,x2,x3,x4
0,0,PSO,0.0009402046355340653,501,-3.6815315617981685,0.05665580402669225,-4.7873329523256366e-05,-7.534692173679626e-10,1.8145709986103765e-11
1,1,PSO,0.00016208392255078442,501,4.4511574080754235,-1.0000126493410792e-05,7.087877550491573e-05,-8.518039818212188e-08,3.066665717131103e-11
2,2,PSO,3.970896676395748e-05,501,1.253584830813071,0.02097137838161108,3.075384724552747e-05,-6.147033250043313e-08,2.983945929945773e-11
3,3,PSO,0.0026131318480659997,501,6.968411642362611,-0.006687411548807528,3.95059745199917e-05,7.4290818295580554e-09,-2.7739752529410974e-11
4,4,PSO,4.178882346626678e-05,501,0.2516695214013822,0.03532763327512747,-2.870901933185146e-05,2.9016134704695353e-08,-1.5264194866453033e-11
5,5,PSO,2.193167487693258e-05,501,0.1174392580749532,0.03167702818613171,-3.727091890162761e-06,-1.6595092100303207e-08,9.692240511198819e-12
6,6,PSO,0.0007572002060458118,501,5.139772197995523,-4.039219232580633e-05,5.073377677365798e-05,-3.600795402331068e-08,-1.7715597397311953e-14
7,7,PSO,0.00038210844087137856,501,2.257065105188817,0.02008793358592745,5.348156748148065e-06,5.581328202459996e-09,-1.3424944662670347e-11
8,8,PSO,5.267429705819777e-05,501,-1.7789250565102495,0.05190057423121741,-7.487870261367947e-05,8.23663835847521e-08,-3.710163161280205e-11
9,9,PSO,0.0010861124188217975,501,6.131368204824761,-0.005485460563493507,6.088549640203421e-05,-4.313125624355456e-08,1.203481090175394e-12
10,10,PSO,0.00012938491954834138,501,-0.010079604195293669,0.029951466415816915,1.0271371753806795e-05,-4.204582899331627e-08,2.3096075726548077e-11
11,11,PSO,0.0003537634499812286,501,-0.7707018388768301,0.03322879049214223,1.09090059319133e-05,-5.5535080572195703e-08,3.386189477267038e-11
12,12,PSO,9.821422400903812e-06,37,0.010035529444604865,0.034172924853640596,-1.554950937957805e-05,2.0763002811679777e-09,4.086087417090511e-13
13,13,PSO,0.0002484421998863258,501,-2.3632909869383605,0.04971524479324331,-4.5646304392820624e-05,1.9868806940376016e-08,1.0000614095072353e-14
14,14,PSO,0.001747072829019437,501,6.180088552924409,-0.002646701680392566,3.872741979038511e-05,1.2858540327993274e-10,-2.3325486144291574e-11
15,15,PSO,0.0009191284550717292,501,-3.612478349369024,0.05486152708566565,-4.0132754833794226e-05,-9.748102382000378e-09,2.072963102559056e-11
16,16,PSO,0.00016408248326847292,501,-0.5734339074739478,0.034838529966547474,-2.629103636677235e-06,-3.052013238107089e-08,2.0474877170317683e-11
17,17,PSO,0.00025551036268647474,501,-0.9724139512300158,0.036800527092806345,-4.5967253549158584e-06,-3.245740877434965e-08,2.3068025799345088e-11
18,18,PSO,0.0023455443523480155,501,7.658142794211236,-0.012985064056083222,6.0802195389689954e-05,-1.747290065623504e-08,-1.8938692537342868e-11
19,19,PSO,9.80777155179958e-06,38,0.15134866595551164,0.03381750067499287,-1.7661893757936122e-05,8.960833829282113e-09,-4.5282285345010316e-12
20,20,PSO,0.00010229469037369347,501,1.3155672371982376,0.018498578713452347,4.2975620675324885e-05,-8.129985496161544e-08,4.012172915564685e-11
21,21,PSO,3.971832554064959e-05,501,-0.9258625252298722,0.044783999142420365,-5.454829387310474e-05,5.854378246372368e-08,-2.7257985064089716e-11
22,22,PSO,0.0010021380850906009,501,-4.757860171900736,0.06434529995436862,-6.73724712234569e-05,2.2563503995888294e-08,7.193625236026988e-12
23,23,PSO,0.0006361630809568877,501,3.298019220030696,0.013951188708976346,1.261672254662024e-05,5.98817558165051e-09,-1.6065214899526823e-11
24,24,PSO,8.92765982058645e-05,501,0.28987414129688227,0.02788538231539497,1.4134538529724617e-05,-4.5524869721534673e-08,2.4701150006527005e-11
25,25,PSO,0.0005588526664806418,501,3.055541171939901,0.018450450250877538,1.350930977122287e-07,1.4085907597323133e-08,-1.516227837664199e-11
26,26,PSO,0.00157231850630626,501,5.70345207331611,-1.0021632405143228e-05,3.3639630971195764e-05,3.732276944165774e-09,-2.372500211391223e-11
27,27,PSO,1.8095595358832345e-05,501,-0.9412025260516517,0.04334307297498236,-4.557991395224686e-05,4.2183930417140843e-08,-1.821090406032678e-11
28,28,PSO,0.00036524061044692355,501,3.0029555178657015,0.016475275244218695,1.0507226544218456e-05,7.975334986168585e-10,-1.0621319677723456e-11
29,29,PSO,0.0004560910738181176,501,-2.5548132177401217,0.04828688209443581,-3.211055490854365e-05,-3.843355544994443e-09,1.1597396497570445e-11
30,30,PSO,0.0003881786765880945,501,5.458506380975388,-0.006274148654431582,8.07068019045703e-05,-8.635444120780122e-08,2.6794777716434774e-11
31,31,PSO,2.4047831586362463e-05,501,3.120369548975515,0.0068132534170475025,6.567166906304211e-05,-9.554614937130297e-08,4.11662578864732e-11
32,32,PSO,0.00040179931430593815,501,2.686818612873162,0.01975195898743974,-5.844349246658733e-07,1.4513802397662689e-08,-1.5903002592950165e-11
33,33,PSO,0.0013997287446362555,501,4.528746121234269,0.006784443518155566,2.0760677344841004e-05,1.5298234415179698e-08,-2.8472711841493054e-11
34,34,PSO,0.0012389259668047954,501,5.22511295140296,0.0028177957942347636,3.108630887509253e-05,1.0739384795527378e-10,-1.983663495795852e-11
35,35,PSO,0.0012561618896206816,501,5.446344257802764,0.0018829132881437954,3.448632547909868e-05,-1.076177917159887e-08,-1.0507829087477915e-11
36,36,PSO,0.0016952095016260758,501,4.171352012422604,0.013223937080041253,-6.4075524649150495e-06,5.573114512485523e-08,-4.7889552261128145e-11
37,37,PSO,2.9213859769393e-05,501,-1.087335386807266,0.04548131734067022,-5.470516545508516e-05,5.6409869844980264e-08,-2.5422176113444965e-11
38,38,PSO,0.0012637523438239478,501,5.276968101432622,0.002502201224175267,3.0921398394459984e-05,2.9234733230800714e-11,-1.901247097981774e-11
39,39,PSO,5.436646906985002e-05,501,-0.8561374896459204,0.044764714045293814,-5.6697327816848925e-05,6.363140432772653e-08,-3.0370968647836266e-11
40,40,PSO,0.0011754173440233322,501,5.028523796618797,0.0037111166326600524,3.3397191690387514e-05,-1.5997292590690114e-08,-5.546929114281967e-12
41,41,PSO,5.1757368706472925e-05,501,-2.2444891800566316,0.05508640278292043,-8.13692508109023e-05,8.644611574375554e-08,-3.725490484643315e-11
42,42,PSO,9.429173754357076e-06,254,0.4822257230313808,0.03141237376938648,-1.0915148136684639e-05,1.0191567527940916e-11,1.0209423318250893e-14
43,43,PSO,0.0001499291501713552,501,4.738192614459347,-0.003013061212590068,8.155632509191066e-05,-9.985281535323474e-08,3.742950213551408e-11
44,44,PSO,1.893584180053006e-05,501,-0.3433929301271856,0.03886855518452869,-3.50385685253224e-05,3.238547399589666e-08,-1.515280468644208e-11
45,45,PSO,0.0004989789600320192,501,2.5903030089611367,0.0206686641723456,-1.842688525160087e-07,1.0789323388349623e-08,-1.3047710289924065e-11
46,46,PSO,3.843745524895332e-05,501,-0.7628544301623911,0.043454195407594653,-5.094886030596842e-05,5.4484764224188404e-08,-2.567521099651504e-11
47,47,PSO,4.484918633139737e-05,501,3.7510441371382974,0.0026690886207860814,7.349333052925166e-05,-9.997002173218306e-08,4.120979173180055e-11
48,48,PSO,0.00024408141217496505,501,-1.756034012835566,0.044291602278331774,-2.7960077448641606e-05,-2.8870364411486448e-09,9.984164204855236e-12
49,49,PSO,0.0015824089607342274,501,5.781965896437909,-0.0009011350325207261,3.6168452864898e-05,-1.7196221631062392e-11,-2.161913017339677e-11
50,50,PSO,3.350689692450249e-05,501,1.0872797194613557,0.027470426923450617,-4.775930440197143e-06,-3.126036368108904e-11,-3.0628340945797316e-12
51,51,PSO,7.161625465298178e-05,501,-0.11668813862282809,0.03228831032622559,-4.0762011874560896e-07,-2.6628906523589343e-08,1.6244896242555324e-11
52,52,PSO,3.966388903845692e-05,501,-0.7104048861145738,0.043000621898441914,-4.9924146363916204e-05,5.377958627440961e-08,-2.555594883147015e-11
53,53,PSO,7.994711579908661e-05,501,-0.2833850138065568,0.03303020006514107,-2.34197084913065e-06,-2.3339950438361874e-08,1.4203217120576768e-11
54,54,PSO,0.0004306205735006582,501,4.881808818846357,5.510287426949591e-05,5.962053874398111e-05,-6.094636533772243e-08,1.6815781472594926e-11
55,55,PSO,0.0023219112655810887,501,5.959026775170933,-0.001253227216494946,3.069200306242688e-05,1.9736399784507067e-08,-3.668419452727329e-11
56,56,PSO,0.0013398842499084706,501,-2.5231542489909247,0.04995214360475733,-3.118563096021937e-05,-1.628963046714699e-08,2.2618954720331785e-11
57,57,PSO,0.0002065969975166066,501,1.5733855749586472,0.026498900584750896,-1.2897203350488541e-05,2.305587977671597e-08,-1.789698697706544e-11
58,58,PSO,8.524782620300861e-06,44,0.032999566883618096,0.033901306775928404,-1.4181052875552076e-05,-1.563284899991457e-11,1.2522240595622947e-12
59,59,PSO,5.580549138318201e-05,501,-1.6723812894395174,0.04726106605605398,-4.9733110388926346e-05,3.9343295425076836e-08,-1.4160864623103398e-11
60,60,PSO,1.1134098057393237e-05,501,0.38388716907994375,0.02987851014098474,8.317813846004025e-08,-1.931803095975948e-08,1.0062580331454474e-11
61,61,PSO,0.00035917468772419907,501,4.668433905621532,-1.0275537434461482e-05,6.251401875352573e-05,-6.454781809447017e-08,1.7896839303203918e-11
62,62,PSO,0.001487679939042019,501,5.649785485649259,-1.0609600470956228e-05,3.507575573288748e-05,1.1195170151272694e-10,-2.1530264555227246e-11
63,63,PSO,0.00011494915690601655,501,1.4718718257669468,0.017988660524461884,4.470332828061075e-05,-8.477972157038783e-08,4.219339108187355e-11
64,64,PSO,0.0014764220407044151,501,5.70712638683262,-1.964125879794329e-05,3.467830062682352e-05,2.2805059709711654e-11,-2.0883783598955965e-11
65,65,PSO,1.1899620695005106e-05,501,2.0596365637941867,0.015522022690024515,4.1769984311635386e-05,-6.88714215957484e-08,3.073597862573225e-11
66,66,PSO,0.00039954609351533667,501,4.724800209077226,-1.0196430018940392e-05,6.260719419414799e-05,-6.337585008441149e-08,1.6158340090537035e-11
67,67,PSO,8.776147334059937e-06,22,0.7279002214885648,0.02776023597361627,4.50012764848565e-06,-2.346083606593381e-08,1.1682000769560566e-11
68,68,PSO,0.0010756705396506858,501,-4.0586427567069,0.05782214803186241,-4.619329315569124e-05,-5.897735901737009e-09,2.076973510418798e-11
69,69,PSO,0.0008530699173477128,501,4.28331848265426,0.00969411647792274,1.7987963152666962e-05,5.868776581100146e-09,-1.8139056998098457e-11
70,70,PSO,9.345593795661614e-06,52,0.1633524722648338,0.03280369040383645,-1.230820062571352e-05,6.020642409496216e-10,-4.7638530292003e-13
71,71,PSO,0.00031110910487000857,501,-0.08456895943986266,0.027784631996605698,2.5856362385536524e-05,-7.221963783436374e-08,4.0515347737189315e-11
72,72,PSO,0.00040083321853397164,501,-0.01018883041281015,0.02628922633787894,3.342155819165055e-05,-8.425740855408693e-08,4.633855902588365e-11
73,73,PSO,0.0009300119535202676,501,4.492828039329409,0.0068742576378959695,2.5350284595018456e-05,9.577853098469945e-11,-1.731322483531013e-11
74,74,PSO,6.166366044888701e-05,501,-1.6311203552308504,0.051411996958688005,-7.539785859130374e-05,8.477285657054278e-08,-3.863944325022722e-11
75,75,PSO,0.001509413587890751,501,5.710858192179902,-2.915074000286286e-05,3.508836549846461e-05,4.3718273269839333e-10,-2.1740460684133404e-11
76,76,PSO,0.0037279584628672874,501,8.958976825202752,-0.020362528821706336,6.792495038593566e-05,-1.3718170490688521e-08,-2.3592599449210546e-11
77,77,PSO,0.00034241087884311365,501,2.580563268393857,0.020197157002980616,1.0010828966762542e-08,1.119021494562193e-08,-1.3566153564903437e-11
78,78,PSO,0.002930281804592318,501,6.70173108015031,-0.008771495586891082,4.895101341938298e-05,1.8231391460369929e-09,-3.007363355020041e-11
79,79,PSO,0.00012888271458067033,501,-1.2474843136165976,0.04144284092839925,-2.480695084063351e-05,-9.220548508196148e-11,5.98553937555254e-12
80,80,PSO,5.288564987071943e-05,501,-1.9770779723599983,0.050783715566352326,-6.231812984962284e-05,5.5883328084587996e-08,-2.137728745182296e-11
81,81,PSO,0.0014722223109422475,501,5.721502957008356,-1.0022596456669797e-05,3.473384033000025e-05,1.0020601439329891e-11,-2.1000278246974166e-11
82,82,PSO,0.0014724669467689295,501,5.7122838282606985,-1.0487516995458554e-05,3.4784276557555784e-05,1.0702456599703545e-11,-2.1045824591708837e-11
83,83,PSO,0.0007849259866040323,501,5.237708719071742,-2.2202829669598928e-05,4.9380225149883754e-05,-3.42084640633386e-08,-5.891077957068939e-13
84,84,PSO,0.0001948842923577792,501,-1.6679370714812662,0.04552493124715751,-3.6184148477265955e-05,1.18434123263741e-08,2.0918619004484674e-12
85,85,PSO,0.002048362641131113,501,6.110585427420853,0.00178998946583019,2.199063095732393e-05,1.648966163369012e-08,-2.666980344021531e-11
86,86,PSO,0.0005753837326030044,501,-2.166945348136179,0.042892828183607914,-1.2735900327831203e-05,-2.9356494185543752e-08,2.3029907412315564e-11
87,87,PSO,0.00032120738871932957,501,-2.2391620205151583,0.047333681312421924,-3.45936621332565e-05,2.3184679217941597e-09,8.852407658167346e-12
88,88,PSO,0.0006969763034247036,501,3.975589573812509,0.010506889876477528,1.8978814308828274e-05,1.6897825749377538e-09,-1.520720609708114e-11
89,89,PSO,6.264799794065983e-05,501,-0.04407663284020656,0.03841393173627898,-3.9861526241729016e-05,4.516670314204308e-08,-2.311974957124988e-11
90,90,PSO,0.0011053210669459965,501,5.443626974353681,-1.0207276159760711e-05,4.208025294250856e-05,-1.666297783322209e-08,-1.1277331258085814e-11
91,91,PSO,0.00010382156685280827,501,-0.32306135717638834,0.04188136479960921,-5.3246757991807746e-05,6.433778357187528e-08,-3.218080188337362e-11
92,92,PSO,0.0011051275903706012,501,3.806589394540406,0.014379758800559953,1.137900701923778e-06,2.475348860658224e-08,-2.3521742592220254e-11
93,93,PSO,0.0008641388468160774,501,5.820114983877983,-0.005904015912195423,6.624046759587484e-05,-5.2637801320366413e-08,6.336640781762615e-12
94,94,PSO,4.348466277564609e-05,501,3.6934038383997154,0.0028820188122770252,7.325045443200334e-05,-9.974544102735447e-08,4.102505841285508e-11
95,95,PSO,0.00023005039721847795,501,2.8595940933344695,0.014476306124609283,2.4342792671190884e-05,-2.5695319216998703e-08,4.574132768315258e-12
96,96,PSO,2.7887559270042576e-05,501,0.05953821806158835,0.03610920653193086,-2.9232874454441994e-05,2.845436561478945e-08,-1.4736153116684373e-11
97,97,PSO,0.0003769677855869203,501,-0.16676913084354883,0.028857999617916488,2.3906554688498188e-05,-7.31899466053865e-08,4.252252420578838e-11
98,98,PSO,0.0001669067232416484,501,4.702658908000066,-0.0032311381461716873,8.184781116546068e-05,-9.898808492925148e-08,3.6381760976989764e-11
99,99,PSO,0.001446621714329175,501,5.4265033571767,0.001074623885717778,3.3154863790122994e-05,3.9642017510526516e-11,-2.021331529816793e-11
100,100,PSO,0.0014637878254764578,501,5.702071758332636,0.00010872906995505872,3.469227951831573e-05,1.9903804735386437e-11,-2.1145555256316022e-11
101,101,PSO,0.0015909119987046563,501,5.710879487188109,-0.00010890441157438915,3.3902600058542875e-05,3.7890812969566655e-09,-2.392032355087397e-11
102,102,PSO,0.0008177986179992268,501,4.982665441230717,-5.9163556486391536e-05,5.270486131867089e-05,-3.786961003246245e-08,-3.0592028169867135e-13
103,103,PSO,0.00020552619424822892,501,4.447255106925703,0.0005944175137968656,6.720443420067485e-05,-7.761853738457366e-08,2.5934874801140725e-11
104,104,PSO,0.00014765888062362077,501,0.5264017771524561,0.03437318775332513,-3.291337488991708e-05,4.369512752078611e-08,-2.528687497628847e-11
105,105,PSO,0.0014722163007655188,501,5.722829108966529,-1.0000000000000834e-05,3.47276702711817e-05,1.0000000000016243e-11,-2.0995743172626842e-11
106,106,PSO,0.0014722166229639672,501,5.722819998070044,-1.0000653830735725e-05,3.472672463001235e-05,1.0005007898695636e-11,-2.0994100793747874e-11
107,107,PSO,0.0014722163009399142,501,5.722821097308718,-1.0000000277002666e-05,3.472771303093096e-05,1.0000000620827828e-11,-2.099579312307607e-11
108,108,PSO,0.0013301951412633066,501,5.650097359617886,-0.0003046640639011564,3.8288022539627306e-05,-7.222884746969996e-09,-1.685775295375023e-11
109,109,PSO,0.001272016549936581,501,5.639746093642955,-3.135995881350262e-05,3.8423849706465055e-05,-1.0499744634185412e-08,-1.350788782201964e-11
110,110,PSO,0.00015262997309119014,501,4.405144961404795,-1.531464467913705e-05,7.158638149377692e-05,-8.646606526900805e-08,3.1277524137733714e-11
111,111,PSO,1.0131675069475446e-05,501,0.36588793340011244,0.030393148500834556,-2.1119751000418114e-06,-1.5893231911706933e-08,8.28798116903641e-12
112,112,PSO,0.0011366849430190817,501,5.591571842235546,-1.1325824606441775e-05,4.077734233391478e-05,-1.6062372361589264e-08,-1.0499447370317617e-11
113,113,PSO,6.389432609310037e-05,501,0.5173501864990956,0.03356048976505587,-2.5966690190924803e-05,2.882444915281099e-08,-1.6344111736012042e-11
114,114,PSO,0.0008173699820488156,501,5.369198924884574,-0.0016531957385528886,5.4757126338308445e-05,-3.9750452179897966e-08,9.668132721280958e-13
115,115,PSO,0.0014837876790587529,501,5.737533526869115,-1.545540217243365e-05,3.44484121146795e-05,3.4127508518634524e-10,-2.1099930085784735e-11
116,116,PSO,0.0009434327699936721,501,4.226552856684734,0.007191207265186059,3.085165702438112e-05,-1.0278061717557065e-08,-1.2263841650324763e-11
117,117,PSO,0.0014754068619213028,501,5.671515689950683,-2.3007003124917048e-05,3.51231998797117e-05,-8.675527340456912e-11,-2.1286857720400255e-11
118,118,PSO,0.002416496277551672,501,7.48367730220969,-0.012283787884531432,5.88446701399553e-05,-1.3123800272071737e-08,-2.1987295246926715e-11
119,119,PSO,5.024052984332427e-05,501,3.021924283366514,0.010294149240988187,4.726821840785939e-05,-6.389850118837387e-08,2.4116354869694538e-11
120,120,PSO,0.00105072042006439,501,3.7231142036927114,0.01453464780010914,-4.377821373525488e-08,3.467617173524448e-08,-3.3568970868477986e-11
121,121,PSO,0.00012404830794370428,501,0.07117054732964079,0.029182718455997295,1.2365328005787126e-05,-4.6027757095590565e-08,2.594469258541559e-11
122,122,PSO,0.001483303444234384,501,5.623945687289236,-1.3162183116139287e-05,3.564128900994892e-05,-3.008077602046156e-10,-2.1652991008273427e-11
123,123,PSO,3.993238665916405e-05,501,-0.5390146774197508,0.041821114875276094,-4.685643340250283e-05,5.010570562700034e-08,-2.3950672958094044e-11
124,124,PSO,0.0014722163132048916,501,5.722882235867184,-1.0000001364240966e-05,3.4727160251732634e-05,1.0000180866393555e-11,-2.0995154566177066e-11
125,125,PSO,0.0010215340257486954,501,4.598108915566707,0.0059542172221885865,2.6888724234351477e-05,6.38486078555965e-10,-1.851771320322168e-11
126,126,PSO,0.0008264268500007662,501,5.301865299233118,-1.1383001739610517e-05,4.764212550938275e-05,-3.146770119064361e-08,-1.411937359393176e-12
127,127,PSO,0.0011374230774276637,501,5.844122072740921,-0.0013796692384872703,4.833981349864965e-05,-3.206378925515637e-08,-6.652129835198356e-13
128,128,PSO,0.00036254741246369645,501,-2.2221566588835913,0.046280343614039855,-2.9637235265512253e-05,-5.058137356630266e-09,1.2364360133013668e-11
129,129,PSO,3.5067429749033785e-05,501,-1.7144190031173918,0.050122283728426226,-6.568424450922824e-05,6.634052866334056e-08,-2.8314886581941336e-11
130,130,PSO,2.4657582784152525e-05,501,2.1453739265280576,0.017427163909235707,2.7310007223875125e-05,-4.134645393417566e-08,1.5378578663604864e-11
131,131,PSO,0.0015331035515436969,501,5.870437615675043,-0.00029014635435213555,3.421680020758789e-05,7.126442577859097e-10,-2.1081675024864016e-11
132,132,PSO,3.5864070141096084e-05,501,0.4014601099345592,0.033212228652018505,-2.1438703893749223e-05,2.0417433188330013e-08,-1.2002539255278346e-11
133,133,PSO,1.829816801189058e-05,501,-0.7016422250094462,0.04182069100676645,-4.281801888313855e-05,4.069878718032505e-08,-1.8240861962644527e-11
134,134,PSO,8.860941022795227e-05,501,4.242271273328395,-1.00046658966244e-05,7.65424686823574e-05,-9.831040307356611e-08,3.852840288546939e-11
135,135,PSO,0.0002643850042689517,501,5.114082658078236,-0.005397215897513227,8.39422337799631e-05,-9.590274644195965e-08,3.2685717481099355e-11
136,136,PSO,0.0005687332439787855,501,-3.090731894504053,0.05393608576574455,-4.807624203769597e-05,9.766517909995704e-09,9.454871663422097e-12
137,137,PSO,0.00010046632377679732,501,1.6396029304025224,0.02418319824433535,1.9890605232468864e-07,1.3818426155168468e-10,-5.755493163605655e-12
138,138,PSO,7.23779329404667e-05,501,0.6260408762327461,0.02556980163063568,2.012466021043054e-05,-5.180596347126095e-08,2.6914284289031464e-11
139,139,PSO,0.00017308481116180103,501,-0.6326528340197193,0.03477748476798907,-1.454407208349939e-06,-3.213573753806335e-08,2.0947519565804973e-11
140,140,PSO,0.0001132510447899042,501,4.430969954916982,-0.001112939670736952,7.808833133945235e-05,-9.79274825298358e-08,3.741646242038719e-11
141,141,PSO,2.884008880544126e-05,501,3.3654793261596887,0.005211935454049721,6.866962368699252e-05,-9.719164459516092e-08,4.112341405579052e-11
142,142,PSO,0.00216988274722691,501,5.364166488955079,0.005980640880691382,8.88223781755886e-06,4.26720520690105e-08,-4.364869399502572e-11
143,143,PSO,0.0009269561184192074,501,3.4472917256557176,0.01600853786274859,1.3351495547442004e-07,2.9792366621422096e-08,-3.0218535820675613e-11
144,144,PSO,8.378178320499568e-05,501,4.214708401619776,-3.0239027096185887e-05,7.716293360382641e-05,-9.969442088695178e-08,3.934071679999766e-11
145,145,PSO,2.7758068260672767e-05,501,1.014879551829584,0.027921883772724643,-5.4179019301990725e-06,8.746998782434998e-11,-2.9019958220724935e-12
146,146,PSO,0.001429852576687806,501,5.665278661837655,0.0006051412099003994,3.345494093847376e-05,3.8985375210742863e-10,-2.0675320220664332e-11
147,147,PSO,8.886072896096231e-06,71,0.09254134064536426,0.03309806728396147,-1.1355802140276992e-05,-3.0672707703770697e-09,2.1918274508815424e-12
148,148,PSO,0.0006536586933067572,501,3.7207537293175865,0.01142253543726349,1.9214667331009878e-05,2.36430962596087e-10,-1.4866377260634166e-11
149,149,PSO,0.00033945883335059144,501,-1.3721208374797824,0.0398285007627338,-1.0690715834472821e-05,-2.710593583325788e-08,2.0757799408785854e-11
150,150,PSO,0.001515745925987782,501,5.821546351369607,-0.0009940969101957771,3.762991503681376e-05,-2.3950145188295707e-09,-2.0814940328160148e-11
151,151,PSO,9.968921220193316e-06,356,0.40755117180697664,0.029816040112779805,-1.3845037273887443e-08,-1.907941245742175e-08,9.977544157063583e-12
152,152,PSO,0.00017071641883352397,501,0.020533525045364046,0.040253066064015464,-5.22999327146428e-05,6.676424183820456e-08,-3.4220872935213016e-11
153,153,PSO,6.460350409063453e-05,501,-0.010404185716633187,0.031105299013944772,2.7216643729750294e-06,-2.9195409769210815e-08,1.667012757454135e-11
154,154,PSO,8.98711816018759e-05,501,-0.14474013798939556,0.03303953244897045,-2.59995336831084e-06,-2.504384590832234e-08,1.6230259035561392e-11
155,155,PSO,0.0014761155256223192,501,5.7361130655838295,-1.3622978526735408e-05,3.4546559096628794e-05,1.3034883367903819e-10,-2.0923351918660616e-11
156,156,PSO,6.036957116819965e-05,501,-2.262040289177308,0.05309671816770183,-6.989556949526782e-05,6.69318422991321e-08,-2.6959122128203657e-11
157,157,PSO,0.0011222509114404788,501,5.501895516928128,-3.3710283376684315e-05,4.16073564877924e-05,-1.6119468558902267e-08,-1.1400228052928478e-11
158,158,PSO,0.0001457139478209724,501,-0.4694717614539345,0.033922081344961566,-4.3576541637816954e-07,-3.1922932505021715e-08,2.0411702423845834e-11
159,159,PSO,8.02242631778028e-06,57,0.17644506693594217,0.033352197492336415,-1.4384619918488584e-05,1.8299576643913539e-09,9.209873054534555e-14
160,160,PSO,0.0003318467547758088,501,4.724085748957039,-2.2562446889632025e-05,6.312395583966874e-05,-6.627170954663538e-08,1.895778507868099e-11
161,161,PSO,0.0015567660874478955,501,5.753791416276305,-1.3169164036665816e-05,3.3847397102858425e-05,3.043444686618139e-09,-2.3398321258056322e-11
162,162,PSO,2.2652745159127422e-05,501,1.5271851531446363,0.01983776640958808,3.110233919471816e-05,-5.861224483137076e-08,2.738760628552889e-11
163,163,PSO,7.74900337963042e-05,501,0.02298685760942317,0.03774547096924456,-3.755701094337535e-05,4.050285302783409e-08,-1.9848638985633667e-11
164,164,PSO,0.0006925702533121995,501,5.119280892490698,-1.1457619152903695e-05,5.138391800549298e-05,-3.983048267337728e-08,3.4032567416389476e-12
165,165,PSO,0.0003219336610286147,501,4.70228361753206,-4.144068776645052e-05,6.348040969847626e-05,-6.714296678437295e-08,1.9368982304844927e-11
166,166,PSO,0.00190352488940351,501,5.95677994801721,-0.002511335552213926,3.874734372782328e-05,2.7892658701067103e-09,-2.568592103443451e-11
167,167,PSO,8.460501324916197e-05,501,0.8811838826937558,0.03113372304819609,-1.9055165548479872e-05,1.916121682574893e-08,-1.146970023785589e-11
168,168,PSO,0.0003107588396546728,501,4.70515686946138,-1.0344005344142597e-05,6.350879672209779e-05,-6.80285688471389e-08,2.041634913917325e-11
169,169,PSO,0.0006692366686578659,501,-1.8558185224318349,0.04047813990829139,-2.118965899478736e-06,-5.08299512125316e-08,3.6523102472609366e-11
170,170,PSO,0.00027268957706289395,501,4.528804179021462,-2.190057826126571e-05,6.646838902554066e-05,-7.29756824174882e-08,2.240979243479806e-11
171,171,PSO,1.2036887318098606e-05,501,-0.18213597201764112,0.03731461814181076,-2.957373047403525e-05,2.4926076475402683e-08,-1.169435751897007e-11
172,172,PSO,2.816460641987469e-05,501,2.835019721780533,0.011059389670590503,4.7473824381870586e-05,-6.714099610750054e-08,2.678557153946567e-11
173,173,PSO,0.0015463995964905594,501,5.709949178210649,-0.000154072870649719,3.4373768109627265e-05,1.3051180417033423e-10,-2.029648972739662e-11
174,174,PSO,0.0005619648240573218,501,4.502044287871008,0.004840194964860352,3.998978888032029e-05,-2.886276427090665e-08,-3.856478222654265e-13
175,175,PSO,0.0013028968766947487,501,5.544109638465889,-4.754092529608836e-05,3.8349501695523594e-05,-7.871951295086132e-09,-1.6405355632748978e-11
176,176,PSO,0.0011009179343998928,501,-4.224683235581319,0.059556038922006886,-5.1256829081381265e-05,-4.322610565457869e-10,1.851917104470919e-11
177,177,PSO,0.0026552106195645462,501,7.650064958831444,-0.009241393939510345,4.573040583177767e-05,-7.945504274319456e-10,-2.378010422078859e-11
178,178,PSO,0.00037114061695406667,501,-1.202240478275912,0.03778733183502025,-3.3505629211183756e-06,-3.936205252409151e-08,2.799721497021241e-11
179,179,PSO,0.001558400965246391,501,5.606959797070267,-8.325094718164344e-05,3.479474849776999e-05,4.675551461490824e-10,-2.126111001627161e-11
180,180,PSO,6.604437131541222e-05,501,-1.0222680497837604,0.046672770202682665,-6.337656390490042e-05,7.257033983043127e-08,-3.437390307351399e-11
181,181,PSO,0.0010590254346536313,501,5.126073350173708,0.0023131605527596565,3.608031423025314e-05,-1.0066872806838827e-08,-1.3850445157221832e-11
182,182,PSO,0.001666476427307044,501,5.926047587454702,-0.00018995268883306983,3.178408925445394e-05,6.454322342784145e-09,-2.438905222582769e-11
183,183,PSO,0.0007852497784890202,501,5.276372597827583,-0.000394000250733938,5.036003702513363e-05,-3.5166274287250214e-08,-1.4314735284845231e-13
184,184,PSO,0.0005920885538901184,501,-2.652666167615508,0.047353839617712196,-2.5253406979338797e-05,-1.704918708594862e-08,1.9152772700933833e-11
185,185,PSO,0.0015453493254109522,501,5.833555116147065,-0.0003941408442802689,3.4912430862031526e-05,6.909106079332283e-10,-2.1408506816080977e-11
186,186,PSO,8.839950720590003e-05,501,1.8289133366079973,0.015092825288553999,5.0886608005709175e-05,-8.983932799972609e-08,4.370619978684876e-11
187,187,PSO,0.001791769524615668,501,5.972081034664463,-2.1278413456666482e-05,2.972963395841045e-05,1.1168558670486206e-08,-2.7823722318259547e-11
188,188,PSO,0.0017203845850536238,501,5.7872153648325,-0.0006346054369589244,3.469996383058384e-05,1.8547123134838488e-09,-2.2737316935446152e-11
189,189,PSO,0.0012104997229229373,501,-3.932407712586583,0.05349509757183555,-3.222884440796001e-05,-1.6405665967473046e-08,2.0665866487789502e-11
190,190,PSO,8.787893524048251e-06,114,-0.010565262170221246,0.03378074418678771,-1.3529705872748736e-05,-4.978898372824217e-11,7.576740746397879e-13
191,191,PSO,0.0002467996243748087,501,2.265762290727435,0.021613279354545954,3.807712582979666e-08,8.31436110635179e-09,-1.1976049306250636e-11
192,192,PSO,0.0014287090180181996,501,-4.174876947862537,0.05640806525338762,-3.505334701438236e-05,-2.7874966521092544e-08,3.327335833274231e-11
193,193,PSO,0.000244230567315712,501,4.594223976452782,3.376962273897878e-05,6.637569633496523e-05,-7.455593950460353e-08,2.413140283940047e-11
194,194,PSO,0.000520751684329836,501,-2.257146451317926,0.045653658530773036,-2.9998454128544614e-05,-3.27427952139166e-10,8.90345966010293e-12
195,195,PSO,0.001472217568377042,501,5.722266890007628,-1.0000444474337419e-05,3.4733060060493994e-05,1.0013197137567429e-11,-2.1001529987258126e-11
196,196,PSO,0.00013947137539410673,501,1.2806247321965014,0.025668035366396894,-2.211301075827082e-06,2.8692405320342133e-09,-7.474461423686299e-12
197,197,PSO,0.0007624942037932579,501,-3.008357157125136,0.050417429288042916,-3.307554156240956e-05,-7.556392675699455e-09,1.4206803703181132e-11
198,198,PSO,0.0014722208632757658,501,5.722102625652778,-1.0000955291738994e-05,3.4736134621971e-05,1.0015358900069256e-11,-2.1007729961465964e-11
199,199,PSO,0.0033028167379940583,501,9.640528340178724,-0.02895410806026016,9.944804562721201e-05,-5.2313709242292316e-08,-9.323873662199471e-12
200,200,PSO,0.0024038278255874936,501,8.854619448067416,-0.02515560217196409,9.954850379875898e-05,-6.437492555085489e-08,-1.393888618284902e-14
201,201,PSO,9.156749533976809e-05,501,2.21325723724929,0.011676839607950011,5.8293933680370885e-05,-9.438948544010033e-08,4.380208393461501e-11
202,202,PSO,0.0012209499081453899,501,5.186017972283751,0.0031415043121023347,3.0234998691339966e-05,6.967372828563293e-10,-1.9847316286169133e-11
203,203,PSO,0.0005311872635084374,501,-2.062967876809176,0.045984802366218804,-2.6176119068002e-05,-1.573618410242951e-08,2.007697508108286e-11
204,204,PSO,0.00042816631419046055,501,4.857751818023898,-1.1734094995410465e-05,5.920978158718183e-05,-5.7506325549367094e-08,1.3754281086996414e-11
205,205,PSO,2.6118560430683614e-05,501,1.1678227718447596,0.026288343101937,1.0114963048767563e-08,-6.754017289276905e-09,-1.0011077179380643e-14
206,206,PSO,3.468429860590241e-05,501,-1.0117154307706426,0.04383808302711694,-4.787278921136549e-05,4.736720718628817e-08,-2.1683436018107652e-11
207,207,PSO,0.0002747911323011291,501,-4.115085317805135,0.06492160602895872,-9.246170143583052e-05,8.180359311754074e-08,-2.9109927667978756e-11
208,208,PSO,0.0008232981257156602,501,3.415181070142113,0.0159895375388645,-8.226655909055663e-08,2.883976093785105e-08,-2.8356451960935762e-11
209,209,PSO,9.837057461052168e-06,323,0.4436339595119415,0.02973374707695175,-2.610591462360631e-07,-1.8660744819214055e-08,9.898631746092151e-12
210,210,PSO,0.0006610544029960198,501,-3.1685973311421542,0.05283130457643778,-4.0911234203496855e-05,-1.1499137139923066e-09,1.460225248968694e-11
211,211,PSO,6.281363731213801e-05,501,-0.9994081274852998,0.04618222472565912,-6.166386097344821e-05,7.043484035040216e-08,-3.3466507745962264e-11
212,212,PSO,9.947165611945786e-06,403,0.42951525775398813,0.02978821439851865,-1.0141672602373783e-07,-1.8900110811012612e-08,9.90256932527231e-12
213,213,PSO,0.0013306329736573973,501,5.663670097097274,-1.0055011241706355e-05,3.703464293400695e-05,-6.2382072513673114e-09,-1.6826659708882526e-11
214,214,PSO,0.00011692236615313685,501,-3.429770554005232,0.06266439264604486,-9.64746860850322e-05,9.658731480230948e-08,-3.8495916098045367e-11
215,215,PSO,7.328082457843589e-05,501,-2.157753784005619,0.051456983963365864,-6.163577662285568e-05,5.2317205992239673e-08,-1.888136248733484e-11
216,216,PSO,0.00012519866463728824,501,1.6663421465791968,0.023471447778972476,1.7928610478297154e-06,-1.8613636405955936e-09,-4.323128359299252e-12
217,217,PSO,0.0013776206525213611,501,-4.712786855265888,0.06271717760117305,-5.658141117027922e-05,-9.466025088593048e-11,2.1280540155425054e-11
218,218,PSO,0.00016874753185221604,501,-0.6133327284000827,0.0347038504767505,-1.51963712345102e-06,-3.176976810608188e-08,2.0645088024763906e-11
219,219,PSO,3.1906607754724614e-05,501,0.7903236046073786,0.02534971132859238,1.688322108695799e-05,-4.359634482803551e-08,2.1882348304478703e-11
220,220,PSO,0.0014758012699644595,501,5.744777741201124,-1.000006803168378e-05,3.4621488815006145e-05,5.833545514695135e-11,-2.1019167316949935e-11
221,221,PSO,0.0002474349194190287,501,3.08387024295388,0.013889243672170261,2.3038236635493625e-05,-1.948037584334035e-08,-1.3507220797822305e-13
222,222,PSO,2.669976913325299e-05,501,-0.010095085135636228,0.03256897300526196,-5.688074877693023e-06,-1.4727865613085347e-08,9.010041608618832e-12
223,223,PSO,0.0008117043578262307,501,-3.655986370732399,0.05559247003018053,-4.563270042335943e-05,-6.951506878799499e-11,1.5973289227824565e-11
224,224,PSO,0.0014722163172125183,501,5.722908860045614,-1.000000479356605e-05,3.472709872564521e-05,1.0000212936320562e-11,-2.0995156397407823e-11
225,225,PSO,8.54904269270825e-05,501,0.016041045589772915,0.038492255532463424,-4.1373682613460296e-05,4.7756775649614336e-08,-2.4475405387301368e-11
226,226,PSO,0.00017561059341266268,501,-0.8997172826446941,0.037043650222729804,-9.422512782389727e-06,-2.1448196797876956e-08,1.6374192528815293e-11
227,227,PSO,0.00028170286234164573,501,1.45242708224604,0.02804043868066027,-1.729856728187021e-05,2.9305955124044514e-08,-2.1616179952033105e-11
228,228,PSO,0.0014722163007767986,501,5.7228294472403505,-1.000000000115084e-05,3.472766617875581e-05,1.0000000373573658e-11,-2.0995740458376803e-11
229,229,PSO,0.0017726608205676825,501,5.889290141055747,-0.0012793089288924112,3.4979605533873164e-05,5.810203202197677e-09,-2.6366447894762593e-11
230,230,PSO,0.0009850006602338081,501,2.4882634924822176,0.024537133903613235,-2.607446611051889e-05,6.339597743088627e-08,-4.517819224929696e-11
231,231,PSO,0.00012228795800210644,501,-1.3724282759889985,0.05074655884335699,-7.947383890698219e-05,9.680600763709656e-08,-4.642555541653372e-11
232,232,PSO,0.00019247570015447073,501,4.518118494843382,-2.9165736642949838e-05,6.928627825047991e-05,-8.18514927063828e-08,2.8949271463375432e-11
233,233,PSO,0.00026762769266216405,501,4.7375618318903046,-0.0017885380796912405,7.252727033520805e-05,-8.105782240908197e-08,2.606520002136213e-11
234,234,PSO,0.00032594781735484205,501,3.547551284442092,0.008918859951375977,3.81830604731454e-05,-3.6034351271250787e-08,5.356644727324285e-12
235,235,PSO,9.894501795348302e-06,39,0.04918864735322519,0.03406435187347394,-1.5214601965966442e-05,1.4657938315778756e-09,6.617425371025404e-13
236,236,PSO,9.793040868966666e-06,45,2.152032595376019,0.01512379395663906,4.097127325640559e-05,-6.542942918220772e-08,2.8303060624557804e-11
237,237,PSO,2.0656479857147212e-05,501,-0.01152846524977634,0.03664368278203967,-2.952885985844311e-05,2.663272803883234e-08,-1.2986446192165303e-11
238,238,PSO,0.000270378501856188,501,0.6527371644119525,0.034972202879634984,-4.046980085562975e-05,5.911268911073555e-08,-3.398194995864254e-11
239,239,PSO,7.54074731556931e-05,501,-2.958891829100467,0.06043703374905389,-9.410183904521459e-05,9.800376112801867e-08,-4.0596161608555214e-11
240,240,PSO,0.000241004090397734,501,-0.9664074855009077,0.03721079205928184,-7.032395603890463e-06,-2.8777827244360683e-08,2.135782552563557e-11
241,241,PSO,0.0008037794825970483,501,5.171259034704972,-0.0010942656605140723,5.349653951353606e-05,-3.856488330390393e-08,8.786098184034251e-13
242,242,PSO,0.0007934471195584923,501,4.318297095270026,0.008599654908966711,2.24401277395326e-05,-3.8096800705573525e-10,-1.5105309493121392e-11
243,243,PSO,0.0015687435403096807,501,5.854259931867502,0.0010639574805418113,3.0451217459165492e-05,3.2601417648704778e-09,-2.1091325540013096e-11
244,244,PSO,0.00043051374426521466,501,-2.2044383110051617,0.048109756850041346,-3.566508264681427e-05,-3.0868680844890923e-10,1.1929967934298295e-11
245,245,PSO,0.0010344343424694134,501,-3.911704546092394,0.0574667512345995,-4.836039069381527e-05,-1.992285236221753e-09,1.9133388337605822e-11
246,246,PSO,0.0002489071762824356,501,0.11976876150174168,0.0269437401266983,2.550044965855101e-05,-6.959342003058204e-08,3.883766700296288e-11
247,247,PSO,0.0005246305434894155,501,-1.8969332435690975,0.04181347646295009,-1.0629578468877121e-05,-3.512956704016887e-08,2.7847688568761653e-11
248,248,PSO,0.00024590043696379123,501,0.010032410977772063,0.04161081350913103,-5.994955866010706e-05,8.098101375384521e-08,-4.242190418442844e-11
249,249,PSO,0.00011977590486697731,501,-0.31351616096521817,0.03308542100237869,-1.5205340204799866e-08,-3.077022125614956e-08,1.9534158966616916e-11
250,250,PSO,0.0019036444572046425,501,5.580581832206984,0.0025888094506796985,2.1280986320714575e-05,2.5241827000260363e-08,-3.584526842424374e-11
251,251,PSO,0.0005855230309823124,501,3.2543271248479413,0.014726928668044963,1.2447098479216147e-05,1.5957651748431184e-09,-1.1219521260808966e-11
252,252,PSO,0.0002207023538572356,501,4.439095524686275,0.0016778693057515714,6.317896872291532e-05,-7.387803001501927e-08,2.540073171912075e-11
253,253,PSO,0.0006287654713818009,501,5.121267583321502,-6.588466323513883e-05,5.390496506654347e-05,-4.802616915146621e-08,9.468744116475445e-12
254,254,PSO,0.0005094322744181609,501,4.9103926052674485,-0.0037280278017360526,7.891977874798165e-05,-8.779952833623928e-08,2.7272060419809648e-11
255,255,PSO,0.00012197444816092449,501,4.3184334596147815,-4.392433906322713e-05,7.41732074589578e-05,-9.187894262419225e-08,3.425554999195978e-11
256,256,PSO,0.0001946786940920444,501,-1.4947755223986248,0.04227349717565848,-2.462946641355064e-05,-1.6951589521925417e-09,7.0170285069828366e-12
257,257,PSO,6.25815935857106e-05,501,-2.388976444021688,0.054250498849978436,-7.271274842808518e-05,6.913906118736082e-08,-2.737086784175318e-11
258,258,PSO,0.001377461736776833,501,5.695158317417138,-0.0001801819320330512,3.672104287395281e-05,-5.131844496898212e-09,-1.7495909742971298e-11
259,259,PSO,0.00017779741316569008,501,2.6321677459065245,0.016961391861779085,1.7024867887966807e-05,-1.555488904759096e-08,-5.82177674916287e-13
260,260,PSO,9.965289204391262e-06,54,0.015610132600567475,0.03433779366585309,-1.6287851574964324e-05,3.027778652512498e-09,1.056753212419003e-14
261,261,PSO,0.0003046482870519004,501,3.334746218661416,0.012176048475416036,2.617579640455799e-05,-2.086860595430859e-08,-3.93620932142981e-13
262,262,PSO,0.0019033399782470816,501,7.021755083914905,-0.008680345571953938,5.384412736232289e-05,-1.748333090758073e-08,-1.538253196854896e-11
263,263,PSO,5.758541682295825e-05,501,-0.8968701660032756,0.045306498561635974,-5.87727497883257e-05,6.640332585658763e-08,-3.153404572095533e-11
264,264,PSO,0.00019696528626284894,501,-1.3776925125451793,0.0424660056829221,-2.7087495590495515e-05,-3.712983032738601e-10,7.882272657519895e-12
265,265,PSO,0.002161697395929694,501,6.064373790392593,-0.0010209735425402372,2.8399629725719412e-05,2.055761693420884e-08,-3.490162172284483e-11
266,266,PSO,0.0006762890040680181,501,-1.627350854426663,0.040113411520096835,-6.1662053354988566e-06,-4.235433628028383e-08,3.2792400146751295e-11
267,267,PSO,0.002115678172225312,501,6.085001198839403,-5.114182230537481e-05,2.4502109647641027e-05,2.291082299600847e-08,-3.4395802201393146e-11
268,268,PSO,7.644011675542447e-06,55,0.01730786476609535,0.03532347282337355,-2.246752008286125e-05,1.4704909541362461e-08,-6.686429028273655e-12
269,269,PSO,0.0007351082978585986,501,5.664401095249317,-0.0055191816048505635,6.831271961442147e-05,-5.8921609847740743e-08,1.0600466328912199e-11
270,270,PSO,0.0006319492209023845,501,5.885886268508516,-0.008870673173987,8.393931294231778e-05,-8.28016449840294e-08,2.1632873238686573e-11
271,271,PSO,7.999081567129725e-06,37,1.6320220129910827,0.021240061858128417,1.891081652934489e-05,-3.451224003513892e-08,1.3622437042620203e-11
272,272,PSO,3.935974971533834e-05,501,-1.5091725230217383,0.04909279939918774,-6.548090042433721e-05,6.946054163150971e-08,-3.093909722094733e-11
273,273,PSO,0.00010473102635376152,501,4.405733065234477,-0.0011141551733657676,7.877316161405756e-05,-9.959465670266249e-08,3.8445190931164314e-11
274,274,PSO,0.00011114141548219944,501,4.321139661062024,-8.387716512986968e-05,7.478137620716185e-05,-9.379480104395711e-08,3.5663283773180683e-11
275,275,PSO,4.455356446009409e-05,501,-1.4523159671116959,0.04570362199592441,-4.6297473276392144e-05,3.6202066236124804e-08,-1.3284907875696591e-11
276,276,PSO,4.362942011364288e-05,501,-0.614057225149071,0.04244104370213496,-4.918259534649211e-05,5.366815234562031e-08,-2.5749460160313493e-11
277,277,PSO,0.00012781368307402037,501,4.590423586366974,-0.0019663962545914022,7.974242430424827e-05,-9.973667931636317e-08,3.834298937847006e-11
278,278,PSO,3.2276160938705356e-05,501,1.064989784924543,0.02768164946067526,-5.006946404543876e-06,-1.7142771830591368e-11,-2.98567967986799e-12
279,279,PSO,0.000311848427375518,501,-1.0369934548539503,0.03879465821551781,-1.2849184006727761e-05,-1.7168594854727745e-08,1.3620089415896194e-11
280,280,PSO,0.0011368929239507504,501,5.071995049229576,0.003998160747029101,2.868290348426039e-05,3.2752726295805753e-10,-1.8362558484269285e-11
281,281,PSO,0.0013597105362078996,501,5.703742143726032,-2.8744343074422e-05,3.6551013294334197e-05,-5.848406575714953e-09,-1.680604463221718e-11
282,282,PSO,0.0015148395027150994,501,5.760090048373683,-7.893571429175688e-05,3.4737896195703046e-05,9.326693417037884e-10,-2.207538159071051e-11
283,283,PSO,0.000493366987763024,501,5.030839520462845,-1.4189442886911126e-05,5.765973931213567e-05,-5.6231653150392985e-08,1.4194012326036637e-11
284,284,PSO,0.00031777900095217667,501,4.459776753336561,0.0031251143230182194,5.4760628436271904e-05,-6.055467781149896e-08,1.9039044470714556e-11
285,285,PSO,0.0008020495577969716,501,3.002418821177293,0.020588141528462174,-1.4554387652648834e-05,4.506004362044446e-08,-3.4444877428400436e-11
286,286,PSO,0.0012843116106372645,501,5.604391825964213,-1.0015502508916082e-05,3.816194917684843e-05,-8.147397031784705e-09,-1.6058866752682056e-11
287,287,PSO,0.0005651934516571961,501,-1.5932736613711924,0.03900462650119493,-1.5321468161909487e-07,-5.0019131440790346e-08,3.478965288604202e-11
288,288,PSO,0.0016273954169465216,501,5.877445134480249,-0.0012666780451714213,3.724837616480358e-05,3.6664087042022113e-10,-2.3089463498911296e-11
289,289,PSO,0.0011719228872301402,501,5.470020912749437,-0.00018981051277871557,4.1347341843070366e-05,-1.4575588310431876e-08,-1.2442333581416737e-11
290,290,PSO,6.713983332257533e-06,57,0.05433434140524254,0.033843839040009836,-1.5019567906870323e-05,2.1202686526528106e-09,2.2308340479538154e-14
291,291,PSO,9.072260838985574e-05,501,-1.1882678545131065,0.048481928535218134,-7.068680329789251e-05,8.374198027798873e-08,-3.996188094700404e-11
292,292,PSO,8.811830240330847e-05,501,-0.8432088279334473,0.04581208137507161,-6.27817105067855e-05,7.394054596424982e-08,-3.561452932598787e-11
293,293,PSO,0.00026597461046114034,501,-2.125393229848736,0.0471843424368326,-3.5944225397164034e-05,6.1481500992523625e-09,6.402082356444748e-12
294,294,PSO,7.266937235972662e-05,501,-0.010107281172084861,0.03077096156861114,4.152279650716113e-06,-3.1030195023325726e-08,1.7378092532176783e-11
295,295,PSO,0.0002341137864765003,501,5.110160734054693,-0.005209494529382314,8.399472962236307e-05,-9.838186923553823e-08,3.5407824541017216e-11
296,296,PSO,0.002941675084538814,501,8.38689414452191,-0.01658388412320605,6.414519393960087e-05,-1.322727592966627e-08,-2.3809657501704805e-11
297,297,PSO,0.0003778463392421627,501,3.6938319119029943,0.00945457516636926,3.227514450038279e-05,-2.510349706120568e-08,-1.0868020741480861e-13
298,298,PSO,0.00037307804953494466,501,2.774478176643435,0.017907856350059512,6.689021965899156e-06,6.439379439102951e-09,-1.3723427922158067e-11
299,299,PSO,0.0004946826749742243,501,-2.0623511227609357,0.044063136149668794,-1.8620060703231112e-05,-2.290876024174539e-08,2.0967303012086544e-11
0,0,DE,2.4461395169429848e-05,501,0.22970404116257873,0.030664088972269507,-3.8251634072561853e-07,-2.044308316407146e-08,1.1023855389663203e-11
1,1,DE,0.00020668313274482686,501,0.48560284484193555,0.03254370396315169,-2.447282977958213e-05,3.197704341066844e-08,-2.005473539182016e-11
2,2,DE,7.756053998577697e-06,235,0.25722373860458847,0.032646213256527834,-1.341429891055506e-05,3.4082999442921898e-09,-1.999679775635827e-12
3,3,DE,6.521810980607547e-05,501,0.031197492445831213,0.037546457457946145,-3.702157959367803e-05,4.173224170438741e-08,-2.1889218351902765e-11
4,4,DE,1.9472641976727867e-05,501,0.8557339414050604,0.027930127536228855,-2.5731816573829115e-06,-5.97547652899253e-09,5.232477309214645e-13
5,5,DE,2.5951522224006734e-05,501,0.16772170730759878,0.03277839887804038,-1.3406127339740044e-05,4.379636143850084e-09,-3.2121232698392514e-12
6,6,DE,0.00010120333482159771,501,-2.194798498700135,0.05358633973368204,-7.240908925412639e-05,6.922276685718412e-08,-2.75497905649327e-11
7,7,DE,0.00037459152094359747,501,4.9973809150211,-0.002043213536885438,6.817624984845688e-05,-7.097341081437678e-08,2.0135309651041956e-11
8,8,DE,0.00042586151098789504,501,-2.9807588536037426,0.05505733590864865,-5.673878245699518e-05,2.6427048577453324e-08,1.0627067442601468e-14
9,9,DE,9.649226432959773e-05,501,3.294666758401738,0.004485108407427971,7.183056662994305e-05,-9.865851210516825e-08,3.993764792582385e-11
10,10,DE,6.844673514903196e-05,501,1.1160360126556432,0.021559240080653096,3.0479530001143254e-05,-6.187128833579234e-08,3.021236314183201e-11
11,11,DE,2.4036465930764384e-05,501,0.2572980640911733,0.03031777018120551,-1.8178862926514518e-08,-1.9586295114216052e-08,1.0130176405140963e-11
12,12,DE,0.00028365396305789697,501,3.0301702020912513,0.01195339673834377,3.385524127470159e-05,-3.4180213908021765e-08,5.524028206850504e-12
13,13,DE,0.00014356541249399823,501,1.0169755621728518,0.026144016593830127,4.985957847940808e-07,-7.082922674375865e-09,3.353325108330847e-13
14,14,DE,0.00026689011955220065,501,-2.672128832556906,0.05204974570714867,-5.38949205670473e-05,3.6329369827701626e-08,-1.0800480323321333e-11
15,15,DE,3.239589438633918e-05,501,-0.010057869138849535,0.034837987061544146,-2.150203207117767e-05,1.6342240192741912e-08,-8.988979346743757e-12
16,16,DE,0.00015457614991879295,501,1.4041813287043148,0.025207596360056914,-6.198805269726366e-07,8.496177905230583e-10,-6.773120986436874e-12
17,17,DE,3.654235950745491e-05,501,-0.25290705885080383,0.034997623254697754,-1.5713468479892253e-05,2.300014303747619e-09,-5.779897331792612e-13
18,18,DE,0.0003525831316962582,501,-3.5728952141707544,0.06328741474610264,-9.533353922880987e-05,8.774700197878096e-08,-3.075964492023566e-11
19,19,DE,0.00012279296596607017,501,0.4533416379903126,0.02756367778142594,9.312356987551277e-06,-2.928451372508782e-08,1.295005128723902e-11
20,20,DE,1.2659151540758974e-05,501,0.4657530610010809,0.03087804562710295,-9.223921547713663e-06,1.6183721977409775e-10,-1.53144892190492e-12
21,21,DE,9.612575303081618e-06,311,0.18715015269932017,0.03322324506262163,-1.3636635302213173e-05,1.1008268898453495e-09,1.018523295825852e-13
22,22,DE,3.169789757249961e-05,501,0.3980397785117077,0.030648123900807105,-3.6695250111070298e-06,-1.3739267918344023e-08,7.6757221014775e-12
23,23,DE,0.00019237105498401354,501,1.1721007511925747,0.024701457108713895,1.277117648950975e-05,-3.0114859060799396e-08,1.1794742138377467e-11
24,24,DE,4.9145704802017046e-05,501,0.2469877601368975,0.03456548943367507,-2.4037182080776428e-05,2.2206981185578975e-08,-1.2351625979650696e-11
25,25,DE,2.5520588515500045e-05,501,0.8838095507432391,0.026797888936837877,2.8320522211077144e-06,-1.3796714732136908e-08,3.997911642329497e-12
26,26,DE,0.00022537746870608197,501,4.225702600059663,0.003000484257456327,6.330417556098477e-05,-8.170598044756008e-08,3.237307340361998e-11
27,27,DE,8.354882060146968e-05,501,-0.2882836494753787,0.040085294934053946,-4.226943192428153e-05,4.335852749598897e-08,-1.978571690440843e-11
28,28,DE,6.8632990800152e-05,501,1.4236354936075495,0.025420280361844495,-1.3394122190058198e-07,-6.072130839897026e-09,3.895083019781824e-13
29,29,DE,5.589649220009765e-06,427,0.15026174495609124,0.03287625876652485,-1.203736733012986e-05,-7.187211950518375e-10,7.097911011761566e-13
30,30,DE,0.00024259657648201778,501,1.8702155949734571,0.022322972843099958,9.307202001366718e-07,5.669493515474427e-09,-1.0460768509098059e-11
31,31,DE,0.0002644177678553936,501,1.1988890872333746,0.022231237991254132,3.1000015845713245e-05,-7.097669490532782e-08,3.848152655541421e-11
32,32,DE,6.221050264129026e-05,501,-0.03246409399523,0.032339132178736504,-3.544005476258715e-06,-1.756078501803187e-08,9.710722761755392e-12
33,33,DE,5.929102322011982e-05,501,0.9130817366415338,0.024286486913085648,2.0348679967581002e-05,-4.73052791785319e-08,2.3116962436588707e-11
34,34,DE,8.394330220258384e-06,297,-0.15841221380906334,0.03597514489060239,-2.2139724692628067e-05,1.172030553330719e-08,-4.370685943924956e-12
35,35,DE,0.00024065795516469698,501,0.07450279396471256,0.03929067586913004,-4.9583834106523356e-05,6.258505713423577e-08,-3.166105892470329e-11
36,36,DE,0.00012082097549584498,501,-1.521660722417837,0.05045945182616908,-7.56100398511527e-05,9.066095646374999e-08,-4.3841821847818076e-11
37,37,DE,8.063570273421454e-06,232,0.2593617168444258,0.03271615727753491,-1.2640644861433867e-05,5.509564790323849e-10,5.354977642261988e-14
38,38,DE,0.0006645215080089209,501,1.4109556177347622,0.03047927151105577,-3.523366814335277e-05,6.590030689336137e-08,-4.312738521465968e-11
39,39,DE,4.00062999120427e-06,253,0.7493482091697065,0.02815093984283373,2.1036023466506567e-07,-1.42787778935451e-08,6.193664772974944e-12
40,40,DE,0.00010416961632357511,501,-0.7273661046908285,0.04122270381449958,-3.6054234999040935e-05,2.497650260999504e-08,-8.698549954814323e-12
41,41,DE,7.695030030750353e-05,501,-2.5981726453458984,0.058293559898020354,-8.945365921329964e-05,9.328183648263322e-08,-3.8791226494432625e-11
42,42,DE,7.67189289374092e-06,421,0.1878691296492896,0.03290922926414959,-1.3241906457209395e-05,1.2287370114116813e-09,-1.7395528108887373e-13
43,43,DE,8.17949801034054e-05,501,0.08995287047759255,0.032204479549368774,-9.973080923952802e-06,-1.0130459319186629e-11,-1.7423527220021116e-12
44,44,DE,6.205218189075251e-05,501,-2.1634024169024935,0.05309793380893456,-7.125401459967277e-05,6.840459365902115e-08,-2.705328748357235e-11
45,45,DE,0.0001115129511483585,501,-0.6916855299997728,0.039613455602254155,-3.037875770492189e-05,2.229072957720542e-08,-1.0469949163497987e-11
46,46,DE,2.703667921577294e-05,501,-0.3883729849683425,0.03605928170456861,-1.7351931090531915e-05,9.726031277382593e-10,1.838733385205196e-12
47,47,DE,0.0001407547745794108,501,1.0349304894503417,0.027104725887951937,-5.4163031437438815e-06,5.75893513580857e-09,-8.253764015595641e-12
48,48,DE,4.673205789780169e-05,501,-0.6163891863329742,0.037988959088194205,-2.1541596292890996e-05,3.0550176723550095e-09,2.4283972927114645e-12
49,49,DE,7.39436872364707e-05,501,0.13055731417838,0.03603842425116248,-3.0127977022595075e-05,3.056995907805818e-08,-1.567148792214253e-11
50,50,DE,9.666721409556904e-06,470,-0.011908398594008655,0.03461192161695084,-1.9071116333782882e-05,1.0069359558512784e-08,-4.714115360979198e-12
51,51,DE,0.00014380453368330247,501,-3.481788691992273,0.06384409440045671,-9.992282155438784e-05,9.92673529085985e-08,-3.8480156422438003e-11
52,52,DE,8.110984990979505e-05,501,-0.7525516524987382,0.04354748757296613,-4.940561838130434e-05,5.0379740275757083e-08,-2.3015939865929168e-11
53,53,DE,8.650293688645892e-05,501,0.4483458992128303,0.02907845237781602,6.149043481897821e-06,-3.3703294473041195e-08,1.957471333328697e-11
54,54,DE,5.29972139945075e-05,501,0.7775754934100221,0.029971610347336156,-7.467768048753159e-06,-4.545256374222701e-09,2.2655510190350103e-12
55,55,DE,4.0784270560646676e-05,501,1.143140750915403,0.02748158055991995,-5.133054953850016e-06,-5.013732323517439e-10,-2.1081635365300853e-12
56,56,DE,3.994730612915562e-06,493,0.4157721180369255,0.03057934294977772,-5.496249356392409e-06,-8.518711474685369e-09,4.060647164284105e-12
57,57,DE,0.00011761361855667654,501,0.5994087880830066,0.03134601936316148,-1.8188774900935817e-05,2.118384621514939e-08,-1.4463842676475104e-11
58,58,DE,0.00040244605244155705,501,3.5132098255636395,0.01238247255717468,2.7061645635106478e-05,-2.626824746334983e-08,3.6542095979586946e-12
59,59,DE,2.4208359892788256e-05,501,-0.1809766229161819,0.034525763972789385,-1.3542925155215478e-05,-1.896162540151935e-09,2.067615137712503e-12
60,60,DE,2.662448662858326e-05,501,1.2012263509393786,0.02619525487656915,-5.598936560748543e-08,-6.589806111107357e-09,-1.9760658597510412e-14
61,61,DE,0.00017291196586317258,501,1.8195905121502118,0.01727585987369675,4.0629987812554295e-05,-7.115012058757313e-08,3.2174039310520916e-11
62,62,DE,0.0002667692160114397,501,0.5428604726340767,0.023948900634505416,2.7022707726892973e-05,-6.039130239656326e-08,3.0752567906480194e-11
63,63,DE,1.4411613818431392e-05,501,0.7226232361308605,0.0283410726108415,1.9015294916390318e-06,-1.9931915699319042e-08,1.0094863028526897e-11
64,64,DE,9.203071420168553e-05,501,1.0227458251182635,0.02189727902388401,3.079019914068616e-05,-6.292140009918341e-08,3.0260343317550836e-11
65,65,DE,1.9652806829988505e-05,501,2.108036563023932,0.016734668136221244,3.488311589836357e-05,-5.7506172468815955e-08,2.4900860466593175e-11
66,66,DE,4.135672673946674e-05,501,1.0039663367894658,0.027463763035306416,-1.1082885130606086e-06,-1.0900133365959446e-08,4.658917001855207e-12
67,67,DE,3.393258445102301e-05,501,0.9883446590400877,0.027862102340660735,-4.752475192586619e-06,-1.0522759060658055e-09,-2.4741104679731307e-12
68,68,DE,3.604753875562962e-05,501,0.9957939794786675,0.027982260281512655,-4.772110746283935e-06,-3.272408721612986e-09,1.2311251376955576e-14
69,69,DE,8.950830531752241e-05,501,0.32477861547504394,0.030035613229358965,-3.4813065215732764e-06,-8.23338749424694e-09,2.2409261145863854e-12
70,70,DE,4.79093444661667e-05,501,-0.6417987919405098,0.0378369503501762,-2.0862036278110135e-05,4.1865531978667065e-09,3.809394250381569e-13
71,71,DE,2.8551652226720947e-05,501,0.3130055734773844,0.029938056458691263,2.39004167067799e-06,-2.5299328560890864e-08,1.384959409735197e-11
72,72,DE,6.1001569274211044e-05,501,0.9188931931315382,0.028621441858739553,-6.114844666410222e-06,-3.1341241151568555e-09,9.307510319729056e-13
73,73,DE,0.00012958498558565427,501,-0.6016784996286412,0.0415000184470574,-4.005701280748706e-05,3.5314742235985086e-08,-1.515174771656732e-11
74,74,DE,2.7039857111642538e-05,501,1.0911001518545191,0.025534323894060393,5.432385325165572e-06,-1.7138901777227914e-08,5.872278708157169e-12
75,75,DE,4.826498014746356e-05,501,1.1784722413124276,0.02614087482249645,-2.1978724215785448e-07,-6.047725941728261e-09,-9.875280461768798e-14
76,76,DE,5.728089871214555e-05,501,0.8323659159756026,0.02753007661393316,-5.664257568535236e-07,-7.236813046817829e-09,-7.080537402026008e-14
77,77,DE,9.89072776470702e-06,403,0.323331383710183,0.03180321242283825,-1.0659850411065344e-05,1.2756965560968607e-11,-5.397516481077341e-13
78,78,DE,8.187962753760896e-05,501,2.4506977384779063,0.015294278745312181,3.643875310456162e-05,-5.8658698278330936e-08,2.561395631719263e-11
79,79,DE,5.9047058695192037e-05,501,-1.886156613935269,0.049445266433955457,-5.8180414182034165e-05,5.124611740735132e-08,-1.967952716786491e-11
80,80,DE,3.950843474711735e-05,501,0.906255380368742,0.027219136096223572,-6.635129392932424e-07,-6.876290962078834e-09,5.830872413007908e-14
81,81,DE,8.759202508599024e-06,293,0.12194225773729905,0.03362453473495661,-1.4783216230446218e-05,2.408866176287281e-09,-3.0296924190926054e-13
82,82,DE,0.0001587848348392623,501,1.2480400706718102,0.020176848183989567,3.081133334224571e-05,-5.361477452791079e-08,2.204598393195855e-11
83,83,DE,7.369449556300067e-05,501,-0.20283256052076623,0.035441405022192535,-1.4624340913555714e-05,-4.36456605693282e-09,4.7364148917080035e-12
84,84,DE,2.1713916319845017e-05,501,0.9249195579723305,0.024925261573117894,1.3113640982668493e-05,-3.1925951163848e-08,1.3990464909283405e-11
85,85,DE,6.950467723005783e-06,336,0.7510842672689753,0.028304350555815785,-5.694509677261966e-08,-1.4796309339631279e-08,6.892922902542007e-12
86,86,DE,1.8830714020447898e-05,501,0.289336260852053,0.033207336636606036,-1.603605058511112e-05,5.3809602018812544e-09,-1.7842512341829642e-12
87,87,DE,1.623315629967228e-05,501,0.644308873785487,0.028138276847785824,2.3388729410058028e-06,-1.8820183955804813e-08,8.890598527145068e-12
88,88,DE,7.524733411114188e-05,501,-1.6024620062076838,0.049071410090178735,-5.92670726887391e-05,5.258833796887412e-08,-1.9657328619719794e-11
89,89,DE,0.00014111488831871274,501,-0.755126408171953,0.03764905874896088,-1.976503137241483e-05,5.400100683696995e-09,-1.8777319491375356e-12
90,90,DE,7.796914842454268e-06,64,1.0888650401371973,0.023833346288209815,1.6620500910668813e-05,-3.7114820475621924e-08,1.6645853249866447e-11
91,91,DE,0.0001461888503406397,501,0.7623870562418125,0.023374826768816574,2.6448222487781204e-05,-5.6450900906264454e-08,2.7344187737061973e-11
92,92,DE,6.453995846257824e-05,501,2.557221536483202,0.00986286526838994,6.333883634851607e-05,-9.993903708261763e-08,4.53644604704876e-11
93,93,DE,9.491862561474398e-05,501,1.7808692075779389,0.022358564330841456,6.589752897203967e-06,-8.134378162911657e-09,-2.1720694845636318e-12
94,94,DE,5.179009125846252e-05,501,1.0840935628944495,0.02353286478105656,1.7542347403423807e-05,-3.607446007214846e-08,1.4698110417529753e-11
95,95,DE,2.3330078421277283e-05,501,1.4383539260083311,0.022878860296958504,1.5914170913066242e-05,-3.4813357593838904e-08,1.5665296813260825e-11
96,96,DE,4.0693563429464513e-05,501,1.6400519146012038,0.022985811581528216,9.013929551064448e-06,-1.810124359751206e-08,5.184868350224772e-12
97,97,DE,3.580507584558336e-05,501,2.82781495265014,0.009318473738404762,5.641911879891881e-05,-8.074602736148626e-08,3.3114380488379826e-11
98,98,DE,3.8024560342803354e-05,501,1.8271964287214455,0.017006342192829794,3.628747188118655e-05,-5.8976629905600164e-08,2.4723441913320806e-11
99,99,DE,7.235709456648227e-06,496,0.05158260370282869,0.03352779207453038,-1.3979771305300041e-05,1.6743032796972476e-09,-3.3345438452824285e-13
100,100,DE,2.8435624441587096e-05,501,0.2858021790376653,0.033056297563774976,-1.4217586565884798e-05,1.722327292316626e-09,7.379360159153121e-14
101,101,DE,0.00016628234300444737,501,2.2009328462317024,0.020224164170248818,1.1367523222793157e-05,-1.7260856784657115e-08,4.45269293783982e-12
102,102,DE,6.790777985795858e-05,501,2.518378966082834,0.015377054793857464,2.917436458726519e-05,-3.890361487181666e-08,1.2669435876444834e-11
103,103,DE,0.00043763221723602005,501,5.007071691375106,-0.0029070587853163975,7.08962239418784e-05,-7.241806029208095e-08,1.940418307372073e-11
104,104,DE,0.0002347888503565184,501,0.32272882760795774,0.037401275259792546,-4.573106138632849e-05,6.169493731243121e-08,-3.315235973590569e-11
105,105,DE,4.7040155356574194e-05,501,0.5892249066803993,0.028713108683470757,4.350861940965073e-06,-2.6850899238430945e-08,1.4568657076496288e-11
106,106,DE,0.00016306721092528367,501,3.9126294469026117,0.004872979267590003,5.606925803191071e-05,-6.633355333867036e-08,2.226240958403266e-11
107,107,DE,0.0001801439899931641,501,-0.20889505144161485,0.042248418357532465,-5.409689584416671e-05,6.238641952539587e-08,-2.9516704228776414e-11
108,108,DE,0.00037234383436893047,501,-0.9775590881675411,0.04461040473149032,-5.8404983341491776e-05,7.483695318496662e-08,-4.0456753702559883e-11
109,109,DE,5.268281987675812e-05,501,0.06532716944251576,0.03246460544234909,-8.327424807300827e-06,-6.3188122287090914e-09,2.7096643974550683e-12
110,110,DE,4.655472035485091e-06,190,0.30812214333007804,0.032032909050727795,-1.1371080216224291e-05,-7.883500370622018e-11,8.384105087318085e-14
111,111,DE,2.111149534856669e-05,501,0.7528026833586714,0.02909540872366799,-6.33292300183052e-06,-6.581420882549962e-10,-2.15262627975711e-12
112,112,DE,1.8755117281833312e-05,501,0.019115029083057934,0.03543084236583826,-2.2742571674387035e-05,1.3832563781067927e-08,-5.4800628075097005e-12
113,113,DE,0.00011453646656283912,501,2.63261616515614,0.012304942974359986,4.144657732234452e-05,-5.414214469414408e-08,1.8441222312478056e-11
114,114,DE,0.00013292765428028666,501,2.3117943732263786,0.019401953748374435,1.1827384889975303e-05,-1.2595188366012606e-08,-2.961344107871383e-13
115,115,DE,3.9585967468122726e-05,501,-0.010025440750308324,0.034929769643055976,-1.693452110976213e-05,1.4038298880738142e-09,1.75055561686961e-12
116,116,DE,6.233508815429602e-05,501,-0.32284806522704307,0.03952381266131975,-3.7366315403143084e-05,3.313975814628816e-08,-1.3804366989863864e-11
117,117,DE,3.341876871977425e-05,501,2.1485642047942317,0.017193734009146297,2.91717367647095e-05,-4.4198438610330944e-08,1.6374234234399836e-11
118,118,DE,0.00013355534689919805,501,2.872344625638285,0.013501812712159496,3.602528089484971e-05,-5.196180378828614e-08,2.048592850054626e-11
119,119,DE,6.976430791989751e-06,474,0.17678236210412673,0.032618876106654496,-1.0306712317919068e-05,-4.7697919282435804e-09,3.3669669758602828e-12
120,120,DE,2.2883204169795604e-05,501,1.0182537208873872,0.02485111552281318,1.2893947844083674e-05,-3.343938469980482e-08,1.601974906617064e-11
121,121,DE,0.0002303179634120778,501,3.720969950048149,0.0029179675846460547,6.65868902162963e-05,-8.116677297833443e-08,2.8570731248510356e-11
122,122,DE,0.0001570911287823953,501,3.1981758503344473,0.009199514380626762,4.773221813786245e-05,-6.35654624186411e-08,2.4772474053487607e-11
123,123,DE,0.00018647455957594578,501,-0.17591322567519035,0.033977291919303404,-5.3495519927782606e-06,-2.1978985444816123e-08,1.4536764319395483e-11
124,124,DE,0.0002684208440907668,501,2.413597532778496,0.013111846253689843,4.473867965939046e-05,-7.132788999153654e-08,3.2890449054356645e-11
125,125,DE,9.266414243716477e-05,501,2.904720578301683,0.009393178446608367,5.358376672496518e-05,-7.2787424590635e-08,2.771749182948143e-11
126,126,DE,7.753556985985743e-05,501,-2.309047862569897,0.05666439698518408,-8.801028137059943e-05,9.496615941850971e-08,-4.0566794689877904e-11
127,127,DE,5.4687629264691664e-05,501,-0.019676567006408498,0.03784508177033587,-3.4990425676168104e-05,3.495006443025084e-08,-1.7183552530239783e-11
128,128,DE,4.510211062405836e-05,501,0.5593657173947177,0.027882083221697773,7.516277880746721e-06,-2.8586805844233752e-08,1.3704882530314746e-11
129,129,DE,3.9080251791557675e-05,501,2.6101745503285567,0.010339691530661728,5.894277179624546e-05,-9.276722558427524e-08,4.2409458941725155e-11
130,130,DE,2.075242541386369e-05,501,0.3266216541880661,0.030003535979282035,1.0141042876810956e-08,-1.9703958042798565e-08,1.0463128148766027e-11
131,131,DE,6.430900848951608e-05,501,0.153016454365417,0.03330033444135389,-1.7305611738235427e-05,1.2790702353406029e-08,-8.37399361883278e-12
132,132,DE,2.6168315229740197e-05,501,0.3232653174394006,0.03332036387889637,-1.9594955240024527e-05,1.4178238717195663e-08,-7.34121374402964e-12
133,133,DE,6.664136103576486e-05,501,-2.125486418244619,0.054804013475987436,-8.079097977874662e-05,8.458229013432983e-08,-3.5660346495179514e-11
134,134,DE,0.00010669719842388823,501,4.398036974577278,-0.0009374336430161422,7.820734738031531e-05,-9.956629359037639e-08,3.882558139925922e-11
135,135,DE,4.300817309534563e-05,501,0.9655224536065483,0.024126236146052717,1.8543414674155103e-05,-4.431995096954535e-08,2.20315068786838e-11
136,136,DE,0.00017383184164003284,501,-1.1037770794032995,0.04149996595767959,-2.6707439256538153e-05,4.657876244026698e-09,2.7626047359130745e-12
137,137,DE,0.000134619544168363,501,0.22393919843819263,0.029589458239096783,4.254780578749989e-06,-2.505824385703683e-08,1.1480161201401287e-11
138,138,DE,3.3489724002050346e-05,501,-0.46481248759746785,0.03992597573129403,-3.782063008936144e-05,3.59665783761711e-08,-1.6748803788903102e-11
139,139,DE,8.093083751993647e-05,501,0.6734180001266676,0.026581199967385116,1.3842972217053065e-05,-4.1719266556382515e-08,2.2313227693191054e-11
140,140,DE,0.00010514273642913641,501,0.7693106955661926,0.028007905265339375,5.760463114299321e-06,-2.8471329972828225e-08,1.49879186110285e-11
141,141,DE,4.069078860269308e-05,501,3.135480976715583,0.00696433811853959,6.283350926577293e-05,-8.92581999458138e-08,3.7398572686891153e-11
142,142,DE,0.0011220245592402265,501,5.712519957656488,-0.00030532495305527797,4.566358731142584e-05,-3.080499095520089e-08,-1.021717485452131e-14
143,143,DE,2.6370073585560266e-05,501,0.10027054151860171,0.03553660466734631,-2.517732065269826e-05,1.951926473152232e-08,-9.242265447452217e-12
144,144,DE,0.00037305271760202356,501,3.555714629573943,0.011635776721350464,3.0383090933789382e-05,-3.4654467509092676e-08,1.0082858936794362e-11
145,145,DE,1.973586956916087e-05,501,-0.35093894067404646,0.03790103516009373,-2.8936706977321336e-05,2.194108981410579e-08,-9.57617749465357e-12
146,146,DE,3.608008679781894e-05,501,0.6602581467094963,0.028232509322341157,3.270066938354845e-06,-2.2723648105597992e-08,1.2026908014775623e-11
147,147,DE,0.00020307655529976876,501,1.985795759929806,0.020013815254161023,1.2916125693157007e-05,-1.3085859399629715e-08,-1.2364524974003986e-12
148,148,DE,9.209538011407793e-06,346,0.1699573830956292,0.03282040981972506,-1.224566165234091e-05,5.4253637780380064e-11,-1.0306368805097191e-14
149,149,DE,0.0002603491931242278,501,1.0522994916731878,0.025023929196330917,1.0667276058032683e-05,-2.6424190434406677e-08,9.702026486015051e-12
150,150,DE,0.00013414292322865844,501,4.082981294445976,0.0019984629613921676,6.745705134975189e-05,-8.343899204936075e-08,3.0575102285564425e-11
151,151,DE,2.9646463406871572e-05,501,2.0321676911384503,0.016036963427885166,4.073957962556795e-05,-6.856336103195153e-08,3.08404345099728e-11
152,152,DE,9.796959821425604e-05,501,-1.130281408743646,0.04808616903988757,-6.928227952754573e-05,8.03210517220179e-08,-3.740216239047228e-11
153,153,DE,4.7060463146518756e-05,501,-0.18441509030991418,0.03408847442617686,-1.1253987860628282e-05,-6.980912053380398e-09,5.689565720970163e-12
154,154,DE,6.851248835630771e-05,501,-1.3722104206879804,0.043534614453512074,-3.646588014887019e-05,2.1054743338758165e-08,-5.663026495504909e-12
155,155,DE,4.589119196522682e-05,501,2.283911921420427,0.016148217076567547,3.359394793178084e-05,-5.426747826162142e-08,2.3578415772862192e-11
156,156,DE,5.2244684727937595e-05,501,-1.4505105701681233,0.04806898515330971,-6.0392744653610964e-05,5.950491126029276e-08,-2.4834141454461115e-11
157,157,DE,0.0001422903303253685,501,-1.0001202907667652,0.042929606024873244,-3.758552506946084e-05,2.0695863936772827e-08,-3.528690623105813e-12
158,158,DE,0.00020735825412329778,501,-2.5709346443466634,0.0520367797432994,-5.5002382616227594e-05,3.474047677649146e-08,-7.692253442978429e-12
159,159,DE,1.9705653555111453e-05,501,1.2530886958658471,0.024013492416688563,1.1329953230211928e-05,-2.661873827223383e-08,1.1219749431112892e-11
160,160,DE,7.059511153237784e-05,501,3.6761329952065673,0.004114150905253504,6.665228714520778e-05,-8.988304194050968e-08,3.6706834674948267e-11
161,161,DE,0.00010716578718393337,501,-0.010010126761104916,0.030452104174364714,4.347381834665446e-06,-3.069636334912594e-08,1.719270834270695e-11
162,162,DE,0.00048429569554961897,501,0.5794354866943057,0.03289354176246892,-2.7358879066284112e-05,3.276139213510739e-08,-1.731972993018926e-11
163,163,DE,0.00026679708761768827,501,2.5782411654305286,0.013880495146155816,3.126712988022747e-05,-3.473604611560051e-08,7.08718437282798e-12
164,164,DE,8.873370772102202e-05,501,1.3990461966743248,0.023703969347170298,1.3741707238532718e-05,-3.290049548087399e-08,1.4903046476567226e-11
165,165,DE,5.872490346324979e-05,501,1.243161901382301,0.026333479427189145,-1.0030879745124011e-08,-6.969897034513536e-09,3.5138968795783304e-14
166,166,DE,9.448302496347515e-06,446,0.2667287035495715,0.032100548448633304,-1.1433889864298419e-05,9.218755759720206e-10,-9.499343501746709e-13
167,167,DE,8.802892761438472e-06,154,0.6440372813381448,0.028580316720443772,2.180411648101203e-08,-1.394461655980076e-08,5.493233971085611e-12
168,168,DE,1.9961741508820993e-05,501,-0.060705716314068556,0.034097982383425256,-1.3611309367275164e-05,-7.352652071083126e-10,1.1156060175208381e-12
169,169,DE,4.270008099319619e-05,501,1.6456670198132302,0.0189517040429413,3.275292259635222e-05,-6.094932579000213e-08,2.9152799914869025e-11
170,170,DE,0.0001266262381312019,501,1.8941195988352733,0.015591001392189776,4.067402241675362e-05,-6.193457110785879e-08,2.4517548023099516e-11
171,171,DE,0.00010725186676310306,501,-1.3703720918184976,0.045210881470870934,-4.2175182129406454e-05,2.5389416348946846e-08,-5.636473756583052e-12
172,172,DE,8.278023638631467e-06,220,0.3272945240822971,0.030957702600215346,-5.603290535637687e-06,-8.862872036538315e-09,4.052795003183819e-12
173,173,DE,1.4606711687918603e-05,501,-0.23487138810001076,0.03720744360664695,-2.837241277142667e-05,2.309483592590257e-08,-1.08549904896277e-11
174,174,DE,5.8776625337860705e-05,501,1.1223978160972075,0.026389835602512658,1.033945245800594e-06,-8.12264450712278e-09,5.943909055799363e-14
175,175,DE,0.001026603593122921,501,4.268244049309261,-0.0013650863350603106,7.099329739188587e-05,-7.086103795326884e-08,1.7212436494208113e-11
176,176,DE,0.0002658710019160215,501,-1.0821163258005113,0.0398499349862535,-2.11127268550062e-05,-5.219615824224107e-09,9.672658217830017e-12
177,177,DE,0.00019315798815436626,501,0.21409150913916908,0.02815104778957127,1.5316424995535174e-05,-5.0135542914735026e-08,2.7654004695313425e-11
178,178,DE,0.00016770494000583448,501,2.54056903139149,0.010702548306520326,5.603743491541118e-05,-8.359927337173344e-08,3.473261035423299e-11
179,179,DE,0.00011821370627673141,501,-1.9814757730238919,0.049130629389618895,-5.584650494313621e-05,4.832681806261442e-08,-1.8968511452593203e-11
180,180,DE,7.377167617177066e-05,501,-0.048706895784711504,0.037103222881742254,-2.8307859182164097e-05,1.928368987338139e-08,-6.90012468628057e-12
181,181,DE,7.338218796253976e-05,501,-0.5947020816563836,0.0367766099911384,-1.8737549429698427e-05,3.0944335900824415e-09,4.472871028624022e-13
182,182,DE,8.895323330417181e-05,501,1.618846327514842,0.02425696838260121,1.3925953929659506e-08,-8.146802099101802e-10,-4.4482279094805516e-12
183,183,DE,0.0002392959276433406,501,4.445445545579068,-1.0000014548227905e-05,7.168870432637238e-05,-9.034859912185004e-08,3.556102016207276e-11
184,184,DE,8.54088109384627e-05,501,-1.2012972722610331,0.042128609713863785,-3.1054081945322846e-05,1.1397397323873397e-08,3.688024770952224e-14
185,185,DE,0.00037466309063123663,501,-1.2646760661714183,0.03931503358412633,-1.7686094992228466e-05,-2.4839073835807067e-09,2.819657477988511e-12
186,186,DE,0.00020495231684793596,501,-1.5164879618046823,0.05136049965724978,-7.537881542616987e-05,8.072196794026187e-08,-3.4580681119296535e-11
187,187,DE,0.00012152739514814218,501,0.22224297356108547,0.030302797792676573,-2.4030885214383604e-06,-1.0808798128581384e-08,3.0998013864741068e-12
188,188,DE,9.284962491971574e-05,501,-0.891215417055863,0.041213255644847714,-3.184817909198497e-05,1.4744265614003013e-08,-1.659759588124474e-12
189,189,DE,3.2200585382874596e-05,501,1.0540912153015805,0.027361093877763885,-3.6520008331465595e-06,-1.6867727957831946e-09,-2.4642492656930328e-12
190,190,DE,0.0001004990600257895,501,1.7783711880202338,0.02023504837777658,1.900348599739306e-05,-3.296423715738187e-08,1.3271691716606178e-11
191,191,DE,4.4873492676779015e-05,501,-0.6608631172395353,0.03994153229891808,-3.15587121083779e-05,2.1746917710276907e-08,-8.768364984718244e-12
192,192,DE,5.1201679670083804e-05,501,-0.48594305427571427,0.04134344515167125,-4.3983832651437513e-05,4.2955988772900346e-08,-1.8871710094266126e-11
193,193,DE,5.8876880723199425e-06,409,0.3621820211415136,0.031671712810421346,-1.0018518636840959e-05,-2.152829935144448e-09,1.0066734222119843e-12
194,194,DE,5.039608052413655e-05,501,0.3476858107117471,0.02946846402514671,3.4991806195490207e-07,-1.6010152818032387e-08,6.606829485817216e-12
195,195,DE,0.00010650781852913378,501,0.9700609972837119,0.023493725376982324,2.597528335468813e-05,-6.038813823005875e-08,3.1619933311302525e-11
196,196,DE,3.8672256842587493e-05,501,0.7992274729761241,0.028784906852871335,-5.920480266268786e-06,9.691390239960586e-11,-3.2166877947265685e-12
197,197,DE,0.00010052070654298209,501,1.392518275254917,0.017717489970939103,4.475596186139601e-05,-8.189038801283016e-08,3.9551388806021354e-11
198,198,DE,7.033225030998264e-05,501,1.4862816950258664,0.02018698230137602,2.802496846494959e-05,-4.9399112727416106e-08,2.053875798782009e-11
199,199,DE,0.00011243800892127672,501,-0.7705616294372314,0.042432165051963594,-4.239571985499236e-05,3.487819883256749e-08,-1.3366129706461227e-11
200,200,DE,0.0004464000272117411,501,-1.586343797138303,0.046192902516088055,-3.758391369716385e-05,7.58872226638757e-09,7.491535572292208e-12
201,201,DE,0.0008771517373874339,501,-1.99143743235197,0.03858202070553492,8.850891643406956e-06,-6.6040434531737e-08,4.242977406692373e-11
202,202,DE,5.60705127513892e-05,501,0.5710861763344558,0.027738389615699265,6.832315644946871e-06,-2.875943398223664e-08,1.5126887323356262e-11
203,203,DE,6.891597681264629e-06,386,0.36299093392401444,0.03203147536866425,-1.2334097713708084e-05,2.8302627715627537e-09,-2.0687010083235785e-12
204,204,DE,6.020007673230979e-05,501,2.780756422175975,0.011123850224776653,4.6496233513844366e-05,-6.339160868077602e-08,2.3911344876600785e-11
205,205,DE,5.7921314668607966e-05,501,0.7877832975429024,0.028526353845688864,-5.260040669164365e-06,1.163158697576731e-10,-3.71153398267606e-12
206,206,DE,2.0227317421923064e-05,501,0.9984203951413698,0.02484734281005601,1.5252373616047346e-05,-3.908035795469998e-08,1.918973168945328e-11
207,207,DE,6.741529830979424e-05,501,-0.974404738511089,0.04105877970834765,-2.9252441225641337e-05,1.0428069534972931e-08,1.0069221453683117e-14
208,208,DE,6.7737211418698024e-06,464,0.8472366638814888,0.028241243933750514,-1.9980392458067745e-06,-9.189278062952825e-09,3.0163703903363682e-12
209,209,DE,8.131819033336078e-05,501,0.6898310746318059,0.02829047075280728,3.130144064816559e-06,-2.460096742649412e-08,1.399577082101722e-11
210,210,DE,6.895902252662369e-05,501,2.8793351448867934,0.01017458743070183,4.993102131317136e-05,-6.777303260189864e-08,2.5397677095617246e-11
211,211,DE,5.378661488737798e-05,501,1.1266687919267238,0.026992690413907276,2.468271676851997e-07,-1.1629821775848033e-08,3.9890584572351855e-12
212,212,DE,0.00040569967214342163,501,0.013649490580499515,0.027935548468271256,2.5046397087711075e-05,-7.46966423386175e-08,4.402779491669773e-11
213,213,DE,0.0005759653678844811,501,3.7820172689388336,0.010471849960753295,2.3689866111573567e-05,-1.1272802720844681e-08,-6.086142522037959e-12
214,214,DE,0.00014867310622600108,501,0.14497291698914871,0.0382512439917332,-4.4378449925661135e-05,5.5372267961866564e-08,-2.8689696976521234e-11
215,215,DE,0.00043094830917742147,501,-0.8198536121341384,0.034220976853799545,9.18336523927094e-06,-5.4718863307427095e-08,3.388638448102628e-11
216,216,DE,6.524837725026959e-06,426,0.5609570953195142,0.03071295061890563,-9.748646268858465e-06,4.0922413949793543e-10,-1.0138490310213334e-12
217,217,DE,0.00045284635129949375,501,-1.5582812731609992,0.04788257352060525,-6.257228794838025e-05,7.489100356845865e-08,-3.8742703685845395e-11
218,218,DE,1.587204487572045e-05,501,0.47617173278376435,0.03144241010889666,-1.1270228366450254e-05,6.248555096440606e-10,-1.6067648096287797e-13
219,219,DE,1.8388738655572892e-05,501,-0.1819954705771994,0.03771634279180344,-3.211474305809326e-05,2.965791605077042e-08,-1.438528532044706e-11
220,220,DE,0.0003973445342119483,501,0.6506306999973528,0.033924768022302286,-3.51436443227113e-05,5.215568849840011e-08,-3.221854234860184e-11
221,221,DE,6.0760368982512114e-05,501,1.4374523582866034,0.02026837514421726,2.752064502240106e-05,-4.8646825835732786e-08,2.008184879449006e-11
222,222,DE,3.169496088002341e-05,501,0.6137862270266229,0.02872062705249022,-1.9189318559026133e-07,-1.3243837393653742e-08,5.094138554991364e-12
223,223,DE,2.2997113817607445e-05,501,0.3539703288084673,0.03160399497077184,-1.1349120987602887e-05,1.7486854110652983e-09,-1.3453603068684502e-12
224,224,DE,2.2348299357116207e-05,501,-0.07113004156256358,0.03344790785331894,-9.401825257207674e-06,-8.85858790178174e-09,6.0381721694471446e-12
225,225,DE,8.912773019128011e-05,501,-1.121572765766126,0.047412537279585526,-6.446726070697057e-05,7.290058766329281e-08,-3.4509749917404933e-11
226,226,DE,0.00020044192694737263,501,2.0224773690954834,0.02153204994832978,3.3944931937805862e-06,2.1387044765531903e-09,-8.857742770636327e-12
227,227,DE,2.3285043670541543e-05,501,-0.7491144077818924,0.04212008132388784,-4.245164433944058e-05,3.902463315306369e-08,-1.7218124056451095e-11
228,228,DE,0.000106587742614396,501,0.9784246426421248,0.023931402457546522,1.5816767293169186e-05,-3.2051948034026284e-08,1.1863646407786603e-11
229,229,DE,9.559147051131135e-05,501,3.119578741320162,0.010315720815229761,4.3161825910974705e-05,-5.4369402595485726e-08,1.8629142076411417e-11
230,230,DE,0.0027138465121112655,501,6.699891619062376,-0.0010145915329613912,2.0650954041822953e-05,3.419792734231134e-08,-4.159758633511619e-11
231,231,DE,3.153379017909126e-05,501,0.8492936088698307,0.028582299661425947,-3.855358544398832e-06,-5.129356021489651e-09,1.84396036628952e-13
232,232,DE,3.246901933236508e-05,501,2.9904152615762483,0.007635417232101729,6.443739605803154e-05,-9.482149209373757e-08,4.082564815152347e-11
233,233,DE,0.0002529103053131794,501,0.05329960886140812,0.03616492728144731,-3.4416697370795846e-05,4.5375735575285144e-08,-2.7208066508210024e-11
234,234,DE,9.843045029844039e-05,501,-2.161676287664201,0.05485579159355128,-8.372222658735613e-05,9.50663501913985e-08,-4.381322439678286e-11
235,235,DE,1.5883071693218775e-05,501,0.590996026267446,0.030783182179952857,-9.784618340507762e-06,-7.912719649628788e-10,1.3371458129829413e-13
236,236,DE,9.808443071364104e-05,501,3.6490447075464396,0.006374099847772307,5.598002568785401e-05,-7.273452806842665e-08,2.7707347830582015e-11
237,237,DE,1.1959525481765177e-05,501,0.1104532965086,0.0341530253993995,-1.8989528373187424e-05,1.0845166629498947e-08,-5.362803452262361e-12
238,238,DE,0.0008592050068043275,501,4.415008120820481,0.007911136220819725,2.3621149904452695e-05,4.7178467453345523e-11,-1.636222363281395e-11
239,239,DE,3.0160185920722776e-05,501,-0.045044948631646084,0.03297655119677258,-8.522557223081564e-06,-8.501401454116131e-09,5.2147880901584195e-12
240,240,DE,4.046610299284745e-05,501,1.799284947151719,0.01953759824193734,2.2010571209639736e-05,-3.537712364787459e-08,1.3022705325113842e-11
241,241,DE,1.4547192973327525e-05,501,0.41870853111230694,0.029854694897177944,-4.850086574634602e-07,-1.876364983855179e-08,1.0122423991687455e-11
242,242,DE,0.00042363380959016,501,-3.9680042061065954,0.06161363849038552,-7.730970102421611e-05,5.9453215751886016e-08,-1.8932970719031615e-11
243,243,DE,0.00017728490664409567,501,0.027513895843357342,0.032053405699179305,1.5978764303500857e-06,-3.25546328085898e-08,2.05018766916154e-11
244,244,DE,2.1702980994441113e-05,501,-0.010135037147857974,0.032811307809033775,-7.77066041622162e-06,-9.960635368383366e-09,5.975259330178449e-12
245,245,DE,1.8316948868354063e-05,501,-0.192208441893306,0.03571248319435406,-1.893962173696333e-05,4.422825411741833e-09,8.281051147517536e-14
246,246,DE,5.520961047686515e-05,501,0.9817273904587063,0.024007291245664364,1.9830436867671597e-05,-4.503182298540003e-08,2.1077941378420135e-11
247,247,DE,0.0006508084204256058,501,3.383967236609403,0.014395013327084667,1.0205919477372565e-05,1.1349752271895577e-08,-1.9698445724598324e-11
248,248,DE,0.0003567276833842255,501,1.8940246680660109,0.02164309509351813,5.055187491360176e-06,2.0506920421478812e-09,-1.0911659581041978e-11
249,249,DE,2.3968391977779555e-05,501,0.882743275629607,0.028867887059596295,-6.415183046095454e-06,-2.328634211086084e-09,-2.698608440323169e-14
250,250,DE,3.679014363326762e-05,501,1.3776374631160317,0.02485445173823776,3.0310840681689334e-06,-9.874698633370958e-09,1.4679984863409218e-12
251,251,DE,6.0790891969454046e-05,501,-0.0546733064334031,0.038615544820941386,-3.98581005844829e-05,4.3408124067654375e-08,-2.1400823533871798e-11
252,252,DE,0.00011324000358124421,501,1.3890821804361528,0.024863373992850383,1.0056074970020139e-08,-1.9391021499431907e-11,-5.7826590628769615e-12
253,253,DE,0.00010072326602128516,501,1.606503910760345,0.02460444032212725,-1.767346829771547e-06,1.9934256167801475e-09,-5.776855080590246e-12
254,254,DE,0.00012671901112000213,501,1.9667000638739358,0.01850122780456651,2.3931712739979373e-05,-3.6040750938608754e-08,1.2926650947424245e-11
255,255,DE,6.33240714584903e-05,501,-1.6847998924939855,0.0478388010202862,-5.129188493317911e-05,4.016924428481149e-08,-1.4061646101136914e-11
256,256,DE,1.1893753585591354e-05,501,0.1852426576110044,0.03283184327340488,-1.2770718032504993e-05,4.143421210547468e-10,2.0806392101385163e-13
257,257,DE,0.00018606359143820945,501,-1.690628009873099,0.04937801774017071,-6.457465135031206e-05,7.096622991053939e-08,-3.4137003937126745e-11
258,258,DE,5.417869808418694e-05,501,0.03638926914716985,0.03308765820541613,-1.3604731038141384e-05,3.3593957260025326e-09,-1.9191165940941898e-12
259,259,DE,0.00022378827283544759,501,-0.08469714325045796,0.04146919941172131,-5.2931603571269053e-05,6.086371934880387e-08,-2.8582326213216396e-11
260,260,DE,0.00046514608714705736,501,2.8239802066549307,0.013643496598786997,4.1773312877436946e-05,-7.149559044878903e-08,3.519951596637808e-11
261,261,DE,7.302717184851707e-06,374,0.04243660972748839,0.0341151239289763,-1.5510882356936748e-05,2.2912210414722483e-09,7.734172825749522e-14
262,262,DE,2.7407009617016026e-05,501,1.1793563552455355,0.025994110796024303,9.567062755887973e-07,-8.348560825628203e-09,1.0206315835686955e-12
263,263,DE,0.00015400755166029322,501,-3.3511675426128877,0.06266987150106566,-9.516031612111986e-05,9.093363672413235e-08,-3.3897624731930783e-11
264,264,DE,5.2830050050746805e-05,501,0.5561908270695775,0.02993401088127307,-7.459285318553625e-06,-1.0368296843359394e-11,-2.123974453106804e-12
265,265,DE,1.2275635635726647e-05,501,0.5717793800168505,0.030306828932497983,-8.192418088567456e-06,-2.0881279241589605e-09,3.7375318580006904e-13
266,266,DE,0.00014918775998698532,501,0.854016968179113,0.02461953458234831,2.1505975964974796e-05,-5.486643017164261e-08,2.9895523432497376e-11
267,267,DE,0.0003934153436473532,501,2.070011804451711,0.025167003539196826,-1.5094908963960449e-05,3.085939799978901e-08,-2.3135872160223148e-11
268,268,DE,6.468222398278467e-05,501,0.6374159790604261,0.02912594029066225,-6.218407809096331e-06,1.0336191374561573e-11,-2.898385171272232e-12
269,269,DE,0.00018190293062752533,501,1.5486119834374399,0.022275639259731837,1.0431019139794842e-05,-1.3604358440271004e-08,-5.822356061720697e-13
270,270,DE,1.815339180749136e-05,501,-0.3902065858707563,0.03812553072872625,-2.9601403052848174e-05,2.349787667885385e-08,-1.0899830436398853e-11
271,271,DE,7.445928305345816e-06,466,0.6929892959594374,0.028407778259946205,1.0906238441852034e-06,-1.7195723315954134e-08,7.917099835842597e-12
272,272,DE,1.9625316543040012e-05,501,-0.546732081825003,0.039421826030087766,-3.216894676090232e-05,2.333813165823495e-08,-8.944310995752632e-12
273,273,DE,2.029643727058327e-05,501,2.0275976958014335,0.017074812879092457,3.259145332760019e-05,-5.328305234642445e-08,2.266106485767685e-11
274,274,DE,1.4480465376655979e-05,501,0.6507082312420367,0.02855676218132457,4.1372182445640033e-07,-1.4764249919199392e-08,5.882359034544117e-12
275,275,DE,9.775453195475138e-05,501,-0.17715963836645643,0.032826139502850266,-1.6109184484524063e-06,-2.4332941976135897e-08,1.4356513576729233e-11
276,276,DE,0.00010214327962012193,501,2.314584403997874,0.017134761177874006,2.4890408061865176e-05,-3.4179975201842076e-08,1.018292919356569e-11
277,277,DE,6.099990788116794e-05,501,3.1737601088802356,0.008351406630723104,5.379417310423565e-05,-7.322468399206838e-08,2.880099781222788e-11
278,278,DE,0.0001977318977813663,501,2.025361003216272,0.021002788402880793,6.4005723108389445e-06,-1.9381517903447187e-09,-7.340698069029715e-12
279,279,DE,0.00014835798435919968,501,-0.4509541976275008,0.04262297844686772,-5.091214129960014e-05,5.2886162348471664e-08,-2.2965707409175058e-11
280,280,DE,0.0003214341223335438,501,0.035098424071812545,0.029759365047146755,1.4137006131394156e-05,-5.621832288156399e-08,3.4231404433882084e-11
281,281,DE,7.336043305585801e-05,501,0.14838874660778723,0.030140481625357072,1.8569005989746071e-06,-2.3813501520696756e-08,1.2872394301700463e-11
282,282,DE,0.000606201142067282,501,4.948831484847625,-0.0009479226245164685,5.991277478846205e-05,-5.254796766078861e-08,8.470720340205984e-12
283,283,DE,0.0002070571196869318,501,-1.0169373727381408,0.04593725282230194,-5.715795016162134e-05,5.574203558245021e-08,-2.2011920158653565e-11
284,284,DE,1.205287798573562e-05,501,1.7045651002902193,0.018312898152039264,3.348508446639495e-05,-5.795780645280344e-08,2.554791883279106e-11
285,285,DE,6.044430151536674e-05,501,1.0911256511210492,0.028063149164521937,-8.609137447552134e-06,6.1265894737822845e-09,-5.9600475446881785e-12
286,286,DE,0.0008520577612615131,501,4.848839772560467,0.004437609505364376,3.4881441668697025e-05,-2.0054674056775452e-08,-3.664710300230573e-12
287,287,DE,0.0020775224880802746,501,-2.5460819248185045,0.04506099347145487,-2.546353334966326e-08,-7.178875699475443e-08,5.196158614021945e-11
288,288,DE,0.00011381031624174374,501,0.08491998504246882,0.03437417035244668,-1.5205428014622574e-05,-3.0773028249736748e-09,5.318408072324111e-12
289,289,DE,0.0006213191246239387,501,3.514686975268004,0.011754095740481411,2.1022140888575115e-05,-3.691990223053509e-09,-1.2827506417635081e-11
290,290,DE,0.00025065121757312484,501,0.2513853109588364,0.026447688158925908,1.8001871280532652e-05,-4.416346842499633e-08,2.0264460182305914e-11
291,291,DE,2.857425401867609e-05,501,0.13974835817139464,0.031074392684618903,-2.1381949026755533e-06,-1.713815034005101e-08,9.068814590820995e-12
292,292,DE,6.198946969926748e-05,501,-2.25101954135838,0.052950961581064854,-6.98641028228065e-05,6.810043773729502e-08,-2.8215196548653342e-11
293,293,DE,0.000579759895303264,501,1.0044584474608238,0.020563615076634283,4.490007055991309e-05,-9.975975565035323e-08,5.571291034224826e-11
294,294,DE,0.00046652635316284894,501,-2.341218568270191,0.053024620085591806,-7.404345361448673e-05,7.609027257184581e-08,-3.1705396727747045e-11
295,295,DE,8.881222704444416e-06,467,0.32768544376199055,0.03254977047025264,-1.4131732960650979e-05,3.907391342994927e-09,-1.6417816984396826e-12
296,296,DE,8.390625247781448e-06,90,0.2200723179103894,0.03279916717644314,-1.2454385039729912e-05,2.5515593732040753e-10,1.0963704319104926e-13
297,297,DE,2.579750653896094e-05,501,0.247341774181221,0.03324400669915946,-1.8235318363792567e-05,1.2156709367060178e-08,-6.530107352869483e-12
298,298,DE,3.145829990987308e-05,501,0.7989809155469777,0.027804804018310487,-8.558390908194566e-07,-8.294142387067965e-09,1.2808884057598522e-12
299,299,DE,0.00019749563809527357,501,0.6725846737574673,0.026275372657535826,1.1553237880169392e-05,-2.8844964024014462e-08,1.0955424821395857e-11
0,0,GA,0.0002662330916759183,501,1.9418128455317207,0.024703478363409546,-1.0776544528151688e-05,2.293344777150514e-08,-1.848255848681251e-11
1,1,GA,0.00032344746441628254,501,4.384900041383467,0.002827816368078706,5.4466526976451256e-05,-5.5384660943647676e-08,1.4064561383336572e-11
2,2,GA,0.00014143298850090956,501,-0.7295443940114793,0.03686727940853165,-1.0549204869376767e-05,-1.9211317405132352e-08,1.5191826419671294e-11
3,3,GA,0.0031561629707557077,501,7.781015921339402,-0.011095621862658393,4.432304624201265e-05,1.3468385048917794e-08,-3.551563287986775e-11
4,4,GA,0.004305618744869921,501,6.96242942324211,0.0007745943787027635,-4.701417545173008e-06,8.974474244733917e-08,-7.474201570753562e-11
5,5,GA,0.0006055702082883891,501,-0.4370314235236542,0.03111974045151466,1.9819348629468997e-05,-7.423646299052008e-08,4.636400313920724e-11
6,6,GA,0.0004944297649690417,501,-3.153082189235628,0.05346669468138163,-4.653184979403314e-05,1.0976516302455852e-08,6.939694935132551e-12
7,7,GA,0.00044047034953189436,501,3.2375220681834023,0.01478444419250725,1.3073219480500414e-05,7.08477490650447e-10,-1.165595029873956e-11
8,8,GA,0.00039372605359744474,501,-3.942135093182717,0.06289304487322762,-8.059628040950634e-05,5.733972659520945e-08,-1.4113543324239801e-11
9,9,GA,0.004684509920670146,501,8.015612089536775,-0.007180206963219739,1.5421142720302485e-05,6.865450362489187e-08,-6.669004527146557e-11
10,10,GA,0.0013305985839092498,501,-2.466756171033891,0.040812311622743944,1.1801520987711681e-05,-8.344582656934881e-08,5.594375819280706e-11
11,11,GA,0.00021543902414458398,501,0.5811687293397444,0.036016726252193265,-4.242927606399717e-05,5.8959711904320456e-08,-3.2890124786434235e-11
12,12,GA,0.001132571122447399,501,3.9708362407940654,0.014137959133909365,-2.235184694432765e-06,3.8390224109967244e-08,-3.465586030715852e-11
13,13,GA,0.0012685606963194385,501,6.04468836269564,-0.003661640959539964,4.9522045842139076e-05,-2.311833054283146e-08,-9.100639798504106e-12
14,14,GA,1.2290579538849469e-05,501,-0.039721149366150364,0.034221278006551704,-1.3987323443911577e-05,-1.363023344197561e-09,2.185892682480024e-12
15,15,GA,0.00497711992336405,501,-8.256787328651862,0.07727789249887716,-5.275596541790957e-05,-5.296173356809789e-08,6.030709057208443e-11
16,16,GA,0.00758307061153312,501,11.973142521143803,-0.03540115693189769,7.80877539000852e-05,1.974413975595932e-08,-5.7113836830330014e-11
17,17,GA,0.0015975764233695183,501,-3.892978783671824,0.052203723637973355,-1.812011563322065e-05,-5.152412610921436e-08,4.39229690913709e-11
18,18,GA,7.708684604188083e-05,501,1.8731870435816147,0.015545993296428412,4.826814114852143e-05,-8.571891368601388e-08,4.167512331902525e-11
19,19,GA,0.0011771850115391675,501,5.720522132385417,-0.0011087898652233788,4.346280620982898e-05,-1.778955009014576e-08,-1.054687138165158e-11
20,20,GA,1.0146453290712638e-05,501,0.27970992642049514,0.033056392346526124,-1.5464156847150105e-05,5.130474769331704e-09,-1.990909906794682e-12
21,21,GA,0.0020353254665602966,501,-6.574117663683778,0.07487980142051845,-8.146312755129493e-05,1.9374602756672275e-08,1.642100619831797e-11
22,22,GA,0.0007288786120572469,501,-2.3201238533181976,0.04360862207003067,-9.587870757814428e-06,-4.2645660278728176e-08,3.300943510018704e-11
23,23,GA,0.002601569712776997,501,4.9385369647826,0.013343087381570994,-2.3679063048107714e-05,9.002081598794078e-08,-6.577324638196213e-11
24,24,GA,2.9996652463756928e-05,501,0.050694778549690254,0.03254322756144074,-6.120592824889175e-06,-1.479267431588706e-08,9.573644762413195e-12
25,25,GA,0.0006502369515087072,501,5.838178412324902,-0.006813689476496038,7.359413929357349e-05,-6.83094804935261e-08,1.58893687809705e-11
26,26,GA,0.004222275378637251,501,-8.57374239934367,0.08238999317781523,-7.66197331238847e-05,-1.4245917753693876e-08,4.013783192311462e-11
27,27,GA,0.0006608770505094502,501,3.283421072942612,0.016918085660746107,1.0000151025793763e-08,2.356007700220547e-08,-2.3825927115563085e-11
28,28,GA,0.0001243508045661167,501,2.3428622389947416,0.017968924570035318,1.7574458239063534e-05,-1.9374757749203085e-08,1.9649630530520653e-12
29,29,GA,1.753038284334836e-05,501,-0.3574823818893263,0.036381492258125744,-1.9286739316670348e-05,4.2558153036903125e-09,3.7413678612888853e-14
30,30,GA,0.001351380606808315,501,5.31599084718835,0.0027218385913365005,2.862247959514047e-05,4.0778132382918765e-09,-2.094761425945369e-11
31,31,GA,1.1705808112527188e-05,501,-0.06896083500744025,0.03449438097265607,-1.4995498918813508e-05,3.163343682810196e-10,1.2352334811297678e-12
32,32,GA,0.001948784965674229,501,4.403388100671632,0.014389172558462492,-1.689448757229849e-05,7.275075764635956e-08,-5.572247027571135e-11
33,33,GA,0.0013938000640579427,501,2.8772914333715223,0.02564822041619406,-4.2215529917415214e-05,9.280823150175426e-08,-5.98349662894668e-11
34,34,GA,0.004292259189677363,501,9.35936461057478,-0.021162230201007905,6.277844533914824e-05,5.7063588606655644e-09,-3.852193896630774e-11
35,35,GA,0.0007485941572227151,501,6.282348742957131,-0.010068859852665788,8.117759514851531e-05,-7.497604008663942e-08,1.7715657608592176e-11
36,36,GA,0.004828995965626577,501,7.318643015015324,-0.0020518654174499548,-4.984545432426057e-07,9.060866602060072e-08,-7.754738040579314e-11
37,37,GA,0.0009394891418695551,501,-2.7331551265489407,0.04578673908126459,-1.1089349103276643e-05,-4.5713201029629194e-08,3.592448989831959e-11
38,38,GA,0.0011970164901637782,501,3.5290916996376387,0.01850684453194811,-1.6766034049080804e-05,5.7778030125586345e-08,-4.363553633621056e-11
39,39,GA,6.350077418643524e-05,501,-0.7537384249314856,0.038680795463917554,-2.1364360993227163e-05,4.675778195391956e-10,4.2543814927318854e-12
40,40,GA,0.0005124863205924422,501,-2.0980357568700203,0.04423934362346763,-1.804686617434482e-05,-2.6180606761262134e-08,2.4073803530827974e-11
41,41,GA,4.980358292201704e-05,501,-1.9535704699160226,0.052407295137092504,-7.399207836751978e-05,7.915901683850012e-08,-3.50662853382461e-11
42,42,GA,0.00042122079106446294,501,0.9170549218750814,0.03564437641040949,-4.937124109172622e-05,7.593273554057067e-08,-4.305167984955091e-11
43,43,GA,0.0011880716529917741,501,-5.431469630494457,0.06853368042233869,-7.617013377067699e-05,2.9757317631705275e-08,5.386314820618678e-12
44,44,GA,0.0002382658310918799,501,0.3781707413110567,0.03806211036005567,-4.952846741540437e-05,6.864356974705953e-08,-3.734167929087529e-11
45,45,GA,0.0035590175908179374,501,9.45914369370125,-0.024251309356758028,8.00444215295377e-05,-2.4628964936090643e-08,-2.188713583638556e-11
46,46,GA,0.00023418575488963128,501,4.8804697379015884,-0.003104755234895191,7.715600622788646e-05,-8.857130817717473e-08,3.0254492086691456e-11
47,47,GA,0.0019101703124150661,501,-5.81243913242907,0.06861558333790052,-6.393188728203938e-05,-1.229372710662037e-11,2.3870266840440747e-11
48,48,GA,0.0011878125274793318,501,-4.916790368186539,0.06512319383514535,-6.680799085547093e-05,1.6867187466721733e-08,1.2108725417797318e-11
49,49,GA,0.0043102573298982125,501,9.77139096588094,-0.02374974797037458,6.990338962634338e-05,-3.805921087648626e-09,-3.3521347709674146e-11
50,50,GA,0.0010910047309753972,501,6.065604643150804,-0.005189393528929304,5.78243240802838e-05,-3.7284991908697905e-08,-1.564012217749499e-12
51,51,GA,0.0009240188426569069,501,3.4373088781736736,0.017069371797226812,-6.511544984302113e-06,3.927246388771659e-08,-3.361625079711443e-11
52,52,GA,0.001619474151188362,501,-6.157766904366657,0.07196900813568853,-7.86756151563461e-05,2.509235285036778e-08,9.982516302222199e-12
53,53,GA,0.00021827122783309283,501,-0.8334438351213556,0.03617348812954278,-3.944720613619493e-06,-3.1856818168777396e-08,2.21405181018138e-11
54,54,GA,0.0024803488369566505,501,7.457275459772087,-0.01035276057206457,5.064726654601398e-05,-2.9493532175361617e-09,-2.5760730225159062e-11
55,55,GA,0.0054654666884455735,501,-10.172081937448697,0.093988891712197,-9.992063032836512e-05,-2.6666206394754107e-10,4.008121234598855e-11
56,56,GA,0.0011934522482603717,501,-4.330757419635338,0.058834113803265274,-4.604044329687967e-05,-7.867662257843345e-09,2.1438173553550424e-11
57,57,GA,0.00012004118184166999,501,0.48941266400850875,0.025565650393216354,2.3492403859433873e-05,-5.969436568549751e-08,3.1676349398773634e-11
58,58,GA,0.00028044118565210744,501,0.04504772688620507,0.04143509939827316,-6.120094262517339e-05,8.487598913760394e-08,-4.506396873798897e-11
59,59,GA,0.0007377004651207359,501,1.7933041381242623,0.030904445128596903,-4.42837179545344e-05,7.977411219183985e-08,-4.842881799860786e-11
60,60,GA,7.345072752339957e-05,501,0.3530348174351995,0.027918877036753754,1.3159862230210955e-05,-4.351216826320583e-08,2.346392387300761e-11
61,61,GA,0.00016179237977425733,501,-1.9364974131875314,0.04731148550351304,-4.155302714540043e-05,1.86785602136864e-08,-1.0936599721071313e-12
62,62,GA,0.0012196227739969204,501,4.37798314221462,0.010711760075207924,6.568983352451614e-06,2.9741503338212645e-08,-3.189481438710933e-11
63,63,GA,0.000511260889881506,501,0.010000000005241531,0.026254040998419163,3.555296116898323e-05,-9.236567900417448e-08,5.278479872534095e-11
64,64,GA,0.0005546608499597292,501,5.55329206396909,-0.0049504989712176985,7.052767266418192e-05,-6.75276862518878e-08,1.6662893902390627e-11
65,65,GA,1.737653863072143e-05,501,-0.2450344635521632,0.036895309613674425,-2.3946236106705087e-05,1.1983253980223118e-08,-3.6089249440278472e-12
66,66,GA,0.006118555024484409,501,11.976620065539962,-0.0384408361092158,9.774271981713416e-05,-1.947653452529152e-08,-3.371930303073738e-11
67,67,GA,0.0004860650120608243,501,3.579562769583077,0.011678010560728447,2.187484507176818e-05,-8.15718470051763e-09,-8.997494266013728e-12
68,68,GA,9.168147578240663e-05,501,-1.172648630212798,0.04226126706639775,-3.097865696854032e-05,1.0393130122873884e-08,8.276891657376039e-13
69,69,GA,0.00032539027233856777,501,0.5003880767325551,0.023736671433366403,3.665280492213935e-05,-8.659540033573417e-08,4.7829653733809096e-11
70,70,GA,0.00010795837619441091,501,2.51829720453863,0.017050104683823175,2.068503279597331e-05,-2.5599845131513543e-08,6.088235131409732e-12
71,71,GA,0.00032721294857480774,501,-3.3654685495940933,0.05727348272492393,-6.449027497860739e-05,4.0571182079622915e-08,-8.629037034413294e-12
72,72,GA,0.0005816786391985514,501,-1.8713004319225413,0.04133593373622847,-6.932306396045296e-06,-4.2176413277340414e-08,3.168594819210489e-11
73,73,GA,0.00023381943888691785,501,2.2683110723084114,0.021558858092897933,6.76911038726965e-08,7.298202367224257e-09,-1.0755972311055846e-11
74,74,GA,0.00020247789732481765,501,0.05453135357285151,0.03979351794813919,-5.233202909357129e-05,7.067439894420123e-08,-3.805105904252605e-11
75,75,GA,0.005923515282843835,501,11.726995406558363,-0.03700271289818967,9.497269317300146e-05,-1.82389118511182e-08,-3.322420918064734e-11
76,76,GA,0.004967414779226388,501,-9.230560307449686,0.08656964027505158,-8.195286763881705e-05,-1.738546756073082e-08,4.570834233496199e-11
77,77,GA,0.000418111336144596,501,2.1956826404440988,0.022647304694270187,-8.243913034304062e-06,2.6545262429561742e-08,-2.3294537442653827e-11
78,78,GA,0.00014845864865298763,501,4.344881985892954,6.970512617726038e-05,7.215374134045114e-05,-8.720534745197132e-08,3.134244897692553e-11
79,79,GA,0.003907524662252178,501,-9.067326813263264,0.08888380466157016,-9.999979278111586e-05,1.7196673763420138e-08,2.6215494963533625e-11
80,80,GA,1.177679931433221e-05,501,2.189135648392281,0.016123780020740948,3.416453229849498e-05,-5.286724797675773e-08,2.13743069627979e-11
81,81,GA,0.0007647895887103453,501,4.163472868378312,0.009011648366711445,2.212756241720692e-05,-7.05417777900759e-11,-1.545211701018069e-11
82,82,GA,0.0004821974486421623,501,-3.4966991173084727,0.056508421728343666,-5.639562247258167e-05,2.4289336309538454e-08,6.753062647992816e-13
83,83,GA,0.0017209366204411721,501,7.54731223374887,-0.014727742630627101,7.564504951010302e-05,-4.6918841858268135e-08,-2.0009611029609776e-12
84,84,GA,7.258048912538567e-05,501,-1.2290583208456953,0.042148669635022916,-3.113257464359841e-05,1.3366397634060253e-08,-2.0634511198932905e-12
85,85,GA,0.0035207975295721682,501,6.763075844609029,7.022856763076973e-05,5.949864032090086e-06,6.70861013346439e-08,-6.148804928036339e-11
86,86,GA,0.004477563693482212,501,7.654685468863741,-0.004624496053064681,9.830408104698971e-06,7.351809459464527e-08,-6.821591557624629e-11
87,87,GA,0.0002969942124281509,501,3.728177016880701,0.007083959469767124,4.45433099819764e-05,-4.442466142704029e-08,9.237338635834973e-12
88,88,GA,2.3374363453406528e-05,501,2.724347425635892,0.01195614408697875,4.585292075232199e-05,-6.722067822535452e-08,2.7793904366925578e-11
89,89,GA,0.00040754983754465895,501,-2.5884586250076724,0.049256671547461175,-3.6363968235587176e-05,1.0837619082701869e-09,1.0268762572382601e-11
90,90,GA,9.532690187509513e-05,501,-1.8736332963137061,0.04751745860816664,-4.637032619421556e-05,3.0937788712286464e-08,-9.132245107014004e-12
91,91,GA,0.0024564333859218674,501,5.81672959020131,0.0047104641098676524,4.573372047599125e-06,5.319923548889018e-08,-4.928030280089931e-11
92,92,GA,0.00046891289601827817,501,4.03365533596575,0.008409683794798015,3.154005411692321e-05,-2.2031229296191236e-08,-1.6999694994209867e-12
93,93,GA,0.006201143368759349,501,11.447297412350137,-0.033377066711221794,8.27052065439566e-05,1.0001439331221257e-11,-4.3298283735182424e-11
94,94,GA,0.0021020615942210206,501,8.055222581082322,-0.018261711810648118,8.112653544580031e-05,-4.6339675662198826e-08,-5.344477322634912e-12
95,95,GA,0.0006836187093743703,501,4.99069141022168,0.0013046623024490374,4.750235275497573e-05,-3.4405985133356095e-08,6.36707753101304e-13
96,96,GA,0.002074280770899894,501,6.374139679246793,-0.0029114611690471996,3.41936596192347e-05,1.1747976735606331e-08,-3.038234374071747e-11
97,97,GA,0.0011584080632788994,501,-1.6513925184710962,0.03456598776218954,2.745534273705085e-05,-9.911910400553446e-08,6.12400989848579e-11
98,98,GA,0.0005865324992424218,501,-3.028998583247993,0.051511368564029617,-3.774769855452513e-05,-3.382235768459821e-09,1.4496135665323203e-11
99,99,GA,0.0004107970926750305,501,3.9031858445434775,0.008536654195210922,3.3267374382819476e-05,-2.545517742956555e-08,-1.00186211202567e-14
100,100,GA,0.0008842628308486192,501,-3.4205988982397697,0.05286906997442729,-3.453198118200228e-05,-1.6091769922342883e-08,2.3338704366005874e-11
101,101,GA,5.2075471240362926e-05,501,3.2691931075805005,0.007971601521211156,5.645819946681361e-05,-7.969967990829632e-08,3.318664022506827e-11
102,102,GA,0.0001475580949236217,501,1.3996456190818771,0.027551370716566843,-1.3646685278407483e-05,2.0494173304181824e-08,-1.5413895077725708e-11
103,103,GA,0.0008439069104079905,501,6.008044516562736,-0.006387409629873296,6.701256831754086e-05,-5.5205891293740074e-08,8.642270019305984e-12
104,104,GA,0.0010489896357831646,501,3.1310366657013304,0.02168654410520318,-2.3559358847651405e-05,6.148578958708186e-08,-4.304240554044337e-11
105,105,GA,0.0030031500300398356,501,9.02802122157689,-0.023125798807120786,8.3677612958056e-05,-3.608896612369699e-08,-1.4684695669936244e-11
106,106,GA,0.0015934603275926315,501,5.015583487532871,0.007185997759780005,1.0649029502514166e-05,3.2243596038578596e-08,-3.585685363628132e-11
107,107,GA,0.0002481192634074746,501,-2.6339270940224906,0.051994381464760535,-5.1514055157007666e-05,2.6796176861265335e-08,-3.1935376333238312e-12
108,108,GA,0.004661846243220826,501,9.643803877480089,-0.02154105589712823,5.953447284425962e-05,1.3295569420088274e-08,-4.2607584822724775e-11
109,109,GA,0.0001975743308693081,501,-0.3949448693596588,0.03324137226416448,2.9234242016088844e-06,-3.916480660154377e-08,2.512566200122645e-11
110,110,GA,2.261936383777729e-05,501,1.9725847911328236,0.015984221336707644,4.211775148610974e-05,-7.188221097523141e-08,3.3160853688748874e-11
111,111,GA,0.004097696521878859,501,-8.14927231441895,0.07923736494539856,-6.785275241378162e-05,-2.431217317317015e-08,4.4422491891999536e-11
112,112,GA,0.0005313723417895639,501,4.157883239172554,0.007618370318852742,3.228330346273957e-05,-2.0131650866210507e-08,-3.836438594833604e-12
113,113,GA,8.95794794421106e-06,259,0.22731780439776972,0.03227500430276764,-1.1546391888825777e-05,4.562177222255993e-10,-4.919183229018389e-13
114,114,GA,0.003204197806552459,501,9.462362610711441,-0.025070593671889203,8.652259955073445e-05,-3.805145527875558e-08,-1.3924286336994278e-11
115,115,GA,0.0019497922622410376,501,6.329049052714595,-0.0015621969675371,3.127381816628234e-05,1.072873259873611e-08,-2.736226824697473e-11
116,116,GA,0.0022281773307703083,501,-5.577678997449933,0.06402373257104906,-4.4510508010814675e-05,-2.9303867042169128e-08,3.820169492733001e-11
117,117,GA,0.0011275304244497068,501,4.94182388075769,0.005556099938733988,2.3884428446029713e-05,5.480813212330459e-09,-2.012933370105139e-11
118,118,GA,8.34656949008391e-05,501,-1.424159144497895,0.04425292084208985,-3.7114534265196385e-05,1.8773260480648223e-08,-3.2435992801770827e-12
119,119,GA,2.7553191477492555e-05,501,2.410492192683928,0.015234591220400844,3.503971570040892e-05,-5.342439679226643e-08,2.1854322131839424e-11
120,120,GA,0.0008753409629691993,501,5.105113925612762,0.002585060054458545,3.8641116306702155e-05,-1.9886462113190113e-08,-6.301365444977675e-12
121,121,GA,0.001089742348110805,501,-3.3125387817920555,0.04911752945664889,-1.9057856059231678e-05,-3.772038189717178e-08,3.3305394461145756e-11
122,122,GA,0.005961553446885012,501,9.785043818577392,-0.019362303783183155,4.1021198791456e-05,5.040423175606002e-08,-6.402984362751224e-11
123,123,GA,0.0012669809200888515,501,-3.962916564383605,0.05556395455626497,-3.5304076292316756e-05,-2.428957148880978e-08,3.045718106036839e-11
124,124,GA,0.0009862970978644216,501,5.830417390180774,-0.004625225393030081,5.939437017572235e-05,-4.088792440519394e-08,-1.0000000000001215e-14
125,125,GA,1.0276720241043065e-05,501,0.6118570762261125,0.028754357634334732,-6.474562357548862e-07,-1.2667499857955353e-08,4.8085562700968265e-12
126,126,GA,0.0002493497038634174,501,0.756783694145704,0.03432113261303739,-3.832671150980154e-05,5.6305580611948786e-08,-3.2976602139251897e-11
127,127,GA,0.0020012179273561064,501,4.245232036129832,0.015940390745245475,-2.2292604743819297e-05,8.024033538110127e-08,-5.933519275622776e-11
128,128,GA,2.9552033166690034e-05,501,1.3837423381292056,0.024851665086636176,3.4750604227699006e-06,-1.0739778773784393e-08,1.8059304248726134e-12
129,129,GA,0.0008189094810157462,501,-1.7788933972166765,0.039254725535801206,4.63360528439504e-06,-6.354948888387732e-08,4.384008826840163e-11
130,130,GA,0.0003969384179723972,501,-2.4357751910047094,0.048238329743047904,-3.382060369325447e-05,-2.0931379177911593e-09,1.1846859311042767e-11
131,131,GA,0.0024489582961877603,501,7.880325280140326,-0.014508778577731087,6.401109439187029e-05,-1.995231891001284e-08,-1.8402469603061337e-11
132,132,GA,0.0006264630688459377,501,2.5355897275185537,0.02315098444987766,-1.7937267401596537e-05,4.488668756948872e-08,-3.276539410765131e-11
133,133,GA,0.0025550842078372786,501,6.041347050210744,0.002286520925229656,1.1443655333962906e-05,4.750952209991201e-08,-4.852667850373683e-11
134,134,GA,0.005629377264536454,501,9.395839543356667,-0.01637141058899249,3.48537470646594e-05,5.4415880243460666e-08,-6.440551260177486e-11
135,135,GA,7.593729811243791e-05,501,1.8100142437336553,0.014822721800133392,5.1092053275913396e-05,-8.638948336226654e-08,3.996958246276349e-11
136,136,GA,8.953920527599737e-05,501,-0.9724667358509853,0.03923681583511148,-2.050998032846174e-05,-1.6432833058574168e-09,5.0663051532786916e-12
137,137,GA,0.002019358097451129,501,5.816733988888454,0.0016843929446152238,2.1457440050975383e-05,2.651557077762613e-08,-3.6686180579333245e-11
138,138,GA,0.00156985697398389,501,4.589463351437522,0.011045249773675466,-9.543357332655984e-07,4.585976780329207e-08,-4.12207651608589e-11
139,139,GA,0.0031579854828428793,501,-5.400592251336414,0.05879310927729343,-1.6504874469054914e-05,-7.821319537050913e-08,6.475999462716362e-11
140,140,GA,0.002089156505930491,501,5.322549995469293,0.007253292771453062,2.4352049873878703e-06,5.0768338797097937e-08,-4.680055598834931e-11
141,141,GA,2.5056516033461193e-05,501,1.3410169138303278,0.02056630476219057,3.0111660032144117e-05,-5.780588265332574e-08,2.700010690906346e-11
142,142,GA,0.0022367507646382607,501,6.799468188549957,-0.005747184471959938,4.0323367619684436e-05,6.56004294270041e-09,-2.8912260647579e-11
143,143,GA,0.002919451121532069,501,-6.070002101431225,0.06658319697870277,-4.39747141645413e-05,-4.132256174947997e-08,4.812901974227312e-11
144,144,GA,0.0015107978087488868,501,4.74370059980481,0.009617417971234913,4.266304482520477e-06,3.784545377844428e-08,-3.704681247391478e-11
145,145,GA,0.00026816940515266946,501,0.10725550953324159,0.039271861320019794,-5.2003071076961126e-05,7.319583217299943e-08,-4.0692004743975843e-11
146,146,GA,9.766195802651829e-05,501,2.2036616335566146,0.019455395377979048,1.3871861881853733e-05,-1.7052941288606222e-08,2.1638774615905105e-12
147,147,GA,0.0027210111377922687,501,-7.692653586861481,0.08106134531645706,-9.022599501091776e-05,2.0549380107734736e-08,1.911115487499997e-11
148,148,GA,0.0020791554653141406,501,-6.182209949590407,0.07027137683652293,-6.587396286772405e-05,1.0000319261729274e-11,2.4359045407324315e-11
149,149,GA,0.00015866681129866542,501,0.027968606889455242,0.028717588542700675,1.6283069789754802e-05,-5.274498927215725e-08,2.9239171074304995e-11
150,150,GA,0.0009131115558078189,501,1.939982431039393,0.03075549130653578,-4.793492080498627e-05,8.912481668086764e-08,-5.431398744666925e-11
151,151,GA,0.004541278651487834,501,9.253624203707618,-0.01824191848335764,5.0769095870180224e-05,2.226309603683255e-08,-4.591616784027359e-11
152,152,GA,8.683141060128796e-05,501,3.1182746291845413,0.010539474045477917,4.265700197129271e-05,-5.4704643247225e-08,1.9252866675271292e-11
153,153,GA,5.112777202092999e-05,501,-0.08328691175435353,0.034000593369616756,-1.02035797180146e-05,-1.1108877881351807e-08,8.730906881428106e-12
154,154,GA,8.439028425533174e-05,501,2.4177345922293436,0.015231783023164355,3.1010645393631295e-05,-4.05586491588192e-08,1.2499047093556883e-11
155,155,GA,0.00022163813405589108,501,4.4147781492773515,0.0018232073938485767,6.24057926966762e-05,-7.333518687614293e-08,2.5578382197060892e-11
156,156,GA,0.0039241191848539995,501,9.231608919126758,-0.020219792401807647,6.327692336832442e-05,1.0000062000252889e-11,-3.3606298718578044e-11
157,157,GA,9.035981271873163e-05,501,2.4556012736122748,0.017177113593053996,2.1899597229199836e-05,-2.9382912740957775e-08,8.72652856742595e-12
158,158,GA,0.004187331768698454,501,10.04591311467784,-0.026407238667225635,7.91924408709177e-05,-1.733153420086441e-08,-2.679345887839116e-11
159,159,GA,0.0019516277444690585,501,-6.721867449394967,0.0758361798841607,-8.520431274572733e-05,2.636733504827257e-08,1.220292040810541e-11
160,160,GA,0.0006257947891463084,501,4.972531988870075,0.00046109455056090264,5.214158880915388e-05,-4.157319434753853e-08,4.027735260351034e-12
161,161,GA,0.004198311315903863,501,10.754703654892975,-0.03321035640856806,9.999999990978427e-05,-4.32267147483732e-08,-1.5605181955720194e-11
162,162,GA,0.0007483151240094907,501,6.107648984773381,-0.00873732967876393,7.724775126820056e-05,-6.97833183826613e-08,1.5237688155208603e-11
163,163,GA,0.0004736375621377314,501,5.154574787273673,-0.002131690628109042,6.420644013133946e-05,-6.233799420192832e-08,1.543792167776977e-11
164,164,GA,2.0183595631582518e-05,501,2.1374339462632808,0.014706708767448765,4.522304639172214e-05,-7.48240414971638e-08,3.4088857651306655e-11
165,165,GA,0.0004945652174993498,501,-3.5548288959485324,0.056940253948812275,-5.734118609760391e-05,2.5002783280579094e-08,5.387799621398496e-13
166,166,GA,0.0004728355481040865,501,2.856267020601021,0.018700044497671073,1.7281806665165e-08,1.7892685310501055e-08,-1.9387114798699438e-11
167,167,GA,0.0027117131262554056,501,9.451418865989037,-0.026590129924416877,9.795856755872467e-05,-6.002105967475584e-08,-1.6421184761663233e-12
168,168,GA,0.0051869485701251895,501,10.338207968461667,-0.028158881796770695,7.577249036106708e-05,-5.466191497814959e-10,-3.927538931222197e-11
169,169,GA,0.00012910921597931497,501,-3.4309591994758915,0.06184675344835102,-9.163609790700218e-05,8.926498414433076e-08,-3.525512463972359e-11
170,170,GA,0.0005582523618944926,501,-1.9523204224659132,0.04183191486728007,-8.63554852950075e-06,-3.867664295794872e-08,2.933600461850294e-11
171,171,GA,0.0004969515441335927,501,-3.7006548430351813,0.058404363453556624,-6.194787825549057e-05,3.033500661957712e-08,-1.4586289247802878e-12
172,172,GA,0.001954431986993536,501,5.052721079396777,0.009256937699717523,-1.9908509018748075e-06,5.328385580846804e-08,-4.640221706518923e-11
173,173,GA,0.0011544549238127,501,5.332500370375718,0.002198788445340612,3.3553543956956764e-05,-6.484621146005975e-09,-1.476680095845408e-11
174,174,GA,0.0008212915445379179,501,5.263695315720711,0.00018546868749493248,4.718511114514896e-05,-3.093995527344632e-08,-1.671451855129956e-12
175,175,GA,0.0010121482842003445,501,2.9156569557617593,0.022601995853358012,-2.541349857065912e-05,6.435310556095305e-08,-4.490012667709084e-11
176,176,GA,6.196633370121412e-05,501,-0.08659151410960694,0.03812710994699879,-3.815286575449896e-05,4.323950862466263e-08,-2.267230601397272e-11
177,177,GA,0.004592129007025809,501,10.437541012974302,-0.030190460045408922,8.804548556312057e-05,-2.3291884108699924e-08,-2.6074931374242737e-11
178,178,GA,2.697897126595595e-05,501,0.1899036089446102,0.030585885027121895,-6.534946006302339e-08,-2.0590557557658272e-08,1.0983438999113805e-11
179,179,GA,0.0005824029055747536,501,1.300729290262729,0.03354903435991024,-4.789699363604246e-05,8.028403254353178e-08,-4.7419313232095506e-11
180,180,GA,0.0032644914910417277,501,8.492612911121995,-0.01668053175818599,6.04762705805723e-05,-3.7942360742185496e-09,-2.986188902595563e-11
181,181,GA,0.0018673013960551722,501,4.286016411382902,0.015534423109208745,-1.9561339944259602e-05,7.394369064451872e-08,-5.5096261213881444e-11
182,182,GA,0.0006879013649357352,501,-1.3450604933116,0.034921028671496546,1.601371090022813e-05,-7.25898378882072e-08,4.500448806833323e-11
183,183,GA,0.0015398436048139489,501,4.750918593308575,0.00974057799642933,3.3914996789649505e-06,3.9363642762235115e-08,-3.7770634868057565e-11
184,184,GA,0.0007478156372561697,501,2.4611788889021837,0.025000948996648863,-2.6787756239527268e-05,5.854218851295613e-08,-3.933982578775196e-11
185,185,GA,0.002941176229114991,501,6.647953745057397,-0.0008620002747009923,1.5802836756493744e-05,4.610924161312109e-08,-4.8597625968256316e-11
186,186,GA,5.325581858728679e-05,501,2.4025918592872375,0.01103940632417343,6.035824635673118e-05,-9.784719014040993e-08,4.55532091481795e-11
187,187,GA,0.004595094727983528,501,-8.796695164837999,0.08344937469051958,-7.578163863274076e-05,-2.033820274652165e-08,4.500860704149549e-11
188,188,GA,0.0002705256906905908,501,3.684689119155343,0.008029860181625636,4.1156518693689945e-05,-4.0830462910553355e-08,8.283568823377342e-12
189,189,GA,0.0004542317009026204,501,5.850843888303873,-0.008967316668645888,8.64898098164207e-05,-9.115116661054445e-08,2.8197140779322786e-11
190,190,GA,2.4018375176463697e-05,501,0.457118958892091,0.03268077671044732,-1.9009626381608932e-05,1.5757043390105e-08,-9.164668349175768e-12
191,191,GA,0.0026626409192986537,501,6.28250811821017,0.0012411898758653821,1.2827872903867497e-05,4.6714533613368094e-08,-4.832599016825676e-11
192,192,GA,0.00016664693467729563,501,1.924187872835367,0.023139460218058534,-1.3390961738596508e-06,6.598976340436216e-09,-9.92706333014856e-12
193,193,GA,0.0004168379560493584,501,-3.2873122180122327,0.05560542093787111,-5.605281883775881e-05,2.5496480219911352e-08,-1.2982658649419128e-13
194,194,GA,8.769451209285204e-06,32,0.757744055856376,0.0275646813303692,3.3059912151174456e-06,-1.8936084906654927e-08,8.162431729357616e-12
195,195,GA,1.2251006236180321e-05,501,0.010000011020533859,0.03566560025084697,-2.3684925880410436e-05,1.579484583341923e-08,-6.85630679225331e-12
196,196,GA,0.0017993891744774776,501,5.93084527807989,0.0006189534957981263,2.7036716104161565e-05,1.4894286975395593e-08,-2.917445179430175e-11
197,197,GA,0.0017118596239308844,501,-6.179541215521625,0.07248940562863435,-7.89498067382195e-05,2.2307045717050097e-08,1.2798268682391243e-11
198,198,GA,0.0011368475789223702,501,5.490253636268253,4.762181278468194e-05,4.096064714206914e-05,-1.4734576495708283e-08,-1.2113558285621555e-11
199,199,GA,0.0003264536292272161,501,1.7217296447004826,0.027297956317862325,-2.1033803003295487e-05,3.819499688812678e-08,-2.5994232707303823e-11
200,200,GA,0.0007280669285246386,501,5.6448566917180925,-0.006600186479493166,7.449152392714542e-05,-6.731056517120388e-08,1.3538942317533508e-11
201,201,GA,0.00022324656862029099,501,2.0404060897578256,0.023002777932253856,-3.7041912665356517e-06,1.249911530259841e-08,-1.3548449773437106e-11
202,202,GA,0.003762011842594008,501,-8.826495667391907,0.0862734509579077,-9.331714154621229e-05,1.2304241596748412e-08,2.655004453703871e-11
203,203,GA,0.001159502951505889,501,-4.500371353838665,0.060539800465316186,-5.215125597412708e-05,-3.505207419795192e-10,1.8735621923590177e-11
204,204,GA,0.007576653307396314,501,-9.694564580796161,0.08381684229586464,-5.046075853296204e-05,-8.15373962518181e-08,8.228657434515649e-11
205,205,GA,1.0748833834042652e-05,501,1.5626414547791692,0.020412416570231292,2.412869788474458e-05,-4.275989388268344e-08,1.7586889082115998e-11
206,206,GA,0.0004406202977820099,501,1.0970412314410305,0.034020847696106124,-4.500011763111983e-05,7.205887457150062e-08,-4.224678499725185e-11
207,207,GA,0.004252473569460555,501,-8.85727710525999,0.08674322873350118,-9.036363672619427e-05,-1.0000000423768674e-11,3.59938102959412e-11
208,208,GA,0.0017309163597841002,501,5.776917586283241,0.0009210369795077832,2.7725651126168065e-05,1.3755603448989339e-08,-2.897620191481616e-11
209,209,GA,0.0025238971545652167,501,-6.147968743172839,0.06805418150688655,-5.2767789875199215e-05,-2.3697008376871534e-08,3.752267402414239e-11
210,210,GA,0.00027138375977020854,501,4.253546608576574,0.003623106083699727,5.384694501748272e-05,-5.720658540569705e-08,1.5990546797005832e-11
211,211,GA,0.0017588805716623201,501,4.063311841407684,0.01587534544638039,-1.772555525137532e-05,7.090958977968678e-08,-5.4165789386021854e-11
212,212,GA,0.00013051260665538494,501,0.7992541025854027,0.022255104425253785,3.376384573958101e-05,-7.116491396991791e-08,3.57318643619549e-11
213,213,GA,0.0032001335110603928,501,8.293689591246485,-0.01470392211690534,5.446003444630199e-05,1.8954997769825938e-09,-3.108191501552539e-11
214,214,GA,7.912957377909018e-05,501,0.07162278069167712,0.029843840141575664,7.411922286524938e-06,-3.5250060747417876e-08,1.9183289822573728e-11
215,215,GA,0.0011775497891489469,501,-4.453554589143899,0.05905744573622775,-4.7106833401672596e-05,-5.512937204400688e-09,2.0186925577494386e-11
216,216,GA,0.001415518696184755,501,4.722009737537246,0.007978262002373863,1.219583833819615e-05,2.7438741370424705e-08,-3.311648103546627e-11
217,217,GA,0.002202837223745208,501,-5.6730905403165846,0.06563148920492211,-4.991551025798742e-05,-2.2303007681396323e-08,3.495554896002016e-11
218,218,GA,0.003732528627582402,501,-5.598203178273286,0.06212672780401495,-2.4338098051191396e-05,-7.654831504410533e-08,6.831605221400994e-11
219,219,GA,0.004288744352678602,501,9.784225322736667,-0.023926321236486615,7.08400706419065e-05,-5.061152554582738e-09,-3.316513700472164e-11
220,220,GA,0.0009672091985802554,501,3.764249437862571,0.014509645052902743,8.329336243596687e-08,3.122786118336073e-08,-2.978765041261606e-11
221,221,GA,0.0031824990122472563,501,8.527011503129716,-0.018266084933431664,6.701709405534623e-05,-1.2450401529429314e-08,-2.621754738893068e-11
222,222,GA,0.0006894150691712257,501,-2.75503211650608,0.04875444992316315,-2.7021363085809215e-05,-2.0425420392549115e-08,2.3562729042304982e-11
223,223,GA,0.004402968431745528,501,9.791353192449783,-0.025442848480938966,7.581211294282209e-05,-8.362106088935366e-09,-3.372888149413995e-11
224,224,GA,0.0022936414474129248,501,8.7812162922223,-0.022628952074109577,9.088893734475153e-05,-5.7285672294229026e-08,-3.0462718957099416e-13
225,225,GA,0.00027549785826780257,501,0.4421906994703007,0.03783173467180793,-5.031222692828599e-05,7.173186136552513e-08,-3.957884379037769e-11
226,226,GA,0.00022109932011955314,501,-2.582693070330421,0.05221442088282147,-5.379133193141342e-05,3.094463855599137e-08,-5.369270516013837e-12
227,227,GA,5.5765298688448675e-05,501,1.0783979919749127,0.021818603530751563,2.9997636604187874e-05,-6.21279270961919e-08,3.0608496062364335e-11
228,228,GA,0.00011098417043839648,501,0.646542577083408,0.03374651378585568,-3.000310713209632e-05,3.7029210389191014e-08,-2.090372640756455e-11
229,229,GA,0.0005622902515017337,501,2.512675355444943,0.022388821317761487,-1.3584622855906826e-05,3.795238274436176e-08,-2.941333957024808e-11
230,230,GA,0.0004759788027321991,501,-1.754569692642679,0.041261602623493536,-9.768187417571551e-06,-3.514748071832898e-08,2.7339264679643206e-11
231,231,GA,0.0006707195164496385,501,3.8471482327502167,0.01189985066816945,1.5052733996674813e-05,5.0506420228798315e-09,-1.5771857281833618e-11
232,232,GA,0.00014493762445066374,501,3.641762933128694,0.007075487261769138,4.946222970558704e-05,-5.8453651353940995e-08,1.895877407844456e-11
233,233,GA,0.0011107745400748966,501,-3.6277864516369167,0.052847153829231094,-2.922123582498297e-05,-2.7723656657357693e-08,2.994535353258871e-11
234,234,GA,5.7233523359146784e-05,501,2.1488643543088743,0.01885880981960271,1.8927006468061936e-05,-2.6803547316391013e-08,7.620829607387212e-12
235,235,GA,6.680464100314586e-05,501,-1.8993789192228587,0.05282208679715535,-7.49831355633406e-05,7.709605359653767e-08,-3.212132995844868e-11
236,236,GA,8.714914031695258e-05,501,3.897424774868779,0.002992611594999027,6.703325087600944e-05,-8.548103576586943e-08,3.241524567356904e-11
237,237,GA,0.010978577406144316,501,14.522096027515397,-0.049670152667932885,9.624221015377938e-05,2.126699071094947e-08,-6.482627884221221e-11
238,238,GA,0.0019046125146030748,501,3.833102089521186,0.018969387256942166,-2.975479071181862e-05,8.81098612300559e-08,-6.229141747220405e-11
239,239,GA,0.004462901934473155,501,-9.168565713124108,0.08808413436630509,-9.15920078126993e-05,-1.0000103496135581e-11,3.614951448491771e-11
240,240,GA,0.0008922073852273653,501,6.176668180148364,-0.007666397770157321,7.002376429731339e-05,-5.730038270024617e-08,8.77974866980095e-12
241,241,GA,0.00042177835260538357,501,-3.3897518088844247,0.05670557876808155,-5.9434166375318796e-05,2.938583472861602e-08,-1.6346905126540293e-12
242,242,GA,0.000993487289137652,501,-2.0063403681474243,0.03914862810104216,1.0060841009189158e-05,-7.415015340290377e-08,4.934908464710748e-11
243,243,GA,0.0014832111123999207,501,-5.87686498799107,0.07098539324842562,-7.813632788151363e-05,2.583377699416307e-08,9.472278339295749e-12
244,244,GA,0.00013255580216935933,501,-0.7282162600190862,0.045073741869762415,-6.341966116294846e-05,7.803158722409508e-08,-3.849149732654156e-11
245,245,GA,0.0025689920305365954,501,4.873190465299754,0.013042312149609289,-2.200985437294104e-05,8.823086168841264e-08,-6.530165588050538e-11
246,246,GA,0.00039321926515293877,501,3.597436611404477,0.011110050926196952,2.5865041999005616e-05,-1.7041540838080633e-08,-3.2517786793723597e-12
247,247,GA,0.003921643663024249,501,6.907074234147278,0.0004028793829566932,-1.0240686484878256e-08,7.858312399301864e-08,-6.748004350375049e-11
248,248,GA,0.0016439107583908657,501,8.125830373719971,-0.02040559931874625,9.433421979800211e-05,-7.237909170798503e-08,1.0116707346795372e-11
249,249,GA,0.0025698952207418493,501,7.507548088204555,-0.010412429422647715,4.945184047133409e-05,-5.065214390328386e-10,-2.6878826023887887e-11
250,250,GA,9.436647210922465e-06,239,0.11239878999986623,0.03370956167079303,-1.5029726783379945e-05,2.1176579158113958e-09,9.400470273707551e-14
251,251,GA,7.528632034664955e-05,501,2.6043632770510885,0.014282514320691607,3.289805443746835e-05,-4.266072739416486e-08,1.3502161813540946e-11
252,252,GA,5.410628822540551e-05,501,1.3363533354900834,0.025963666251257966,-2.4024085078552637e-06,-4.4157417600289714e-10,-3.809530694698546e-12
253,253,GA,0.001304505135068803,501,4.972951433342882,0.005930514717365298,1.949473788215118e-05,1.5422214376979292e-08,-2.6324037438859976e-11
254,254,GA,0.0012268348062906178,501,-4.343558610146813,0.058755201037487916,-4.523811892715632e-05,-1.032572340391717e-08,2.3522918527627976e-11
255,255,GA,0.00037646214308852246,501,4.800416450906818,-0.00032768207669664186,6.219075661423132e-05,-6.309885792428455e-08,1.686596439630647e-11
256,256,GA,0.00031398415456324426,501,-1.3695160317232158,0.03918464798548483,-8.614048160755051e-06,-2.9784227685477768e-08,2.2229859059564526e-11
257,257,GA,7.89939382550249e-06,31,0.021912643138751242,0.03389779840492475,-1.4701303171219185e-05,1.448079122378486e-09,2.9517334150432e-13
258,258,GA,0.00019484839602325495,501,-0.37461638304810885,0.03193845546095206,8.384215571758526e-06,-4.5186384589121885e-08,2.6772081348688854e-11
259,259,GA,0.0004944412606837095,501,4.104024889805579,0.007354694417457474,3.439769353414335e-05,-2.3689302088538784e-08,-2.0555219578990805e-12
260,260,GA,0.0024307796029531896,501,4.999069408240182,0.00995269700804189,-8.955028038346838e-06,7.130256975942832e-08,-5.880328420320024e-11
261,261,GA,8.493201500348426e-05,501,0.5755001415648945,0.026301031784316815,1.7870568043795832e-05,-5.0272187829349273e-08,2.708454883570313e-11
262,262,GA,0.0036977756748623383,501,-8.637266361185077,0.08606770877860087,-9.402437999535474e-05,1.1727712207686055e-08,2.8121221857181593e-11
263,263,GA,0.0002546403297156483,501,2.5098723270343295,0.018719761617104758,8.50554297347887e-06,-7.560032931649083e-10,-8.73530877594009e-12
264,264,GA,0.0019240655982054253,501,-4.724043396260315,0.057917688400875196,-3.0355791377391576e-05,-4.212280753741708e-08,4.1997643549858754e-11
265,265,GA,0.0002855836439391968,501,-1.3991351995135959,0.040036593999791655,-1.2503110602863779e-05,-2.4094825309614665e-08,1.9617252608185117e-11
266,266,GA,8.256416170960967e-05,501,2.711939054219969,0.013744436460108459,3.341565296143727e-05,-4.253489345093575e-08,1.3302095947947012e-11
267,267,GA,0.0005985041883804057,501,4.8066261282640985,0.002608546452832548,4.552053943866735e-05,-3.5332537204374397e-08,2.610115324548845e-12
268,268,GA,0.003251664822098076,501,7.349482658634991,-0.0064879861998117195,2.9281366947841646e-05,3.4898243071199625e-08,-4.6400930251851154e-11
269,269,GA,0.009991146700454154,501,14.208417418138545,-0.048915981394870446,9.99757486873415e-05,1.0257703649886511e-08,-5.835414913511586e-11
270,270,GA,0.00018301676494778405,501,-0.36598916451905616,0.03242962860868182,5.903257364335264e-06,-4.218429533065351e-08,2.5859536135017737e-11
271,271,GA,9.999993081742718e-06,292,0.4121834938094825,0.030090581919565335,-1.3595969665211797e-06,-1.673343953709375e-08,8.641120633906436e-12
272,272,GA,0.0003761786431426726,501,-4.610172413793793,0.06829761159644052,-9.774189007984594e-05,8.165770452210284e-08,-2.6387462617356987e-11
273,273,GA,0.0004843979521670304,501,1.216382508857984,0.03355776715270772,-4.5145603946706335e-05,7.345881457145441e-08,-4.31402134715474e-11
274,274,GA,4.5139703804253554e-05,501,2.0600072488542818,0.013656419504695974,5.1538660623200987e-05,-8.392272146594365e-08,3.789334338853499e-11
275,275,GA,0.00014445433828683571,501,-0.49825032812786363,0.03450139870694173,-2.8131810515753924e-06,-2.911840662016302e-08,1.9506878805891126e-11
276,276,GA,0.0011784995548463706,501,4.2508422519466125,0.010111139599311094,1.105549087771802e-05,2.3890279182343576e-08,-3.004948864334239e-11
277,277,GA,0.0005987458126284108,501,6.10186535122211,-0.009031893554944478,8.191886695586011e-05,-8.180347123524049e-08,2.322677961976599e-11
278,278,GA,0.00012912832528176607,501,1.919004042176426,0.021836722844363707,5.57126059142774e-06,-4.149618251650251e-09,-4.748041569511001e-12
279,279,GA,0.003953307304143564,501,9.513744514250963,-0.022880960333292483,7.122175215832032e-05,-9.197277160679915e-09,-3.011112593841434e-11
280,280,GA,0.000144889809957225,501,0.6821579177776605,0.023693140047163764,3.0276345199030598e-05,-6.986586493753418e-08,3.6865259436950935e-11
281,281,GA,7.407571573033073e-05,501,1.6224863785213806,0.023493398481304703,3.9961741357310265e-06,-6.354462713516678e-09,-2.199144491656366e-12
282,282,GA,0.00027820913744513987,501,2.400586148735503,0.019947004734202797,3.842845936249202e-06,6.104931181030931e-09,-1.2112182539442266e-11
283,283,GA,0.0010703042982265361,501,6.861033761861903,-0.012580639884432294,8.128343227423804e-05,-6.724110779260336e-08,1.1636357702844612e-11
284,284,GA,0.0001522539601689799,501,3.5559848821317774,0.008311010174296122,4.502697877306471e-05,-5.3026153161908125e-08,1.6848065696873215e-11
285,285,GA,0.002460007999924843,501,4.5531369487981905,0.015296509004119902,-2.6455055185552752e-05,9.29029543970608e-08,-6.774058844588476e-11
286,286,GA,0.0023835541337403014,501,6.48859648009581,-0.0022894733690856043,2.7708038741522732e-05,2.4591582967135752e-08,-3.7606619607422776e-11
287,287,GA,8.724933999018978e-06,33,0.31013552430239755,0.03287965123364977,-1.6364897260261578e-05,8.717986551884662e-09,-4.656933834393145e-12
288,288,GA,0.0007883670271708511,501,4.429722190916744,0.006687806074460725,2.8818077564608366e-05,-7.723075779405109e-09,-1.246426433711432e-11
289,289,GA,0.0033045419651030394,501,8.460192762001798,-0.01602325513509322,5.7500210013080475e-05,1.0060519814795107e-11,-3.118807590471344e-11
290,290,GA,0.00048819970394305747,501,2.4545725087881856,0.021580704459627325,-8.039911762054017e-06,2.89605043507397e-08,-2.514206075203211e-11
291,291,GA,0.0003857616499128904,501,2.909302028072473,0.01696004888742474,8.699793952394027e-06,4.490764699996758e-09,-1.2993952514420526e-11
292,292,GA,0.0007917100417717469,501,2.6829119272788304,0.022798800919123265,-2.076457705414089e-05,5.348838492726176e-08,-3.8552414993022716e-11
293,293,GA,0.0033381594687152483,501,7.217733390916039,-0.004007159357266867,2.0569961122624477e-05,4.5664762588554023e-08,-5.098979434867215e-11
294,294,GA,1.4950487153900147e-05,501,2.1279474666532914,0.01571961995488428,3.951461173215134e-05,-6.528652701238235e-08,2.9195734525369704e-11
295,295,GA,0.0003060344292692879,501,-0.17432227325040547,0.0439712966189422,-6.96714807512217e-05,9.505648176534862e-08,-4.897275260115927e-11
296,296,GA,9.99751591791574e-06,327,0.13771469092092695,0.032802068642219705,-1.1856406403067091e-05,-2.305748096090081e-10,-1.503397280883994e-14
297,297,GA,0.000212492285590848,501,2.5249678363928325,0.018225163150000948,1.1641759732314224e-05,-6.788958976804617e-09,-5.27662725121388e-12
298,298,GA,0.001107993994870725,501,3.6125293955409763,0.016754804020872184,-9.235696968688191e-06,4.705625827673648e-08,-3.8707519149944985e-11
299,299,GA,0.0009354378682259989,501,-5.53949504619369,0.07215964839262343,-9.363693814313013e-05,5.706809328078851e-08,-8.12984244576884e-12
0,0,ES,6.315351840183667e-06,52,1.5165683376176111,0.02172902293042686,1.8657234548021153e-05,-3.58036279366431e-08,1.501998745526543e-11
1,1,ES,4.239117719168827e-06,55,0.38895844815926417,0.03188508038860599,-1.1764461479610408e-05,9.929151588219115e-10,-5.736889191250643e-13
2,2,ES,7.00424836147955e-06,45,1.880986732908596,0.0184311341537263,2.8908305310592524e-05,-4.8713552541380544e-08,2.0487850785024992e-11
3,3,ES,8.506121852378198e-06,51,0.7140073543227771,0.02952177754231589,-6.934883528574544e-06,-1.9867353638892677e-09,-4.3973676792536117e-13
4,4,ES,8.978184560269688e-06,61,-0.23265332475050404,0.03726851676126371,-2.7957698579267404e-05,2.103891642867717e-08,-9.229990209776074e-12
5,5,ES,7.291935980806181e-06,46,0.22741472143733166,0.032474786113723855,-1.23253213536847e-05,9.343335724054383e-10,-3.3021141258949926e-13
6,6,ES,9.863080708063308e-06,54,1.0113700388226141,0.026670465438890303,1.8499505465565795e-06,-1.2854448779687317e-08,4.168675118563913e-12
7,7,ES,7.118722878160831e-06,50,1.950459301631946,0.01807202880522797,2.9536127825592372e-05,-4.880935710596487e-08,2.0252846382682534e-11
8,8,ES,8.499661451374817e-06,62,-0.1079773023384089,0.035074876816722035,-1.882222679216548e-05,7.432454168240161e-09,-2.6108996356031916e-12
9,9,ES,5.2390109030255995e-06,42,1.0312100551717884,0.025065029783517587,1.1963872664733757e-05,-3.072403452864855e-08,1.3718811429684511e-11
10,10,ES,6.643138354550977e-06,58,-0.15110796185171152,0.03577058710044982,-2.1596460687513034e-05,1.18195286183254e-08,-4.9801532900754755e-12
11,11,ES,7.743076650042506e-06,44,1.5427217517753822,0.020566972126913746,2.3990319770671082e-05,-4.316947014699709e-08,1.805063820837738e-11
12,12,ES,8.91164803290738e-06,58,0.08514987895013762,0.03285102611045596,-1.0183972825959048e-05,-4.87460174255372e-09,3.123207985461178e-12
13,13,ES,9.727688181902311e-06,62,-0.3428012301609281,0.037832631520595274,-2.881137439509039e-05,2.1726220933216703e-08,-9.616308919548722e-12
14,14,ES,9.863520927373929e-06,96,2.3433178370780863,0.014149198133891955,4.255059276373731e-05,-6.626543452093793e-08,2.836360311450715e-11
15,15,ES,3.82467391740785e-06,55,0.29412298959127725,0.03265610389317191,-1.4172767673724974e-05,4.350664880232727e-09,-2.2367019378959278e-12
16,16,ES,6.534984168644266e-06,56,1.0747488874634359,0.0241211486053103,1.558311264432496e-05,-3.6215133349238966e-08,1.6594254218455076e-11
17,17,ES,4.451031901376969e-06,53,0.05478565182979453,0.03391180731203843,-1.5439779185388654e-05,3.3206526692290745e-09,-8.560734717987767e-13
18,18,ES,4.526278277360692e-06,52,0.6379561679503348,0.028793937719624775,-1.8345000894003393e-07,-1.4803416326128333e-08,6.57442210685285e-12
19,19,ES,8.057848095067121e-06,43,0.8433907706591077,0.028146459673662534,-2.040606963535297e-06,-8.695547361256364e-09,2.7186327499101993e-12
20,20,ES,8.56441720735008e-06,62,-0.02148619858541725,0.03405411059449153,-1.4075383720996216e-05,-3.1529478409648325e-10,1.4102982906294086e-12
21,21,ES,6.672857554326219e-06,61,1.8041885961741275,0.01879739154754156,2.918649250922339e-05,-5.097747733405256e-08,2.2393697014055658e-11
22,22,ES,3.258946754342358e-06,48,0.9498333448293809,0.026557272875035363,4.8920121150611904e-06,-1.9173972700199168e-08,7.72723446669236e-12
23,23,ES,9.233950506234618e-06,44,0.5889801397375473,0.02938234411278429,-1.940363114816262e-06,-1.4157147459135641e-08,7.253067671445535e-12
24,24,ES,7.205139153373986e-06,50,1.886120587685629,0.018669556460894004,2.7473208104739793e-05,-4.5939083307255506e-08,1.896046512721647e-11
25,25,ES,6.7195218770240086e-06,50,0.1753344123193476,0.0327815365563128,-1.2756486377749753e-05,1.5666102392763252e-09,-9.384658540667854e-13
26,26,ES,5.5809143318252394e-06,46,0.985700346891046,0.026154434943915953,5.8972407961505815e-06,-2.0537577869044044e-08,8.583249099550123e-12
27,27,ES,2.394187068646461e-06,48,0.4472909328952726,0.03081357167031924,-7.389558823990906e-06,-5.356653764560914e-09,2.497917600828428e-12
28,28,ES,9.000414912450802e-06,62,2.1656284381397644,0.01562281175374095,3.8830704827696945e-05,-6.258273676462479e-08,2.7093049348842278e-11
29,29,ES,6.175337767671735e-06,59,0.06424826074260484,0.03373271216623881,-1.5147701498767225e-05,3.907505376367448e-09,-1.697581875214315e-12
30,30,ES,6.956084320387544e-06,49,1.1413032293863887,0.024008492648960676,1.5042340398812876e-05,-3.527201010931526e-08,1.6298548229340982e-11
31,31,ES,9.927222700888021e-06,43,0.923326658285447,0.028017032817641972,-2.4551814756152733e-06,-7.846155968922741e-09,2.2513829778882564e-12
32,32,ES,8.265520179635399e-06,59,0.2988797620341277,0.032479304486656924,-1.3597035887152342e-05,4.3789423831980896e-09,-2.8193896183701704e-12
33,33,ES,3.95708493797664e-06,56,0.9503995400579378,0.026707699746168167,3.6596888902325927e-06,-1.6767690697815463e-08,6.3914972570384895e-12
34,34,ES,2.760537858887567e-06,54,1.2452958558162837,0.02346582799684054,1.6098306061329472e-05,-3.58075344962161e-08,1.607025049880398e-11
35,35,ES,9.147289122926196e-06,50,0.48420819629015566,0.02961870945440365,-4.3019894950296644e-07,-1.7223693971994587e-08,8.588277000495171e-12
36,36,ES,2.2754592785463332e-06,47,1.2409233809763545,0.023605567934296592,1.5069625323052644e-05,-3.328344081434714e-08,1.4413574088188548e-11
37,37,ES,7.343503817062308e-06,59,-0.17200916372466624,0.03630161082054376,-2.423452154309083e-05,1.6064240543833882e-08,-7.12187773761582e-12
38,38,ES,5.299183304437637e-06,57,0.013365803650240825,0.03488859812096404,-2.026782620882557e-05,1.1217940103351665e-08,-4.985050167411542e-12
39,39,ES,5.474527545182629e-06,58,-0.014561702475879831,0.034945525076317124,-2.0232273036341744e-05,1.1164145906498505e-08,-4.977409622176366e-12
40,40,ES,7.755302055903797e-06,51,0.7090384160555884,0.02755514713048353,5.636710937256854e-06,-2.4884420124264635e-08,1.2180556799536283e-11
41,41,ES,4.90202855862281e-06,46,0.4264855758601741,0.031606974137295483,-1.1201073574215471e-05,1.1633936946207076e-09,-1.1614435991316979e-12
42,42,ES,8.635018779274039e-06,56,-0.08555420882949327,0.03449347539213274,-1.5417728745989665e-05,1.3989888142628974e-09,6.219163778773342e-13
43,43,ES,7.109224494761858e-06,56,0.49821795772445876,0.029914318211203335,-3.1236673268982222e-06,-1.2676357222530299e-08,6.550147306161086e-12
44,44,ES,9.708268831704206e-06,49,1.3742472425106091,0.022757987747553006,1.5862443714615975e-05,-3.258756464718884e-08,1.3491183238536209e-11
45,45,ES,8.70927395449553e-06,53,1.2450734785213222,0.02439260294502775,9.255872839649602e-06,-2.2238170797954685e-08,8.317563762553443e-12
46,46,ES,9.976206462730293e-06,49,-0.03648188184128043,0.0340955922907822,-1.5206376075684977e-05,2.9649305143024547e-09,-9.166892737718357e-13
47,47,ES,4.4577510440128315e-06,68,0.8825154849739076,0.02749130071390249,9.310021787164126e-07,-1.3216325117295417e-08,4.735111440158096e-12
48,48,ES,3.690163551997307e-06,49,0.7643303009416589,0.027006033794123273,6.7217663557903095e-06,-2.503606680325231e-08,1.1594013575175469e-11
49,49,ES,9.872432316591581e-06,63,-0.15070072226628983,0.03641228812424358,-2.489295228164577e-05,1.729471424713328e-08,-7.911262762705574e-12
50,50,ES,8.365239847770934e-06,59,-0.27720723037851347,0.037194205304601866,-2.627895534378171e-05,1.7374220258046385e-08,-7.121102998573153e-12
51,51,ES,7.705314856730911e-06,51,0.15529303850482196,0.032552163542703176,-1.000549995330469e-05,-4.6736021997007425e-09,3.0530685032124746e-12
52,52,ES,9.682710148835824e-06,56,0.28903092811678266,0.03154550322546978,-8.568503852810455e-06,-4.739042309395062e-09,2.4563118470740513e-12
53,53,ES,8.684352562652123e-06,53,-0.0531208871753822,0.03575848049832718,-2.3736679314171895e-05,1.620430085896918e-08,-7.333466947868357e-12
54,54,ES,8.359100767334343e-06,50,0.23630336257317341,0.03285520065189344,-1.3543099975778054e-05,1.8138227099950135e-09,-2.67609255794779e-13
55,55,ES,9.938107014126141e-06,37,1.6847624537827945,0.01961728478310825,2.5661962157988337e-05,-4.40257098846805e-08,1.8062977207477874e-11
56,56,ES,5.325920257448815e-06,49,1.3390515056515062,0.022989702953137844,1.5532442112439333e-05,-3.280766231928356e-08,1.3956242787941857e-11
57,57,ES,5.983544183256524e-06,45,0.33807176394075106,0.03082690707391535,-4.7748583226595626e-06,-1.0870054306024947e-08,5.419915484319719e-12
58,58,ES,9.50618602983672e-06,48,1.998969915212945,0.01769796048759945,3.112191573301818e-05,-5.1874509293695207e-08,2.2185579668502772e-11
59,59,ES,4.195050539942885e-06,54,0.9406321851167754,0.025396351476413632,1.1879332960316463e-05,-3.1787813994339974e-08,1.4667671515297926e-11
60,60,ES,9.292161020739228e-06,55,0.028459129167786437,0.03484492582881835,-2.081997676319262e-05,1.2605326138178993e-08,-5.699522801773484e-12
61,61,ES,4.520965355609426e-06,58,0.677630508360296,0.028260778456234297,2.6546065742696456e-06,-2.0485667885668504e-08,9.974283942462819e-12
62,62,ES,8.247950331894215e-06,60,-0.17533185378488797,0.03564895703264874,-1.975436303843534e-05,7.45302631427621e-09,-2.141353603394901e-12
63,63,ES,8.306978225398759e-06,58,-0.1585493693554133,0.03575333376639962,-2.0479165869890934e-05,8.881493692462274e-09,-3.1049759917503295e-12
64,64,ES,8.808281309182248e-06,56,-0.22367274924237002,0.03656203079495239,-2.3411725012593e-05,1.2575943568294594e-08,-4.5555397067212e-12
65,65,ES,8.140301191891841e-06,52,0.7804045581635128,0.02741592238156038,4.594728732691611e-06,-2.1253332965745652e-08,9.3499754321189e-12
66,66,ES,9.3400705286938e-06,55,-0.42241459847295015,0.03817862516312093,-2.849833672092972e-05,1.948265396075878e-08,-7.807859256036409e-12
67,67,ES,9.57928804706076e-06,54,1.4122463137105399,0.022369791794938327,1.7198807496712183e-05,-3.41925622688275e-08,1.407813831266499e-11
68,68,ES,9.49709286001054e-06,55,-0.014117153243742186,0.034401358899880156,-1.7561356423843236e-05,7.182431035895442e-09,-3.0473311120511713e-12
69,69,ES,6.554209447174768e-06,56,0.3383407751480243,0.03227444519794957,-1.2975593103693152e-05,3.3207840989700537e-09,-2.1663643110861207e-12
70,70,ES,8.068927578719097e-06,63,1.9315626108749464,0.018052476652326392,2.9324731892813295e-05,-4.7998198602837115e-08,1.9644755820889482e-11
71,71,ES,4.169932524395306e-06,52,0.8991071410796571,0.027268380367502433,2.044877299144546e-06,-1.5534500983822342e-08,6.373213965330273e-12
72,72,ES,6.648869644891788e-06,51,1.5757991481336688,0.02030500210236951,2.629874726252934e-05,-4.9026932132056524e-08,2.194299316428051e-11
73,73,ES,7.432337775316017e-06,59,-0.07794392363092041,0.03594382182776159,-2.3558942011154974e-05,1.5005311021188428e-08,-6.410929517212325e-12
74,74,ES,7.2771646576180355e-06,58,-0.13149103658071296,0.03614206262918127,-2.410572389156487e-05,1.6314754739760197e-08,-7.340519429213205e-12
75,75,ES,5.371396403052808e-06,60,0.9069572962086394,0.026438898792710972,6.340994116552397e-06,-2.188958493909335e-08,9.214421013108846e-12
76,76,ES,8.076532282176825e-06,59,-0.17630719908761383,0.03639211528993915,-2.394799064004979e-05,1.5100568231238455e-08,-6.4825616774381815e-12
77,77,ES,7.24615641136199e-06,54,0.20156490429756888,0.03332047698223734,-1.4757359773148872e-05,2.904344869187279e-09,-6.580985669140649e-13
78,78,ES,8.079977177230808e-06,51,0.18746161016837048,0.03287763339994125,-1.3416751905363913e-05,2.2520280848910485e-09,-8.734655643374034e-13
79,79,ES,5.743462753474197e-06,48,0.16489229854633342,0.032981853499833215,-1.371895375777721e-05,2.9594978623749625e-09,-1.5100180624207071e-12
80,80,ES,6.501199100638757e-06,48,1.569133896234839,0.020087860811112503,2.6661186096319393e-05,-4.854742760221661e-08,2.1401296641013412e-11
81,81,ES,5.124943717811926e-06,46,1.2995794154886127,0.023610284298025246,1.3291405224758071e-05,-2.9841890721612595e-08,1.2624071495708607e-11
82,82,ES,8.158122063048815e-06,54,0.9460345432431035,0.027380633858398756,-7.537433485835292e-08,-1.0824543195592668e-08,3.3834513005167944e-12
83,83,ES,4.11564298918203e-06,47,0.3358183803461353,0.031274037873342035,-7.445721255650044e-06,-5.926870189805773e-09,2.670971929537571e-12
84,84,ES,9.695128590083029e-06,56,-0.02290649122446745,0.03402197231476347,-1.3709455557901124e-05,-1.0396198634112258e-09,1.7208180596790577e-12
85,85,ES,4.9969467435198015e-06,49,0.5955625161284217,0.030055881076701315,-6.14431661472261e-06,-5.72981563672077e-09,2.2198705996898936e-12
86,86,ES,4.097876869174041e-06,49,0.6339166541019828,0.028450166040228212,1.8460021107006428e-06,-1.9047165370501232e-08,9.164491442582669e-12
87,87,ES,6.578621262317775e-06,49,1.904932601906935,0.017760508086024678,3.171513122780375e-05,-5.233031659490516e-08,2.194439351442332e-11
88,88,ES,9.79689935047114e-06,59,-0.26886097473452386,0.036431050720495274,-2.254940921294279e-05,1.2182805796767428e-08,-4.930985890259677e-12
89,89,ES,3.7706691141108518e-06,52,0.5787202594948061,0.02896484648988338,1.2458758058759807e-07,-1.6580074460211785e-08,8.01972956731501e-12
90,90,ES,9.94956386979064e-06,46,0.24004525155856876,0.03312986394988091,-1.4995671225218053e-05,4.676791514489171e-09,-2.261368248395931e-12
91,91,ES,6.667115003912673e-06,56,1.3600110162658727,0.023649041961604396,1.1404708752883163e-05,-2.4876110975896036e-08,9.365385157314421e-12
92,92,ES,7.315038346034097e-06,52,1.4183029073629752,0.02183567021095112,1.988488256424683e-05,-3.784065813959363e-08,1.5691573616002636e-11
93,93,ES,6.746444604830959e-06,53,0.9516065972589554,0.025730104938022653,8.870107627869383e-06,-2.5145248587143116e-08,1.0461518366568304e-11
94,94,ES,8.171409042565341e-06,60,-0.10398233078933274,0.03614139267748503,-2.487548883073074e-05,1.803532896325757e-08,-8.404630796464671e-12
95,95,ES,9.778993983420925e-06,92,2.2065277371854397,0.014888384343626585,4.180824023137551e-05,-6.711446418879857e-08,2.937768423855973e-11
96,96,ES,9.04509361546828e-06,53,1.6649856504247817,0.018885736666422303,3.1195035497181754e-05,-5.510974374231836e-08,2.4522168204448604e-11
97,97,ES,3.064174207288641e-06,49,1.2964670878115239,0.02343254905939611,1.403783972049483e-05,-2.99835362045743e-08,1.2135297025695445e-11
98,98,ES,8.125775603577437e-06,60,-0.10507922601528982,0.03582938779196108,-2.304572812953602e-05,1.4612533954444598e-08,-6.33695627658584e-12
99,99,ES,9.653228486213418e-06,55,0.829226610527602,0.02695047978484139,5.077730601920802e-06,-2.126613553372902e-08,9.303708867676609e-12
100,100,ES,5.519037153472271e-06,53,0.7816096817393512,0.027729285815231257,2.5568292146991708e-06,-1.77588685725476e-08,7.547003848688647e-12
101,101,ES,7.2695145128759885e-06,45,1.220066980523598,0.02490067338821061,8.737871171122023e-06,-2.3903579650308802e-08,1.0096032927960899e-11
102,102,ES,9.097253855863914e-06,60,-0.21179681231677125,0.03597918467239055,-2.098615518169593e-05,9.880192897530227e-09,-3.732689219259922e-12
103,103,ES,9.5614425374246e-06,51,0.7283466247630372,0.02784547889004322,2.770371399912881e-06,-1.9525013132394057e-08,9.371271054212546e-12
104,104,ES,5.205459570176651e-06,49,0.7745649888869275,0.02758022664820272,2.921398532890867e-06,-1.8675920568873798e-08,8.407518512952379e-12
105,105,ES,3.3294351503517568e-06,48,1.3258547262794391,0.02236872449452988,2.0151056495576552e-05,-4.1095593710285446e-08,1.8365230824423028e-11
106,106,ES,7.387064753978735e-06,54,1.3520673550735918,0.02268920546435123,1.7621256371855466e-05,-3.581400176528727e-08,1.5167899806691982e-11
107,107,ES,5.461532735689641e-06,60,-0.0604297931268048,0.03510839990252455,-1.936985717403706e-05,8.484781272289209e-09,-3.2046938234885515e-12
108,108,ES,8.547444270183855e-06,54,0.9998393567015366,0.026399593258708196,5.2879220403993796e-06,-2.0785550216767848e-08,9.037287458491599e-12
109,109,ES,9.704165825112983e-06,50,0.45370445464640596,0.03170969743018922,-1.2183373379199014e-05,2.1128759307752834e-09,-1.1679911030789896e-12
110,110,ES,6.287600446050252e-06,46,0.7729518145471168,0.028214363730001586,6.677502450204622e-07,-1.610192022668744e-08,7.44083347045383e-12
111,111,ES,5.7135398291066185e-06,50,0.9767218330324814,0.025858898771852077,7.3496396472797685e-06,-2.2433841169942602e-08,9.274711091115406e-12
112,112,ES,7.093986857579026e-06,70,0.47507599467065914,0.029465094005953738,1.3518463180608689e-07,-1.829413530082205e-08,9.272021876232244e-12
113,113,ES,9.459118976833933e-06,47,1.5373357066239326,0.021973865241132755,1.781763983075874e-05,-3.466598896676762e-08,1.4283378942164933e-11
114,114,ES,8.599637216578728e-06,62,-0.25673561586454186,0.03720037075406044,-2.697063991351833e-05,1.90567730595586e-08,-8.180081495836714e-12
115,115,ES,9.288438982727266e-06,53,1.1858964619891577,0.025573165152407828,5.203791239745111e-06,-1.751221564495715e-08,6.521270518211687e-12
116,116,ES,9.924818265714364e-06,48,0.46114999816832164,0.03076777594340501,-7.592422139991018e-06,-4.274755949270672e-09,1.6954058166840215e-12
117,117,ES,6.859245272753232e-06,60,0.031348272771077795,0.03356041479459975,-1.2944979995018714e-05,-1.1415791694160406e-09,1.5162963720591736e-12
118,118,ES,8.561182796520006e-06,63,1.150044567462579,0.02573495333969013,4.3527881449186795e-06,-1.5836155726936225e-08,5.483093731550833e-12
119,119,ES,9.653885835451125e-06,72,0.8825351294846533,0.027373499632253467,5.628064660970586e-07,-1.1614611672938993e-08,3.7011306936157384e-12
120,120,ES,8.895644506349239e-06,44,1.396750894694973,0.021446993086886072,2.3005154292044226e-05,-4.4231550337424115e-08,1.955005349435288e-11
121,121,ES,8.686514507996974e-06,57,0.2799910050823904,0.032065545614219725,-1.1612431853393386e-05,9.300358604267069e-10,-7.387214630832686e-13
122,122,ES,7.768176021679416e-06,49,0.18393506086757594,0.03385457339484076,-1.8777802337427972e-05,1.1158240205662892e-08,-5.594780982826437e-12
123,123,ES,6.8580238558518204e-06,45,0.8304959073534162,0.02771105252143526,2.095045419151722e-06,-1.7973413101826278e-08,8.39438157216857e-12
124,124,ES,9.151793500943723e-06,56,0.8543002852331766,0.027752310429458138,1.5225877235931677e-06,-1.6965115625103516e-08,7.954003178190003e-12
125,125,ES,3.146460909826357e-06,56,1.2135603191421236,0.02391371930696174,1.3392880035491775e-05,-3.0017813001766356e-08,1.2483281253717551e-11
126,126,ES,3.6245764110371166e-06,59,0.911390863528975,0.02572841804732994,1.0617049091456384e-05,-3.0044267830512e-08,1.3884403273162733e-11
127,127,ES,8.514789394510093e-06,50,-0.043892256629221714,0.03465463577627928,-1.7425658210204453e-05,5.133803333842874e-09,-1.3601182473565683e-12
128,128,ES,9.42095365382471e-06,56,-0.19809189037248245,0.035510538966374926,-1.8776370414116488e-05,6.05304831058144e-09,-1.6028603738653977e-12
129,129,ES,4.063856774385728e-06,49,0.7736472044968395,0.027303638744565276,4.989948128883772e-06,-2.263772576297015e-08,1.0707574817182852e-11
130,130,ES,8.210722165424248e-06,50,0.403553606237693,0.03203078508804731,-1.2977571593921755e-05,3.6380898694923516e-09,-2.305074310333698e-12
131,131,ES,8.03702060781885e-06,48,1.396947608355524,0.022237388516148933,1.836097313579862e-05,-3.682496008777878e-08,1.6005098119451067e-11
132,132,ES,3.968258192676674e-06,57,0.5076579214660718,0.030766358949760476,-9.002906385723335e-06,-1.1326520580598322e-09,-2.3928838739990934e-13
133,133,ES,7.033642873465224e-06,48,0.7767496103342368,0.02778236613047399,3.1063657977647513e-06,-1.968330021203099e-08,9.101860952477425e-12
134,134,ES,7.701478678163303e-06,42,1.2617149838285027,0.023449540433329454,1.5217208017082816e-05,-3.363237282958761e-08,1.4915665661123294e-11
135,135,ES,5.278766787524605e-06,49,1.0172658869396636,0.026046277678489892,6.415589142251327e-06,-2.1809186832624017e-08,9.2406383161372e-12
136,136,ES,9.703809429863232e-06,64,-0.057460452322516786,0.03610813026770051,-2.549738765699392e-05,1.9118862774727094e-08,-8.791324605314821e-12
137,137,ES,9.942214118935672e-06,55,0.563146375839869,0.030625115267731828,-9.953358129944182e-06,1.6631360581489697e-09,-2.0126594510091225e-12
138,138,ES,8.87849574631532e-06,52,1.4916487967336283,0.021731926815965807,1.847264337079079e-05,-3.4230519244163705e-08,1.3454850144171562e-11
139,139,ES,8.206575871876451e-06,52,0.4947929839568186,0.030916998332553375,-1.0020456996626218e-05,1.3181674479037399e-09,-1.898948549665114e-12
140,140,ES,5.9669509673694126e-06,53,0.2624345395017783,0.03278788238947823,-1.4035862230168506e-05,3.1813058700904006e-09,-1.1805302495304033e-12
141,141,ES,8.54073546127184e-06,49,-0.23459698995614098,0.03655210783435434,-2.4048249483383463e-05,1.4825032316991902e-08,-6.264056296202905e-12
142,142,ES,7.640788140735936e-06,54,-0.1210279115119266,0.036296119536391384,-2.4742834530890693e-05,1.698679186357069e-08,-7.54185523572686e-12
143,143,ES,6.777338202392043e-06,56,0.24113517418054853,0.03295807694376886,-1.5424522044357948e-05,6.9664388846903645e-09,-3.9029386533096764e-12
144,144,ES,7.322751920208546e-06,48,0.2675775538655291,0.033129907527674446,-1.6810818956542094e-05,9.209657130679779e-09,-4.971448161301917e-12
145,145,ES,4.920997736553133e-06,56,1.0639261335987324,0.024876029821185443,1.2676908249895955e-05,-3.220228361997032e-08,1.4635260017283704e-11
146,146,ES,1.2727365213836845e-06,60,0.923702834655963,0.026595102320598873,5.817509174561579e-06,-2.2086618334902387e-08,9.735080270665728e-12
147,147,ES,7.450343258633342e-06,47,-0.17506134174586824,0.03647178248657204,-2.466655199701113e-05,1.5984101629714163e-08,-6.668875922701048e-12
148,148,ES,9.077656951384324e-06,55,0.19179863104639902,0.03331741792585284,-1.649311744035497e-05,8.089363360067426e-09,-4.203057745401572e-12
149,149,ES,9.098533580409435e-06,55,0.05461653114220092,0.03437316581314269,-1.8999166745508662e-05,1.0531787163585908e-08,-5.197826077419271e-12
150,150,ES,9.729799060124274e-06,49,1.1006846473456307,0.025541911232742034,7.829120967161576e-06,-2.3276541565223636e-08,9.657496185581067e-12
151,151,ES,6.452669812684266e-06,50,0.5266332552151567,0.030959404430630385,-9.603299326964449e-06,-8.552631832956244e-10,-6.260751325316415e-14
152,152,ES,5.752334815178273e-06,41,0.3265454509252821,0.03168314165346859,-8.522111612397378e-06,-6.078169469430576e-09,3.6192431545203066e-12
153,153,ES,7.466832114032596e-06,47,0.23151194008904313,0.032695990857364875,-1.283939996932715e-05,1.1580880002059079e-09,-1.7832587040419113e-13
154,154,ES,7.205403135848203e-06,59,0.3334926899716368,0.03244838621201601,-1.3318850161362672e-05,3.0000198215204822e-09,-1.6271872856807472e-12
155,155,ES,7.896254587896302e-06,52,0.3138067871008571,0.03186456872361595,-9.949544292616894e-06,-2.679390598825506e-09,1.276533636258955e-12
156,156,ES,9.703750944695443e-06,48,0.18190472408101613,0.03418435100103644,-2.0114065672449877e-05,1.284026437827396e-08,-6.269362911340383e-12
157,157,ES,8.450267125761593e-06,43,2.1556709043645914,0.016122779209145573,3.558198667942071e-05,-5.6367032173799946e-08,2.3530726891658027e-11
158,158,ES,9.806309335040781e-06,54,-0.21077118429825367,0.036728881721002506,-2.558329845582922e-05,1.726838857765971e-08,-7.31634555167655e-12
159,159,ES,9.048190664715458e-06,45,1.425902381554093,0.022652716447053543,1.6305975440198307e-05,-3.432530041057046e-08,1.5058340218372682e-11
160,160,ES,3.4589202162975797e-06,48,0.8405720139366378,0.02683683103481988,5.616574114663593e-06,-2.1458740464227e-08,9.089281439643846e-12
161,161,ES,7.478413325069977e-06,50,0.1754414795006798,0.03397652430433601,-1.9269942429213297e-05,1.2001647791757073e-08,-6.049726937966115e-12
162,162,ES,8.058823462371158e-06,50,1.8433062634081443,0.01843903849840619,3.0198482627120497e-05,-5.1515357112905594e-08,2.2012637143075512e-11
163,163,ES,5.365924693073524e-06,50,1.3735098184963563,0.022047489506898495,2.058651851752694e-05,-4.051887123698529e-08,1.7509976024312204e-11
164,164,ES,4.748685217489332e-06,50,0.22994543621094637,0.03295355688863876,-1.4436059194871148e-05,3.917811737574735e-09,-1.6751413582958956e-12
165,165,ES,7.094099232845426e-06,61,0.16587211575939614,0.033389178324790623,-1.5931919603465887e-05,6.108429945181578e-09,-2.8005036378552637e-12
166,166,ES,8.845538911742669e-06,63,-0.12968528244277955,0.03540907241303207,-1.9772508594496484e-05,8.144592308267761e-09,-2.6907829365873617e-12
167,167,ES,6.225018860646922e-06,55,0.6276756066770125,0.02999814982199164,-7.522116126287531e-06,-1.8087226027218967e-09,-4.820246583951151e-13
168,168,ES,6.3043925435043885e-06,46,1.1693660103687211,0.023325013670034436,1.824599626151754e-05,-3.991199909970578e-08,1.8359171696422675e-11
169,169,ES,5.115863137614849e-06,52,0.340476743955158,0.032311775629134225,-1.2834703532986784e-05,2.117379868379938e-09,-9.528414709793263e-13
170,170,ES,8.984511619628064e-06,56,0.26740439064936694,0.0334371139923923,-1.7705452129585748e-05,9.69509350257935e-09,-4.862194970357608e-12
171,171,ES,4.382275948495845e-06,57,1.4093964656888482,0.02228259222167752,1.7924144289603167e-05,-3.5644530726623927e-08,1.513498879063303e-11
172,172,ES,7.800148733316128e-06,51,0.6523315648274628,0.02938676835065873,-4.967684108391142e-06,-5.662874319520985e-09,1.5492816790924575e-12
173,173,ES,5.0420199435668e-06,55,0.18715244527631075,0.03268768413819739,-1.1787177113682614e-05,-8.446205546396448e-10,6.25000118361672e-13
174,174,ES,9.736904641763826e-06,50,1.1192083773028834,0.02562781179178282,6.274321535637038e-06,-2.00517443684727e-08,7.861962299709515e-12
175,175,ES,3.390244181642536e-06,50,0.7464142778801575,0.027331827835368232,5.449431802591467e-06,-2.3013524705087514e-08,1.0485273042488831e-11
176,176,ES,9.79866095316416e-06,62,-0.025895731247739223,0.03436175319506278,-1.539494830364641e-05,1.6509722966235691e-09,3.38701096109025e-13
177,177,ES,7.936801657320633e-06,52,0.779451495266985,0.02670013298555373,8.689235930045787e-06,-2.9106090803317744e-08,1.402831676510144e-11
178,178,ES,9.377259992843015e-06,52,1.328528348988336,0.021900446768848097,2.2256375767059858e-05,-4.382186950761512e-08,1.946875406366622e-11
179,179,ES,8.783662273499149e-06,88,2.072662458240894,0.015821853116962884,3.896728584666927e-05,-6.27826883246799e-08,2.7038818239520655e-11
180,180,ES,8.677200822520428e-06,51,0.9534142410058941,0.026594888473861836,4.510028162674723e-06,-1.9694368069963025e-08,8.720171720869672e-12
181,181,ES,8.785260889686609e-06,47,-0.21238281615956223,0.03701030998880026,-2.6314903571405745e-05,1.805815593137623e-08,-7.680129594297885e-12
182,182,ES,6.901747172045919e-06,47,0.4397436778186579,0.03059704601767268,-6.215457639015069e-06,-6.957819773051059e-09,3.209883586901611e-12
183,183,ES,9.462365638445021e-06,52,-0.2160660601398661,0.03592040044365939,-2.082120622379548e-05,9.177645875350075e-09,-3.0729946605562634e-12
184,184,ES,8.175179994383216e-06,49,1.7072110013317927,0.01975179387779647,2.502518158938016e-05,-4.313787057525986e-08,1.766485056815054e-11
185,185,ES,3.998597905819551e-06,52,0.4295365709849826,0.031068943086135586,-8.24175247841632e-06,-3.6598159287842605e-09,1.330365420912943e-12
186,186,ES,4.750838884877553e-06,47,0.556780247734298,0.028789776817598728,1.6760241278895537e-06,-1.9237219268498237e-08,9.27751446519208e-12
187,187,ES,8.544845355514158e-06,54,1.7424636136688822,0.020169211961745453,2.281958364395453e-05,-4.049967670231953e-08,1.6858468370599066e-11
188,188,ES,4.419512551666913e-06,58,1.3410560818355786,0.023115974729137005,1.477408028317472e-05,-3.149016310036107e-08,1.3312604443793458e-11
189,189,ES,7.344259735965001e-06,50,1.2876321219008302,0.02361845980344995,1.3641109470183446e-05,-3.1053663713746784e-08,1.3625832088427094e-11
190,190,ES,7.529384228966894e-06,50,0.4237535478994564,0.03182580738823128,-1.2500667265998085e-05,3.4652830783299194e-09,-2.4375622177001546e-12
191,191,ES,7.604908308464958e-06,55,0.851047107378654,0.026421136754632323,8.640360989424307e-06,-2.853666395374902e-08,1.3822211877591785e-11
192,192,ES,9.91095204248187e-06,63,-0.05803076660103902,0.03421172370974735,-1.4469386434364756e-05,-4.6544005785534014e-11,1.3794375036204934e-12
193,193,ES,9.983497928749306e-06,63,-0.09415101202345165,0.03505885247783022,-1.790497238096763e-05,5.022832712758922e-09,-1.0040388629308904e-12
194,194,ES,8.439393245604195e-06,47,0.514012792443661,0.030950279420066402,-9.255732955295517e-06,-2.245229822906709e-09,1.0174133132025848e-12
195,195,ES,8.626066482862255e-06,56,-0.02706611035030268,0.034955304050887655,-1.944197256038256e-05,8.70095904778978e-09,-3.28486485915948e-12
196,196,ES,8.245282401963727e-06,54,-0.20757623828042915,0.03703197930781681,-2.7148036288676398e-05,2.0010650083590258e-08,-8.797605049264914e-12
197,197,ES,7.09384301701818e-06,58,0.1626333073211763,0.032867478338071354,-1.2039212447974944e-05,-1.1912928499190538e-09,1.0876633532331915e-12
198,198,ES,6.921419357836821e-06,47,1.60552938467977,0.020902966166964104,2.1268071743778396e-05,-3.869173391147577e-08,1.5985697047703996e-11
199,199,ES,8.620702937373244e-06,78,2.105574224290965,0.01587374116634662,3.8790346929717925e-05,-6.315774792298148e-08,2.7533328543790082e-11
200,200,ES,7.576098743277506e-06,50,1.023785106288769,0.026411255641776755,2.972507705816815e-06,-1.4337082218841901e-08,4.798875889407454e-12
201,201,ES,7.786343592441955e-06,44,1.2944932148820811,0.02302032632681006,1.7083589967388696e-05,-3.637951427614665e-08,1.619441139405111e-11
202,202,ES,7.5224284180974365e-06,54,0.32079072286339894,0.03219593828298604,-1.3024592289929144e-05,4.161512532784092e-09,-2.8468228648284894e-12
203,203,ES,7.872704104185652e-06,57,-0.02043195698806044,0.03529567730505914,-2.132486138177867e-05,1.1740168411579487e-08,-4.751118527096925e-12
204,204,ES,8.343927257271738e-06,49,2.0157605551516777,0.01752325302860133,3.1374081841639255e-05,-5.1450107037820556e-08,2.1604771567285624e-11
205,205,ES,7.716234690318434e-06,54,1.3710319083241664,0.02285619012920547,1.7004628852115145e-05,-3.657638518046323e-08,1.652218034619179e-11
206,206,ES,9.609402934093798e-06,38,0.5578850284169863,0.03059094562248126,-7.820395452999948e-06,-4.531689336892742e-09,2.276198258011335e-12
207,207,ES,9.752058238721751e-06,59,-0.10146074892757732,0.03482593216538093,-1.6963938104270965e-05,4.313538311450777e-09,-1.0805665937573561e-12
208,208,ES,9.962527756575733e-06,57,-0.26304529563779183,0.03678935629577342,-2.4538367519339165e-05,1.4772958544742692e-08,-5.748174099009555e-12
209,209,ES,8.481165616004803e-06,43,1.1269957531917274,0.024481035170455114,1.3749354347082079e-05,-3.387212666921601e-08,1.555747997584594e-11
210,210,ES,6.5111156715148774e-06,53,1.112496372689587,0.02393155593958326,1.592988025492741e-05,-3.6461636143015996e-08,1.667600445955728e-11
211,211,ES,9.780716249622988e-06,53,0.5423980277714243,0.030883126664870423,-9.955084745352346e-06,7.758369301506084e-10,-1.3391200570094405e-12
212,212,ES,7.825498061255325e-06,49,1.4309137673938501,0.023059425550130255,1.335413082561797e-05,-2.8265846401349582e-08,1.1376058066888292e-11
213,213,ES,9.186052455642104e-06,57,-0.13272324827394563,0.035347756024243504,-1.9830535024335272e-05,8.987936616400686e-09,-3.3789153967609413e-12
214,214,ES,6.457297193609257e-06,49,1.0014401328715208,0.026093856621455316,5.497878249180651e-06,-1.948561382088306e-08,7.931048406125776e-12
215,215,ES,5.381424228445196e-06,53,1.3718896857373737,0.022482160629821682,1.8615398242926775e-05,-3.775744546450058e-08,1.6264452895174098e-11
216,216,ES,8.841241398483745e-06,59,0.34761138997040986,0.030833804443952378,-5.997955502835935e-06,-7.82431438067209e-09,3.656501998481292e-12
217,217,ES,7.461177497085849e-06,53,-0.2396029088820773,0.036510653415346234,-2.3031964403482153e-05,1.2319914315238443e-08,-4.595633302792429e-12
218,218,ES,9.62010247696387e-06,58,-0.3219464350523942,0.03774882913018984,-2.8197363156734263e-05,2.033862867778082e-08,-8.66362889421869e-12
219,219,ES,7.530611005738027e-06,45,1.0937398220960517,0.024710697432678615,1.1959625260737747e-05,-2.9286461107739378e-08,1.2590417658752956e-11
220,220,ES,9.006327878307278e-06,41,1.3760159237762921,0.02279978595379766,1.531907515357815e-05,-3.130092472708208e-08,1.290469079018441e-11
221,221,ES,9.441120458493037e-06,58,-0.1497403206639033,0.03600155342775186,-2.2201780005010088e-05,1.1530408521104659e-08,-4.252850598784335e-12
222,222,ES,9.658221319113758e-06,58,-0.243806732921134,0.03752166490203588,-2.8758558191297473e-05,2.2087927669570266e-08,-9.780643332858078e-12
223,223,ES,7.2429391765446925e-06,55,0.1891498519618584,0.03389325050301889,-1.8209252316577514e-05,9.363752968283789e-09,-4.319880632411003e-12
224,224,ES,8.958955467111284e-06,46,0.6928454628775751,0.027707929151356694,5.465253840208059e-06,-2.4740762861552998e-08,1.2006382125389153e-11
225,225,ES,3.9132525268266815e-06,50,1.0913019074202523,0.025299536239873025,8.245205977294132e-06,-2.350034724074023e-08,9.894891409100417e-12
226,226,ES,6.906389719765389e-06,56,0.2526868486492977,0.033192084549491664,-1.6172564988532993e-05,7.451721227252809e-09,-3.8157356535898e-12
227,227,ES,7.811576973201984e-06,55,0.018817220378893162,0.03398189148006665,-1.5703242942660877e-05,4.165254941114659e-09,-1.6068124242334973e-12
228,228,ES,2.068982538644606e-06,53,0.9505144345908445,0.026313465058465317,6.7434472665248875e-06,-2.3133742617421202e-08,1.0076113327155163e-11
229,229,ES,8.231086858675915e-06,55,-0.1845924064427136,0.036618131376289234,-2.4803657369979638e-05,1.5560363949792948e-08,-6.228848342417197e-12
230,230,ES,3.827922284058093e-06,59,0.8863254207657856,0.026421495493381728,6.717491435551565e-06,-2.26762053558147e-08,9.548055278354655e-12
231,231,ES,9.604030511404052e-06,60,-0.08014248275024828,0.036210390146693354,-2.4963541082964625e-05,1.756967417356469e-08,-7.855313116810963e-12
232,232,ES,1.6764868268485534e-06,56,0.977346469612554,0.02622656350000557,6.52978763036401e-06,-2.24500590260448e-08,9.666276659184148e-12
233,233,ES,7.833464530497647e-06,52,-0.15553453988275898,0.03596451884920622,-2.1626363929797925e-05,1.0458432732060034e-08,-3.695941336744393e-12
234,234,ES,8.849644948708968e-07,53,0.6510031702695438,0.028939610306566516,-1.443069071441664e-06,-1.2982508723567635e-08,5.8399431655056206e-12
235,235,ES,4.5929161331150445e-06,64,1.262851861578332,0.022850795924064915,1.7875206579157637e-05,-3.7077955284970324e-08,1.6153053858859354e-11
236,236,ES,3.043396160440774e-06,47,0.8183806222868426,0.027107810518403636,4.50006604856943e-06,-1.9793772242240208e-08,8.277926490198313e-12
237,237,ES,8.644246164592993e-06,52,1.6965028499408539,0.019396667871992783,2.8752145158751537e-05,-5.128319140218387e-08,2.2546453526430683e-11
238,238,ES,6.811683986939946e-06,40,1.0944453697786443,0.024128671529693918,1.5097913273289785e-05,-3.4895238600438084e-08,1.5730386202490538e-11
239,239,ES,4.617906323837997e-06,53,0.6294086456230439,0.029212092142259605,-2.177666305793022e-06,-1.191731853876125e-08,5.303344191944497e-12
240,240,ES,9.728572991754332e-06,54,1.0591477732963002,0.0249413320554713,1.1075843360165422e-05,-2.813127359173481e-08,1.1895452020240968e-11
241,241,ES,7.122132507015269e-06,64,-0.23577146230364177,0.03695841416598863,-2.596086401301269e-05,1.7629602781662622e-08,-7.485337801630158e-12
242,242,ES,4.6510873706207015e-06,52,0.37867024907277275,0.03103428027120894,-7.471837559873721e-06,-5.591617805921004e-09,2.670467193586922e-12
243,243,ES,3.5698568775005644e-06,58,0.9533437065332504,0.026044830559335663,7.931418423283898e-06,-2.453625822770878e-08,1.0517541737310354e-11
244,244,ES,9.922331410421644e-06,43,0.9783697260744353,0.025775677207282344,8.638958676761798e-06,-2.5669384277545532e-08,1.1143245854581496e-11
245,245,ES,6.034756689219351e-06,62,1.8406292017036856,0.01846624950642199,3.0031374898914807e-05,-5.166278086488701e-08,2.2402375163646898e-11
246,246,ES,6.546740079535201e-06,48,0.8060229956209513,0.02767045404085606,1.046934765183458e-06,-1.3392902941035543e-08,4.734057254948292e-12
247,247,ES,5.696095692522669e-06,59,0.14027927084799083,0.03308762942534009,-1.329348309602717e-05,1.197575240594537e-09,-1.1516349749995054e-13
248,248,ES,4.085687988615161e-06,56,0.9580896124565583,0.02662660885782144,3.7896155050456635e-06,-1.669637909771753e-08,6.231577463781588e-12
249,249,ES,5.766676789240485e-06,51,1.7118888303767248,0.020165050756782325,2.2775589736587944e-05,-3.972143918036739e-08,1.6013986293138907e-11
250,250,ES,7.165777408501171e-06,46,-0.05394785519400658,0.03515920366134049,-1.9857962250438743e-05,9.810299183411732e-09,-4.206999501897959e-12
251,251,ES,7.546971721805503e-06,56,0.7919147364920475,0.026985906312495176,6.300481318681533e-06,-2.4695121824772974e-08,1.181330735011895e-11
252,252,ES,8.646518972820035e-06,61,0.7998467149976745,0.02788305032627781,5.254521936156729e-08,-1.1931947518051091e-08,3.952671924838477e-12
253,253,ES,1.4835034707763207e-06,65,0.6595999592104026,0.029053586999209374,-2.5762774606214107e-06,-1.055838142931154e-08,4.351830188515036e-12
254,254,ES,6.31267399053847e-06,59,0.11324341327750531,0.033468921455962294,-1.4962164956227954e-05,3.613383684199971e-09,-1.259757467134641e-12
255,255,ES,8.460252629822071e-06,59,-0.06106493752024929,0.035859824860103744,-2.3546482494082507e-05,1.508197868060429e-08,-6.425048417658252e-12
256,256,ES,5.156540491905157e-06,47,0.15139537496762512,0.033843268860845654,-1.7409210855640716e-05,8.246312667391512e-09,-3.967627839665892e-12
257,257,ES,9.180711851140698e-06,64,-0.2943569291905608,0.0373063733339408,-2.627768888655805e-05,1.6838555834469e-08,-6.580961384286219e-12
258,258,ES,3.923762051934458e-06,56,1.0488634863166089,0.025054605004756463,1.0859160642570088e-05,-2.862594930804596e-08,1.2673654879580302e-11
259,259,ES,8.77967158294091e-06,52,0.4447769686761537,0.03174568753274345,-1.2849771407970391e-05,4.817118509786085e-09,-3.395479013228349e-12
260,260,ES,9.647936781412066e-06,78,1.7020190353832176,0.019018891096995783,3.04862252903154e-05,-5.479369784757576e-08,2.4856107952433064e-11
261,261,ES,7.533956311137863e-06,43,0.35905262760906487,0.03143362407108786,-8.914541141501509e-06,-3.1650037256174577e-09,1.068608077734844e-12
262,262,ES,8.473467094941767e-06,59,-0.018811937971279353,0.03399407065639317,-1.3792959513875903e-05,-8.534831064644065e-10,1.7259906132820334e-12
263,263,ES,7.135096894157212e-06,55,1.6777483590519524,0.019967781729174232,2.578456555768891e-05,-4.696019767294619e-08,2.059117560279063e-11
264,264,ES,5.734442294092893e-06,56,1.3464826712040319,0.023387933733454776,1.4129176241901325e-05,-3.1051553115742856e-08,1.3141683417865407e-11
265,265,ES,8.275949419949727e-06,52,0.976263385951737,0.02722020037131541,-1.1713228582392273e-08,-1.0585770029449654e-08,3.274399693090767e-12
266,266,ES,9.477904403525788e-06,60,1.321005213175204,0.022262696413994153,2.1746996915065444e-05,-4.507821678767461e-08,2.0927130209792248e-11
267,267,ES,8.894127846295995e-06,56,-0.25602659279336726,0.03653190550931537,-2.3087787486889355e-05,1.2679318515495847e-08,-5.020505470300394e-12
268,268,ES,4.4457171970563845e-06,45,0.7631361138118217,0.027898996645962945,2.1543380559451117e-06,-1.8391485710204295e-08,8.708848417339828e-12
269,269,ES,7.528204669465623e-06,51,0.014264708662937109,0.034631806523065224,-1.9030206232374435e-05,9.210907087715824e-09,-3.8259387387725154e-12
270,270,ES,9.99364130394063e-06,59,-0.14719583047004894,0.03518415653101349,-1.7333417942559272e-05,3.2759472030093108e-09,3.587039438053324e-14
271,271,ES,8.912787039924407e-06,54,1.8456636269218616,0.01778958882850147,3.28344437110447e-05,-5.468264519041484e-08,2.3269735418617603e-11
272,272,ES,7.0809796330082465e-06,53,1.6058026289732843,0.020167618031846374,2.5397249987872363e-05,-4.559778148691207e-08,1.9359351961824774e-11
273,273,ES,5.072716622242262e-06,51,0.342954528854228,0.03195494639185613,-1.081838949627274e-05,-8.667419329522311e-10,3.1780061285894657e-13
274,274,ES,6.303476960504858e-06,72,0.8900358359552256,0.02779185488333853,-1.1312242616673591e-06,-9.486955275203269e-09,2.757989574224071e-12
275,275,ES,7.79331088438956e-06,63,-0.14713522901517218,0.035388346590624356,-1.9608050266267934e-05,8.409364371006383e-09,-3.0915086126064894e-12
276,276,ES,9.421203642321124e-06,49,-0.2313433608101544,0.03694592040952446,-2.5843377834585498e-05,1.766987106142663e-08,-7.753158017685989e-12
277,277,ES,9.938610087991242e-06,59,-0.026932722259745738,0.035368453275420306,-2.2742449759321285e-05,1.577234847286825e-08,-7.602635597227261e-12
278,278,ES,8.127608025555314e-06,51,-0.2461764300964736,0.03656897889883289,-2.3130329009785718e-05,1.2247031817771672e-08,-4.446380955850133e-12
279,279,ES,4.372713061519133e-06,50,1.199089366618455,0.02334911892410317,1.7772913936953358e-05,-3.914914365666424e-08,1.794667346305989e-11
280,280,ES,8.061965157169287e-06,50,0.6745310812597278,0.028353285352309382,2.1557445881773534e-06,-2.012079083986694e-08,1.0053904564999228e-11
281,281,ES,8.316552897906994e-06,58,-0.027190337100893913,0.03501347494703864,-1.8945385435056964e-05,7.433115830424552e-09,-2.5449840419655283e-12
282,282,ES,7.795558909277033e-06,51,1.9292163299060294,0.01732534984859307,3.4804887077890216e-05,-5.907018470485478e-08,2.6212508900084175e-11
283,283,ES,5.934590990148235e-06,56,-0.14309308444462832,0.03577927877266926,-2.1311194121127182e-05,1.0752415298825443e-08,-4.123894681973661e-12
284,284,ES,6.350926424924869e-06,51,0.40944305491771316,0.03196980461468424,-1.2839287437135424e-05,3.709180221207686e-09,-2.381030399345566e-12
285,285,ES,9.341391128356744e-06,58,0.24100024567433498,0.03371646438702113,-1.8587085118404048e-05,1.0974687145585287e-08,-5.5198365120663324e-12
286,286,ES,4.827776543004826e-06,64,-0.0178482147269015,0.03495659794153283,-1.9958178469122213e-05,1.052677322831025e-08,-4.636880295881202e-12
287,287,ES,9.506084314114825e-06,60,-0.13798619728579212,0.036335898670435074,-2.4692961998095384e-05,1.698823156029505e-08,-7.594694997668122e-12
288,288,ES,7.503047196216172e-06,52,-0.11536004393418704,0.03513861792711757,-1.8588386399962915e-05,6.917518101408923e-09,-2.3746720059549213e-12
289,289,ES,6.4646796618040316e-06,47,0.2882120710399093,0.03295885694796864,-1.583364899032203e-05,6.959835004382278e-09,-3.4608727449681593e-12
290,290,ES,6.808863622660056e-06,40,0.3293285102203721,0.031547266671374856,-8.17651621662136e-06,-5.376606066708059e-09,2.6433615353048087e-12
291,291,ES,5.708340407581399e-06,47,1.2591168916827749,0.02333055128653948,1.6147404846464837e-05,-3.4787565907664284e-08,1.4965866261772603e-11
292,292,ES,7.427846645523379e-06,48,0.8107685983876072,0.028472333905660625,-2.1312318829721468e-06,-9.749478564021143e-09,3.439889346239821e-12
293,293,ES,5.896812505414846e-06,53,0.9795626473732345,0.0254941104202031,9.769500950641193e-06,-2.6501788830186157e-08,1.1249666506858676e-11
294,294,ES,5.922165288533909e-06,56,0.8371175491041737,0.02696524689777206,5.110513725884834e-06,-2.1105028581635358e-08,9.055235032426767e-12
295,295,ES,8.255652048722284e-06,45,-0.15273851471598054,0.03520275902452373,-1.807946971907901e-05,5.516458580132312e-09,-1.5430971349961093e-12
296,296,ES,7.3499346394665725e-06,54,0.8351519003140657,0.026327191983867466,9.30551259349603e-06,-2.9273609338446697e-08,1.3862608779246734e-11
297,297,ES,8.20471538468718e-06,45,1.0804852672031333,0.025148780033319062,1.1093559744370687e-05,-3.0442884009900326e-08,1.4274319808410618e-11
298,298,ES,5.505477432845175e-06,53,1.1210095821472392,0.024744744938864305,1.1521902082617442e-05,-2.853887081065791e-08,1.206800564114709e-11
299,299,ES,3.7168190842849655e-06,48,0.11257173327932991,0.03371447400024286,-1.5508080499513618e-05,4.0498535647264465e-09,-1.4389040764469235e-12
