iteration,seed,algorithm,final_objective_value,n_iter_opt,x0,x1,x2,x3,x4
0,0,PSO,9.782888303691655e-06,260,0.11649293299961963,0.03293327995765875,-1.2146661702348825e-05,-1.7531493412385607e-11,-2.936787550850113e-14
1,1,PSO,1.0607814468709778e-05,501,0.7261553450343636,0.02970103419609841,-8.036560551420582e-06,-2.5079866408209845e-11,-1.5390215765059067e-12
2,2,PSO,9.092539824686799e-05,501,1.5937137755801725,0.024319159791018966,1e-08,1.0000004259204753e-11,-5.419463404880572e-12
3,3,PSO,9.395251669180075e-06,290,0.9894817290984221,0.027105840312469872,8.4238648766762e-08,-1.0097431826564907e-08,2.742313475461694e-12
4,4,PSO,0.0007959480455143733,501,5.203849120314692,-0.00014752174524901407,4.947156124505438e-05,-3.344151227214098e-08,-1.1452297296355004e-12
5,5,PSO,5.917603743284902e-06,105,0.35527141678086493,0.03184002899377968,-1.1249698700142262e-05,5.89473045513634e-11,1.307819259949342e-14
6,6,PSO,9.80360126924559e-06,248,1.0282164308395023,0.02652837376484882,2.5331472367336933e-06,-1.3427357834758205e-08,4.217322962012536e-12
7,7,PSO,4.452111453829358e-06,24,0.3510785404717927,0.03185226822514265,-1.1360666335306994e-05,5.829121281384584e-10,-4.505507373860213e-13
8,8,PSO,1.2764126918578947e-05,501,1.0750596553697833,0.026511916002639895,2.695261083476532e-06,-1.5421645127759045e-08,6.0809610839663735e-12
9,9,PSO,9.386752000672112e-06,39,0.31263025525793553,0.03225187598588561,-1.1384413473571645e-05,-1.3960917914978245e-09,1.3289645536000288e-12
10,10,PSO,9.971250665545946e-06,29,0.19852557654883843,0.03184606265044427,-6.697798266671738e-06,-1.0482657639249686e-08,6.268076818067806e-12
11,11,PSO,1.9155683436991637e-05,501,0.2960251600901863,0.030322719358174464,6.564008447163144e-08,-2.1061748924033976e-08,1.154603026296504e-11
12,12,PSO,3.4151593783928363e-05,501,1.063252466539276,0.02658872387360406,2.175047896797873e-08,-6.748569431972381e-09,-3.0651125201234553e-13
13,13,PSO,2.7302777341073418e-05,501,1.16145556160924,0.026644084700192985,-1.5359855655175545e-06,-5.092467428830689e-09,-3.4390663133417605e-13
14,14,PSO,3.73854952200619e-05,501,-0.010004552194764068,0.03206999286054368,-2.835457051527665e-06,-1.9640573856225673e-08,1.1613112365014927e-11
15,15,PSO,8.893939779904737e-06,55,0.6531580286828309,0.030127675865332038,-8.704357621295102e-06,-1.2630483208477702e-11,-1.1565448465530774e-12
16,16,PSO,9.86425372395795e-06,299,0.4171984593940024,0.02978732263733486,1.4886576271653318e-08,-1.896442478658503e-08,9.83193118503839e-12
17,17,PSO,9.892434381506548e-06,32,-0.01808060641757469,0.033772024203442594,-1.3549421482070552e-05,-1.1138189005560138e-11,7.374874023002217e-13
18,18,PSO,9.085758244108872e-06,124,0.988295322627933,0.02710154159290486,1.2895610654690384e-07,-1.0116099368387967e-08,2.7517555186001895e-12
19,19,PSO,1.2339808228234937e-05,501,0.7613323728353937,0.029564073270607758,-7.892649015747691e-06,1.8407918250142827e-11,-1.6321719580330632e-12
20,20,PSO,2.4827035741769673e-05,501,1.1276168990420115,0.026533217595556973,-3.6117057102720273e-07,-6.577552412904241e-09,-1.3048713575369369e-14
21,21,PSO,0.0005276490031709559,501,3.4815005483258403,0.013055203011900305,1.6190752974902013e-05,2.752080857896947e-10,-1.301717146568438e-11
22,22,PSO,7.96461796408974e-06,52,-0.08170157051309958,0.03473577334573757,-1.654948145961818e-05,3.0598110588560206e-09,-1.9731067284592498e-13
23,23,PSO,3.292004678439018e-05,501,1.1977018073463084,0.026117073220129284,3.647512350081708e-08,-5.944926233712862e-09,-7.436317944900301e-13
24,24,PSO,2.0694823762938314e-05,501,0.8820615966364873,0.028783041543726715,-6.825603114916956e-06,5.992211849548963e-10,-2.710769831675747e-12
25,25,PSO,2.3571325081581278e-05,501,1.0803728359489788,0.026786301813038343,-8.681010895079515e-07,-6.194989022389219e-09,-1.1519009674493945e-13
26,26,PSO,9.947078634701604e-06,71,0.29925093341109216,0.032434209209046716,-1.1960220461851729e-05,1.9826726309910895e-11,9.095876692067017e-14
27,27,PSO,0.00011425651168777459,501,1.7377415310738031,0.02270003595503218,5.990249198610496e-06,-7.240740310653304e-09,-2.7277513712170817e-12
28,28,PSO,1.8455452791088188e-05,501,1.033531299335303,0.027480363299414,-2.849595091347423e-06,-4.688044003624143e-09,-1.8272916229522374e-13
29,29,PSO,0.0004420343250107255,501,3.731680184818033,0.008374077968523222,3.542096206586005e-05,-2.7365246335532888e-08,2.471033487771538e-14
30,30,PSO,9.651538038602252e-06,105,0.6967394035708897,0.029909648900420187,-8.16195194223497e-06,-6.467726041658613e-10,-8.938721321495091e-13
31,31,PSO,7.296403589072693e-06,15,0.7118642386315512,0.029485751225806503,-6.536493122622759e-06,-2.7593297894018664e-09,-1.1796810821438922e-14
32,32,PSO,0.0002603798665767801,501,2.372156987492327,0.01921921221230853,8.173296306004023e-06,-4.138377481197807e-10,-9.240467672331148e-12
33,33,PSO,9.87242052368255e-06,327,1.014697664115193,0.027025919189147395,1.5403836897955994e-07,-9.959982760301782e-09,2.6145780720562404e-12
34,34,PSO,3.762289153167034e-05,501,1.135922209759597,0.027165412505301013,-4.248266309085713e-06,2.9892331636718084e-11,-3.409619443289178e-12
35,35,PSO,3.3845402676722924e-05,501,1.0889363304661304,0.027410817554467126,-4.5577410151740515e-06,-6.834656226667962e-11,-3.1907375223108827e-12
36,36,PSO,1.2362795519153953e-05,501,0.8729000594964077,0.028291766680427603,-4.009260664830633e-06,-4.368814815922623e-09,-1.0021943400604995e-14
37,37,PSO,3.0270984272309595e-05,501,1.0348260560933071,0.027723764467865297,-5.054167225681967e-06,1.7536425056621637e-11,-3.0336064935747934e-12
38,38,PSO,0.0002519299425192355,501,4.595257703721088,-8.112710801044775e-05,7.050728902615806e-05,-8.409905450194605e-08,2.9550967355407676e-11
39,39,PSO,1.0017721081764488e-05,501,1.034191857219423,0.026807213688807358,8.064516254810036e-07,-1.107109194908767e-08,3.3039662553070543e-12
40,40,PSO,9.709749769781301e-06,236,1.0020672876047727,0.027089041601415773,1.9771645421762476e-08,-9.880647982663526e-09,2.580795895213941e-12
41,41,PSO,2.585170065419193e-05,501,1.1603302307170493,0.02629595639640795,1.7838377510284042e-08,-6.806055221926597e-09,4.077793454102097e-14
42,42,PSO,8.815742712540437e-06,19,0.15582773442964434,0.03264758598539813,-1.1799559075347862e-05,-4.2180176663648925e-10,3.4641465008946e-13
43,43,PSO,7.848250401057236e-06,27,0.3528597688983462,0.03209929957391179,-1.177563448389408e-05,-2.114219513481873e-11,4.2087123467330394e-13
44,44,PSO,3.712506909825625e-05,501,1.097812889461644,0.0272840476259743,-4.315330069565e-06,3.8234056983507546e-11,-3.4640248874891025e-12
45,45,PSO,1.514855917739556e-05,501,1.0212845854978554,0.02741590417300979,-2.142448595091588e-06,-6.237971846041444e-09,7.842931212395229e-13
46,46,PSO,1.5838763552129598e-05,501,0.4041588318404599,0.029630762722018065,-1.0117545233333101e-08,-1.812728533642116e-08,9.103300734113956e-12
47,47,PSO,0.00011567915755159205,501,1.702609788680999,0.0236792205830779,7.010782552250711e-07,9.227261957068751e-10,-6.535763354118442e-12
48,48,PSO,4.0128622559676485e-05,501,1.0951832183408055,0.02745681630663075,-4.8863984472370425e-06,1.1265428024137588e-11,-3.04498631623807e-12
49,49,PSO,4.4653730665378794e-06,130,0.3523018711135765,0.03187192169896148,-1.1237517718927413e-05,1.0784878487102042e-11,1.0371513456332319e-14
50,50,PSO,3.0426973639054766e-05,501,1.2441432481632537,0.026016271374714725,-5.329808192890389e-08,-6.086690060328561e-09,-3.9330071573200045e-13
51,51,PSO,9.311826811828988e-06,91,0.017213508235714752,0.03362092958111212,-1.3776647385984318e-05,1.1472509934330427e-09,-9.331479685111189e-14
52,52,PSO,7.829817103655593e-06,452,0.9760513325482669,0.02719572001955924,9.589559895054503e-08,-1.0426818958885737e-08,3.036188696539965e-12
53,53,PSO,0.00047915420900858266,501,3.3089960263926024,0.01415268101145647,1.4301551124691235e-05,9.739574494282793e-10,-1.2686387352939256e-11
54,54,PSO,9.077621747573314e-06,94,0.36901466858291027,0.03206037238986153,-1.1509450960440803e-05,1.2474204925800948e-11,1.0017406007625388e-14
55,55,PSO,8.743719657659222e-06,31,-0.020364262983141496,0.03391993595554942,-1.380725111682061e-05,-1.0949785951315538e-11,8.436301300152303e-13
56,56,PSO,9.59635274022703e-06,235,0.8390233016492642,0.028530536652364297,-4.129279138954647e-06,-5.529392791133901e-09,1.1972618539359899e-12
57,57,PSO,4.8552848144679785e-05,501,1.4090901774088471,0.025430563542191222,2.1510955007634743e-08,-4.733407538498315e-09,-1.4521892789933532e-12
58,58,PSO,2.6898293922779665e-06,23,0.25504711383371187,0.032342898884193005,-1.1722874073206501e-05,1.2583734936244481e-10,-7.875591495150455e-14
59,59,PSO,9.092539808512925e-05,501,1.5937270138034536,0.02431912613579353,1.0000000000000164e-08,1.0000000000001964e-11,-5.4194427037957886e-12
60,60,PSO,9.752909088491057e-06,216,1.0281275657955797,0.02701327496076375,1.2697951195860126e-07,-1.0095613787239623e-08,2.7786540425777015e-12
61,61,PSO,1.0195503825211783e-05,501,1.0106802075465788,0.027048708754136657,-1.0000017913139922e-08,-9.662905353010971e-09,2.434315133688635e-12
62,62,PSO,1.014874554648869e-05,501,1.0269606920229402,0.026912225602408243,4.822997625780928e-07,-1.0286623610751027e-08,2.7056630584539985e-12
63,63,PSO,5.3120303594592975e-06,61,0.06624502930049478,0.03346881974228804,-1.3610048253006192e-05,8.717157465382524e-10,1.5247632814411626e-13
64,64,PSO,1.8507042078759494e-05,501,1.1813512153155594,0.02613163737631869,1.1411344098709053e-06,-9.615901461130177e-09,1.98989441144059e-12
65,65,PSO,1.0000901042721356e-05,501,1.0147594785244174,0.027037196028591153,1.4059618395035282e-08,-9.850663023303397e-09,2.6266246237370004e-12
66,66,PSO,9.975389308405365e-06,154,0.984886665583296,0.02714954037310409,-1.4769100888640698e-07,-9.542986469786724e-09,2.3838640720437767e-12
67,67,PSO,9.91115324887427e-06,92,-0.01373273744563915,0.03366173363397662,-1.2706248146330871e-05,-1.5879600394579539e-09,1.6189854184962308e-12
68,68,PSO,2.954283059693458e-05,501,1.245881406346048,0.02602863439096609,1.391993939597298e-08,-6.423341526661102e-09,-1.5040397620256273e-13
69,69,PSO,1.7021734156717605e-05,501,0.9449408965762268,0.027700513658855813,-2.5568017476697522e-06,-5.304436625964427e-09,-5.103248516234669e-14
70,70,PSO,2.6331150613009507e-05,501,1.1831533027081207,0.02622776071089933,1.0126327987701433e-08,-6.69216076333492e-09,-1.0812208778531864e-14
71,71,PSO,8.347910496961382e-05,501,1.555113753703098,0.024482554421559267,1.469254364179455e-08,-6.135974782004276e-10,-4.9077276438411815e-12
72,72,PSO,9.648159230198635e-06,43,-0.05142681393644321,0.034147081039851,-1.440382619051943e-05,1.5458804786773738e-10,1.2190333955024753e-12
73,73,PSO,9.351952242020415e-06,36,0.410733604876926,0.031745891862452316,-1.1498208430243675e-05,4.174400153604931e-10,-1.2731566775525314e-14
74,74,PSO,9.699770915280294e-06,34,0.9886768707301605,0.02723854665025674,-1.0665169666595315e-08,-1.0471322796132484e-08,3.177909763931036e-12
75,75,PSO,2.125547031470313e-05,501,1.085905992951924,0.02708414467446213,-1.7865213538256689e-06,-5.632266361455217e-09,-1.8157473302180493e-14
76,76,PSO,2.6938353954280035e-05,501,1.196977162245755,0.026177623518008553,2.2264668069219742e-08,-6.6363625996929154e-09,-4.719364217745048e-14
77,77,PSO,4.2635135569118195e-05,501,0.9475781827120264,0.027355522763710158,-1.9079897521888895e-08,-1.2524296264645044e-08,5.482547961584915e-12
78,78,PSO,9.780644823520156e-06,25,0.033153270343452904,0.03379540331771174,-1.456626876069868e-05,2.059218557594447e-09,-4.933852511040321e-13
79,79,PSO,1.559492575050671e-05,501,0.8178299264201235,0.02909780714230477,-7.029855778496172e-06,-3.371879379638583e-11,-2.087206148351697e-12
80,80,PSO,8.842793551196474e-06,26,-0.13438289449242288,0.03507763737232792,-1.774869032560772e-05,4.761580581164527e-09,-9.430923980092565e-13
81,81,PSO,9.659293065636063e-06,20,0.168619289843231,0.032573766257374286,-1.1852651636100608e-05,1.3091626396455949e-10,-1.0602338263381246e-13
82,82,PSO,6.539900434952951e-05,501,1.4336474161075496,0.025459178121557992,-1.8666847397980957e-06,-6.316018059110918e-11,-4.3693336184106025e-12
83,83,PSO,1.139378320821734e-05,501,0.6979653776171564,0.02969171290719188,-7.872772632970654e-06,1.0006026437706981e-11,-1.7021238005651907e-12
84,84,PSO,1.3310010075243289e-05,501,1.092537671136466,0.026668686432718355,4.299951446866115e-07,-9.665853534641371e-09,2.3150745113306178e-12
85,85,PSO,9.50569089944824e-06,195,0.8922038773973039,0.027491825372372564,1.2654803231227167e-08,-1.1500246671328474e-08,4.02550872422258e-12
86,86,PSO,2.9553391193667784e-05,501,1.2371621076159265,0.02602088660926713,-1.2911338375562187e-08,-6.356399433776507e-09,-1.298793359387037e-13
87,87,PSO,2.6181360927807036e-05,501,1.1746944725388286,0.026258525400628285,1.0001506135273472e-08,-6.719133086137589e-09,-1.0002521359355313e-14
88,88,PSO,9.927301182868056e-06,150,0.7722714283888197,0.029128514299216857,-6.078409474615093e-06,-2.5725037548450623e-09,-4.5017344396699063e-13
89,89,PSO,6.030612592463037e-05,501,1.3741072072060008,0.025791399799884922,-2.2406430799930257e-06,-2.2555448865465788e-11,-4.317202475370294e-12
90,90,PSO,9.324609756564275e-06,267,0.9809859300603597,0.027150980452670493,4.981733079363211e-08,-1.0150088991653693e-08,2.864635420555004e-12
91,91,PSO,1.2469112777162941e-05,501,1.0190746445108139,0.02706342798189441,-3.961564547256717e-07,-8.686808959541922e-09,1.783533296325137e-12
92,92,PSO,7.236916456125026e-06,41,0.6387098733699557,0.02967739999419817,-6.068796464692736e-06,-4.0817779604247986e-09,7.67930411566123e-13
93,93,PSO,9.107154932860182e-05,501,1.5979956076262916,0.024317130683891908,1.0979324361139582e-08,1.455663870234116e-11,-5.432029912528901e-12
94,94,PSO,8.969887434337268e-06,261,0.9664199654205737,0.027226828087771673,-1.3444951229099656e-08,-1.019286012665812e-08,2.9126061640231225e-12
95,95,PSO,9.907800052604446e-06,182,0.8899614352439307,0.028190774629879498,-3.287388816151446e-06,-5.887920688811531e-09,9.180310049493837e-13
96,96,PSO,9.898194577236321e-06,167,0.8871490787356464,0.02816342310771772,-3.326259060789042e-06,-5.780738335812927e-09,9.118416386872944e-13
97,97,PSO,2.036743425848032e-05,501,1.030595840722785,0.02729439968103609,-2.4061724603515e-06,-4.967278073096626e-09,-1.5025314790765474e-13
98,98,PSO,5.317090941860397e-05,501,1.449877807701994,0.0251734556114341,9.559492103512204e-08,-4.026038924132631e-09,-2.0331693918594478e-12
99,99,PSO,9.778046698708548e-06,29,0.17575254159106957,0.03280920197198649,-1.2647849449274766e-05,1.2384379067391595e-10,5.302957468841797e-13
100,100,PSO,2.674594201332814e-05,501,1.167079645534365,0.02624071223858855,7.463235637592751e-08,-6.754895396772711e-09,-1.0000560461494773e-14
101,101,PSO,4.603991161120115e-05,501,1.3700851497163529,0.025410052508480063,7.817440529355034e-08,-4.321369611968748e-09,-1.8544253248803815e-12
102,102,PSO,9.950144138839109e-06,126,0.807712704817752,0.028708257500469993,-4.6787986881347395e-06,-4.070428882163006e-09,2.882107759520227e-14
103,103,PSO,1.9649111136324364e-05,501,1.0250318205373987,0.027328114747653363,-2.4122378503200877e-06,-4.832619796770093e-09,-3.448872233684483e-13
104,104,PSO,0.0007570883404915632,501,5.098232507088886,-1.118426466889719e-05,5.0450863577187326e-05,-3.564550167497245e-08,2.065903342658921e-14
105,105,PSO,5.67541483564853e-05,501,1.442899704172607,0.025134169972736025,-1.2792704010990638e-07,-3.1689651376382487e-09,-2.559789260828602e-12
106,106,PSO,9.979102140690634e-06,68,0.8227037726001422,0.02874222060701414,-5.0306211034997416e-06,-3.6612473758636667e-09,-3.670299330421723e-14
107,107,PSO,7.548309717543857e-06,24,0.5831054546577189,0.030545121472766397,-8.557268451119406e-06,-1.8359092166006954e-09,9.867132204538918e-14
108,108,PSO,0.00040068620090026277,501,3.50582807358868,0.012320923201089481,2.2219080671937526e-05,-1.2570429868753164e-08,-5.371006443607556e-12
109,109,PSO,8.156139635599308e-05,501,1.7287932615636137,0.022478209110298866,6.839576588685792e-06,-9.349099040025126e-09,-1.1528053131175094e-12
110,110,PSO,8.799930130881633e-06,39,0.6078509433932991,0.030533613918917728,-9.05942443478953e-06,-1.0964795821037208e-09,-1.4358005444753834e-14
111,111,PSO,0.0004669638490818137,501,2.902495400847321,0.018818644194465536,-1.92003459016332e-08,1.6541172435911462e-08,-1.7973380202220024e-11
112,112,PSO,9.201325259299007e-06,43,0.721979318765102,0.029277980351024795,-6.054147623223152e-06,-3.0215721516477026e-09,-9.892646137121251e-14
113,113,PSO,9.37345885899937e-06,39,0.163513577871632,0.032671960054686984,-1.1828330032304322e-05,-1.8775592239724994e-10,-1.5412476037999647e-14
114,114,PSO,8.04306905462637e-06,32,0.028759552202209215,0.03433815984371907,-1.635258724193296e-05,3.506047966559655e-09,-5.311795472289383e-13
115,115,PSO,3.1134654464103676e-05,501,1.2353189299122849,0.025975404138801294,8.621950458051861e-08,-6.244416090924078e-09,-2.786626669034317e-13
116,116,PSO,8.823324168861066e-06,28,0.6922324463493849,0.029851260270698142,-7.841374624340318e-06,-1.3447891501146789e-09,-4.383242123084332e-13
117,117,PSO,2.6925491991486675e-05,501,1.2041787755504518,0.026156716220698796,1.613779846637616e-08,-6.62415440989097e-09,-1.3931294264269368e-14
118,118,PSO,1.987229056064413e-05,501,0.980445842039706,0.027351266997445927,-1.7816759719468702e-06,-5.826151501127368e-09,-1.0154468407442596e-14
119,119,PSO,0.0007567666750797361,501,5.162270421067838,3.215185830301072e-05,4.972121547659231e-05,-3.4920482269298435e-08,-1.6118599493407503e-14
120,120,PSO,9.816692746569468e-06,446,0.985380239223638,0.027127472693932692,2.7568725880444776e-08,-9.814413861638901e-09,2.5176737378546196e-12
121,121,PSO,7.95745381121332e-06,76,0.8195197019849692,0.028417729230543837,-3.2159834794426693e-06,-7.016183328482335e-09,1.9353100559715067e-12
122,122,PSO,9.509780290143137e-06,112,0.7969682336385824,0.028857110877060436,-5.046509372218876e-06,-3.798180980574504e-09,-1.097747928800155e-14
123,123,PSO,4.4396183197224365e-05,501,1.232552360474178,0.026689084751524286,-3.6921959664141758e-06,1.1564598665806003e-11,-3.554575787252967e-12
124,124,PSO,3.059202014147417e-05,501,1.2517887317474317,0.0259937903881544,-1.7136117577102403e-08,-6.1778091147424954e-09,-3.3660217138766e-13
125,125,PSO,2.3539230935682825e-05,501,1.0485872960394407,0.02764812933254642,-3.7993203054780794e-06,-3.1277425816664493e-09,-1.0123518332171933e-12
126,126,PSO,7.017860423221461e-06,142,1.5038560002290262,0.022159959521674464,1.6209428409622403e-05,-3.1600692151153255e-08,1.2751217083031349e-11
127,127,PSO,3.6642924302305476e-05,501,1.1177854404245695,0.027297881688926065,-4.298167034182733e-06,-1.8418541445530457e-10,-3.27825533393664e-12
128,128,PSO,1.9659334400554413e-05,501,1.1534571445706763,0.02645433068484875,-1.3747836139634497e-08,-7.959066130717895e-09,1.178141607567118e-12
129,129,PSO,9.629800936983754e-06,368,1.0081281259498962,0.027003013172866578,3.501669645681872e-07,-1.045335600847032e-08,2.9070736400936573e-12
130,130,PSO,1.1953251216257354e-05,501,0.8292025152168777,0.028559497318704555,-4.322227518266688e-06,-4.221792359022303e-09,-7.865250640224737e-14
131,131,PSO,3.256583600466178e-05,501,1.281168660008966,0.025869375070627677,1.874826067823849e-08,-6.151283623246071e-09,-2.50406400308082e-13
132,132,PSO,9.707901944840953e-06,310,0.9704492576508222,0.027204624472453903,-1.4877112356892595e-08,-1.033612305936521e-08,2.9994264942429262e-12
133,133,PSO,3.7334427666371065e-05,501,1.2903752768255867,0.025700294339134042,2.1830049862950332e-07,-5.478778540386808e-09,-1.0459296443432349e-12
134,134,PSO,8.874909766040878e-06,48,0.5745435127049596,0.028853596252977183,1.2401885237600056e-08,-1.4650572692164419e-08,6.1009154319366e-12
135,135,PSO,9.738815596794903e-06,71,0.9408295439647816,0.027649881060529905,-1.7415038522351592e-06,-7.756085451537383e-09,1.7411821400369537e-12
136,136,PSO,6.915546793508906e-05,501,1.3503405734679994,0.0250600332619791,2.1158244227493616e-06,-6.610569935141312e-09,-1.5613980579387955e-12
137,137,PSO,9.815229072087486e-06,35,0.41075194948213645,0.029765957511578445,-6.987878844033639e-08,-1.8601576015277735e-08,9.536523876038024e-12
138,138,PSO,2.4824854339683144e-05,501,0.8724030758748847,0.02847155829725104,-5.854475445856906e-06,-8.863044987931415e-11,-2.706469996968387e-12
139,139,PSO,0.00011587145670337418,501,1.66204129842205,0.02370841055727074,7.883856963332744e-07,8.74198725761017e-11,-5.776355615043091e-12
140,140,PSO,1.5597659548896292e-05,501,0.9249113217342921,0.027871052558876674,-2.8800221633152025e-06,-5.202112707820027e-09,1.5925296486267865e-14
141,141,PSO,9.99141152723495e-06,185,0.904968899979867,0.028056764532854522,-2.9136951130050124e-06,-6.425568213710571e-09,1.1810548197567786e-12
142,142,PSO,0.0009645249041912535,501,5.41743862877838,-1.0931096734498905e-05,4.4432436543299004e-05,-2.429789944250941e-08,-5.514896825366223e-12
143,143,PSO,1.0596994297517045e-05,501,0.9533904389815155,0.027682127868079113,-2.042081438322303e-06,-7.162621166787102e-09,1.3933688860567604e-12
144,144,PSO,8.782687777464091e-06,20,0.08695737860698126,0.033224027285850895,-1.2760707655466909e-05,2.3581788598944605e-10,1.36912533224788e-13
145,145,PSO,1.1350569016041606e-05,501,1.0365654650326577,0.026948591916523032,-1.6711375313096514e-08,-9.41263706567638e-09,2.2826933645090704e-12
146,146,PSO,9.849956898383881e-06,207,0.9575810313058917,0.02757988185488452,-1.5924800273716608e-06,-7.89026158504896e-09,1.7764632884073573e-12
147,147,PSO,6.6821643581927015e-06,54,0.41654240668939796,0.030841204376849868,-6.796600505107655e-06,-5.880133059758672e-09,2.240327313460506e-12
148,148,PSO,9.50279144396067e-06,31,-0.029803865675096908,0.033868353268922534,-1.3661765456704456e-05,-7.779761027245384e-11,8.771287412522611e-13
149,149,PSO,9.703140227101149e-06,97,0.48956848715959167,0.031351780303069766,-1.0800046361981479e-05,-2.3903390614264874e-11,1.2737805382178744e-14
150,150,PSO,9.559638515756811e-06,283,1.0585767656529184,0.026732144080772777,9.86515418582728e-07,-1.1244342707646734e-08,3.3433747080278093e-12
151,151,PSO,9.85817522700035e-06,21,0.2612032501838998,0.03277190499673247,-1.3539090874174363e-05,1.6543221058436275e-09,-1.58563270985644e-13
152,152,PSO,9.619853744640115e-06,224,0.9767706159123143,0.027148455897845262,-1.0268630967640993e-08,-1.0007446003012779e-08,2.752289942483681e-12
153,153,PSO,1.6202613014022487e-05,501,0.8826703291727629,0.028385703295895813,-4.8127703002018185e-06,-2.5889443621026256e-09,-1.0910164355162423e-12
154,154,PSO,1.7801342007105095e-05,501,1.1209092573355217,0.02676497112752066,-4.609118437543357e-07,-8.40057729402743e-09,1.8374149912987312e-12
155,155,PSO,9.449083411988485e-06,156,0.8665507157041239,0.028288380197680853,-3.46258426465685e-06,-5.678936700518004e-09,7.997101193717205e-13
156,156,PSO,8.75415794028255e-06,36,0.22379817377825323,0.03204999357417019,-1.0029550128736953e-05,-2.10831430814972e-09,7.366706817742137e-13
157,157,PSO,9.718956942268576e-06,143,0.918192349704562,0.027893285692638436,-2.4786584153540624e-06,-6.8362932174179355e-09,1.3273059526043897e-12
158,158,PSO,5.8615700883044304e-05,501,1.4541260130226166,0.025001748218148375,1.0690946015405597e-07,-3.087076478316654e-09,-2.8216471434770372e-12
159,159,PSO,9.995282216811279e-05,501,1.676007145565494,0.023949626579858576,5.079950811265218e-07,-1.0856020176810925e-11,-5.653716699661952e-12
160,160,PSO,1.9455268293937698e-05,501,0.9979263217866974,0.02732984383909604,-1.8479940263598332e-06,-5.6960655994467795e-09,-5.6346635831697416e-14
161,161,PSO,8.45242551840026e-06,37,0.27736171190013975,0.032106742198368295,-1.140772544756563e-05,3.1498860983437475e-11,1.643847033956183e-14
162,162,PSO,2.1530573751987956e-05,501,1.0833039742761073,0.02714817893086052,-2.319862605929062e-06,-4.736562210162663e-09,-3.941169872454757e-13
163,163,PSO,3.344330891869183e-05,501,1.1884172554134735,0.026119846613744165,-2.11956415848623e-08,-5.805208679966323e-09,-8.144589733085313e-13
164,164,PSO,6.162391145570982e-06,28,0.349105888529277,0.03211243991514602,-1.1548858206204923e-05,-2.0774888842828495e-10,1.9652167005412277e-13
165,165,PSO,6.290899163294342e-06,37,0.6968834220617977,0.029582151913178107,-6.621571687239447e-06,-2.933766933126206e-09,1.357723073777421e-13
166,166,PSO,9.801718735806485e-06,94,0.4545693356413823,0.03143803680449659,-1.0826555120488667e-05,1.6881927726883052e-11,-1.0976320521903446e-14
167,167,PSO,9.922812096801504e-06,384,0.6977609856522292,0.02981642850315614,-8.133404869331208e-06,2.4060033544630135e-11,-1.5765976843783727e-12
168,168,PSO,9.570523606674183e-06,151,-0.06378511812354973,0.034339275458115916,-1.4552223245384246e-05,-2.8240681166456064e-10,1.5906221633041748e-12
169,169,PSO,2.4137709077807602e-05,501,1.169573397016356,0.026262830770726532,2.4670223614632326e-07,-7.324857823339762e-09,3.8083342281276494e-13
170,170,PSO,2.1986736509810336e-05,501,1.057315204702133,0.027116499343906076,-1.988480830488904e-06,-4.9336811620452525e-09,-5.079373211865627e-13
171,171,PSO,9.73439205963595e-06,49,1.0217786192493763,0.027018647485019844,1.29736494213805e-07,-1.0021500773141844e-08,2.7120090948565863e-12
172,172,PSO,9.994152009101544e-06,36,0.7420009228083039,0.02950161179848613,-6.601209637144132e-06,-2.812059173442631e-09,-1.0571213437320835e-14
173,173,PSO,4.135268035411152e-05,501,1.155808803454284,0.02745104987497249,-5.588551681057762e-06,1.236934820895868e-09,-3.468352542742825e-12
174,174,PSO,9.830151744833728e-06,291,0.9891235625820507,0.027140770690563004,2.6932067780282804e-07,-1.0402497985863681e-08,2.838907365726504e-12
175,175,PSO,1.1061684912105212e-05,501,0.9781861631824746,0.027339545247186674,-9.732687493395561e-07,-8.248268183410185e-09,1.717843173846606e-12
176,176,PSO,1.29875788458926e-05,501,1.2462258839254612,0.025165960596037373,5.068409773344501e-06,-1.528897356521198e-08,4.639858543026094e-12
177,177,PSO,3.0339804799217363e-05,501,1.0992688138553626,0.026547539030325862,-1.7980264032833978e-07,-6.51751506320021e-09,-2.547664413793372e-13
178,178,PSO,9.919352788798282e-06,85,0.7883467352346367,0.02911098881850599,-6.143042215878425e-06,-2.465922690889923e-09,-4.653880563671891e-13
179,179,PSO,0.000276917573159987,501,2.3961908073938303,0.020901263477046853,2.0427727581542005e-07,9.61950568515866e-09,-1.2812395329889217e-11
180,180,PSO,9.438687924993949e-06,169,0.9814431462170099,0.026796494085603337,2.4337196379927456e-06,-1.4197039424065664e-08,4.930360845666338e-12
181,181,PSO,7.401887335080758e-06,35,-0.01293364617090321,0.03389915543610049,-1.3865518572184846e-05,2.542059810304203e-11,9.295636441433006e-13
182,182,PSO,8.480776644260262e-06,51,0.7983970922922063,0.02798339793456836,-3.246846654500109e-07,-1.1259125980236862e-08,3.5639147960051783e-12
183,183,PSO,9.268890651731988e-06,65,1.102800258608484,0.0262416143712201,2.5820608209534038e-06,-1.3127926185106032e-08,4.079623323901092e-12
184,184,PSO,1.6166316550794885e-05,501,1.1171118330282084,0.02670392009372665,-1.486216099108793e-08,-9.203186923585849e-09,2.2784569992739118e-12
185,185,PSO,1.5273040465356815e-05,501,0.9778688660317255,0.027640238497919755,-2.680251761111578e-06,-5.343824010037052e-09,1.6780583873719955e-13
186,186,PSO,5.550498671151839e-06,37,0.8554082128075913,0.02773788776149825,-1.3941764126623588e-07,-1.148380817872423e-08,3.978038618819152e-12
187,187,PSO,9.36709778348098e-06,78,0.3398380564219641,0.032255144114735235,-1.1851656048601819e-05,1.5510606989503472e-10,1.3411898432595072e-14
188,188,PSO,8.795798256779167e-06,19,0.1936871191376571,0.03238010511560673,-1.1171837681778125e-05,-5.279476467622615e-10,-1.333559503597772e-14
189,189,PSO,1.2486241501561759e-05,501,0.7536148146689321,0.02950439532038032,-7.783226777629981e-06,1.2115386471944586e-11,-1.6305939802940283e-12
190,190,PSO,6.211586573221821e-05,501,1.391219417375969,0.02586843677907634,-2.5458854976963092e-06,1.5855428924417886e-10,-4.2785577054670546e-12
191,191,PSO,1.2352872545672465e-05,501,0.9195278996914488,0.028070193574667533,-3.5192234434032975e-06,-4.962130549292334e-09,2.8913414227373506e-13
192,192,PSO,2.2479114930535998e-05,501,1.1662691927064135,0.02637755239416639,1.0728899001099873e-08,-7.379323737160754e-09,5.779635954145231e-13
193,193,PSO,9.863958540084659e-06,354,1.1080313185361392,0.02614599418715582,3.0254762806614137e-06,-1.3581740661710088e-08,4.118722256728103e-12
194,194,PSO,2.8084885309131577e-05,501,1.1098704174608343,0.02735855269434616,-3.7996203212432276e-06,-2.463584275557201e-09,-1.4091997968648162e-12
195,195,PSO,9.791527532654902e-06,165,0.9021827958608049,0.02795223763353275,-2.5641926145221535e-06,-6.630787444575201e-09,1.152897306262656e-12
196,196,PSO,9.091769980512177e-06,24,0.6563416926561735,0.03008527239744252,-8.144375575892449e-06,-1.675620457417238e-09,-1.0671636409092752e-14
197,197,PSO,2.6618345234306232e-05,501,1.169015298073263,0.026254487865129177,1.6495696055504825e-08,-6.6821143751727545e-09,-4.3642443612835e-14
198,198,PSO,9.771800174154933e-06,55,-0.11821660962307165,0.034948302663625315,-1.7014270086972742e-05,3.2035456506963194e-09,1.0425371045555335e-14
199,199,PSO,9.174358575506915e-06,82,0.5556470405346503,0.030891366057746217,-9.85389872203924e-06,-6.114087253697212e-10,1.2014947805559943e-14
200,200,PSO,4.8579306872503744e-05,501,1.246245838007592,0.02654752063050067,-3.2941954921514032e-06,1.0000719531926234e-11,-3.8811551841585656e-12
201,201,PSO,5.761498094736291e-05,501,1.459936129298014,0.024911825248181516,4.6853419568910715e-07,-3.66378471807792e-09,-2.5051481658070324e-12
202,202,PSO,1.2308657081536896e-05,501,0.7490863989010649,0.029560888134092737,-7.851887239202173e-06,2.1825008226709952e-10,-1.882970936705879e-12
203,203,PSO,0.0003738099194940278,501,3.0132978780585877,0.01606757323515297,1.1737938892299007e-05,3.2778964195876225e-11,-1.0618917605315356e-11
204,204,PSO,5.814409030249083e-06,41,0.0747205269189415,0.03331237079498785,-1.2948971857828089e-05,-1.2472055319116205e-10,6.289032105946257e-13
205,205,PSO,7.651521038222174e-06,19,0.14225419859378738,0.03327785635851039,-1.3195598115383832e-05,1.906136516754844e-10,5.109545832802426e-13
206,206,PSO,1.5912818879064617e-05,501,1.1668860805218733,0.026017156066868902,2.0121923772176944e-06,-1.090600163824827e-08,2.511243415101956e-12
207,207,PSO,2.1168601978671888e-05,501,1.125517451217271,0.026477597930072014,3.708277498982208e-08,-7.544327272050857e-09,6.411668217406081e-13
208,208,PSO,4.542237850859041e-06,19,0.1350352297225822,0.0332642219594892,-1.3210840889621684e-05,1.7521006480499127e-11,7.836852968867242e-13
209,209,PSO,1.1220444648793611e-05,501,0.983673857348688,0.02740950999460729,-1.3684848389514077e-06,-7.85894306937247e-09,1.6895606648547004e-12
210,210,PSO,4.960202461984678e-05,501,1.26215546071443,0.026431249021189714,-3.376733033499809e-06,2.0665780103584233e-10,-3.856190617828611e-12
211,211,PSO,3.2631649423044495e-05,501,1.1733170411198133,0.02617451503399844,-1.2691839457548453e-08,-5.982910605601393e-09,-6.533278859430027e-13
212,212,PSO,1.0730216126340919e-05,501,0.8279577406301388,0.02873874056561713,-5.209913686099285e-06,-3.2909250344628023e-09,-2.27483574240032e-13
213,213,PSO,6.812075209601001e-06,25,0.31911594365313134,0.03198954382963629,-1.085316395023819e-05,-4.0519407610788873e-10,-2.339285006885233e-13
214,214,PSO,1.5029393390010486e-05,501,0.6583433174222759,0.029762394337911596,-7.879792873633223e-06,2.7109750390860174e-10,-2.0723702265683022e-12
215,215,PSO,3.655047321191989e-05,501,1.298597976304721,0.025776045481686122,1.7457579671434867e-07,-5.770778495771613e-09,-7.360430006579751e-13
216,216,PSO,9.908219768784685e-06,114,0.8858032117955394,0.028191741281684154,-3.360219732811958e-06,-5.741348744565443e-09,8.318806150867973e-13
217,217,PSO,9.900822153027881e-06,259,0.9473369740027732,0.02755374071943461,-1.4473372699972173e-06,-8.09015058381814e-09,1.8974006349813198e-12
218,218,PSO,6.62393727333523e-05,501,1.4058489039259197,0.025672048062585235,-2.0309782367970224e-06,-1.019105993859997e-11,-4.489716868359899e-12
219,219,PSO,2.6535667525739866e-05,501,1.1793360897938927,0.026228248315647875,9.622521408507382e-08,-6.783609536041497e-09,-1.1191281671575608e-14
220,220,PSO,2.0321721375007642e-05,501,1.0491789429072187,0.027100002611294367,-1.6517129581649785e-06,-5.681100086462671e-09,-3.721739418192494e-14
221,221,PSO,1.3699084042875161e-05,501,1.0793249739716617,0.026783936557248766,1.5686453986393127e-07,-9.804306754068465e-09,2.6814454292169173e-12
222,222,PSO,4.51617796610249e-06,25,0.20962222819658952,0.03253381144245482,-1.110261830339259e-05,-2.5502704201967858e-09,1.9679375452380097e-12
223,223,PSO,1.050343337574289e-05,501,1.0342874733179417,0.026966028170898357,1.4726163961332467e-07,-9.85886304354682e-09,2.5410898699859465e-12
224,224,PSO,8.16718575279058e-06,14,0.480319193657014,0.031226752824480175,-1.0378869490277105e-05,1.6800022210454462e-10,-4.809490842491102e-13
225,225,PSO,9.092539808512872e-05,501,1.5937270027670563,0.02431912617035912,1.0000000000000614e-08,1.0000000000000041e-11,-5.4194427591328944e-12
226,226,PSO,9.976610795720251e-06,270,1.015310591903483,0.027059560516253238,-2.4501829552835093e-08,-9.710279250266267e-09,2.4959993974036302e-12
227,227,PSO,1.4578809271263299e-05,501,0.8106142890944804,0.028827689895152053,-5.544473623768785e-06,-2.506475665529513e-09,-7.11908341664304e-13
228,228,PSO,9.97629835925032e-06,303,0.7731535097385454,0.029131648402016486,-6.127924861856294e-06,-2.4244835129576385e-09,-4.936041375619625e-13
229,229,PSO,9.343045073996602e-06,31,0.21113702137741372,0.03237968323226187,-1.1386720159677332e-05,-7.176958829785276e-11,-3.479649128602202e-13
230,230,PSO,2.609933857530661e-05,501,1.1599968227094082,0.026310533766943728,1.010196322282809e-08,-6.7681082462124446e-09,1.0008955676731298e-14
231,231,PSO,9.860484413398651e-06,103,1.011385373563106,0.027094768484187823,-7.039842535002673e-08,-1.0127156193430022e-08,2.9792343220883255e-12
232,232,PSO,9.72798674029555e-06,37,0.7419491508877932,0.028995698140356928,-4.934405922572002e-06,-4.207186363016023e-09,2.4666588546236425e-13
233,233,PSO,2.8389341499568274e-05,501,1.2000938308000861,0.026237049347462765,-3.0922002172293514e-07,-6.07897372405646e-09,-3.590622571661497e-13
234,234,PSO,0.00041760738516897567,501,4.04221137060288,0.0068846212452668126,3.842010639767475e-05,-3.1820163955999136e-08,2.823822018528931e-12
235,235,PSO,1.7090229919302368e-05,501,0.8550927368246916,0.029062566695002717,-7.122482950066412e-06,-2.3897695925541594e-10,-1.758048757610754e-12
236,236,PSO,9.943577915664908e-06,85,0.6996582782566151,0.029785992818030797,-8.09065530432306e-06,1.0300591756259935e-11,-1.5842086327707554e-12
237,237,PSO,2.6254724573274755e-05,501,1.0080679146177938,0.02799423189765427,-5.522539082512916e-06,-6.992271594079525e-11,-2.6742338141700443e-12
238,238,PSO,1.3174972273413963e-05,501,1.023194688718842,0.027169458492162388,-9.79386252935563e-07,-7.809196762609139e-09,1.4067912926758166e-12
239,239,PSO,9.486402267356026e-06,474,0.9750043357365616,0.02727854324674338,-4.965697077194529e-07,-9.207050873744242e-09,2.2812109860852036e-12
240,240,PSO,8.606943541478461e-06,36,0.9890955524022712,0.026824344785381902,1.585089073872602e-06,-1.2178003011121714e-08,3.5965167615268925e-12
241,241,PSO,5.507990914794951e-05,501,1.2230598479487536,0.026713769059778982,-3.246481670119192e-06,-3.885737775269474e-10,-3.8002878230604235e-12
242,242,PSO,3.203001878326333e-05,501,1.189494029041592,0.026096666054453908,2.103745591150179e-08,-6.151516508859593e-09,-4.104136157010428e-13
243,243,PSO,3.7422043797769585e-05,501,1.234499816727732,0.02662175886002647,-2.547803266703512e-06,-2.782604023059937e-09,-1.78256301005707e-12
244,244,PSO,3.7198699604040483e-06,25,0.29976401852966034,0.03218488744272181,-1.1550623146498977e-05,2.385290721709047e-10,-2.3519206023712633e-13
245,245,PSO,0.0006825843914725846,501,4.016533562214584,0.01044868718937189,1.9335816953720375e-05,3.45283675445479e-10,-1.414265684800496e-11
246,246,PSO,4.302302193528277e-05,501,1.2658688845471995,0.025778240981850314,1.83734134014239e-08,-4.663558298386279e-09,-1.7680320712448758e-12
247,247,PSO,1.8423808035929494e-05,501,1.1069211158998502,0.026720700420824407,-5.446636378819099e-07,-7.69348743948665e-09,1.25981840010941e-12
248,248,PSO,2.6900262827450924e-05,501,1.163961471342725,0.02624127682961807,1.1737185568484629e-07,-6.794591645887484e-09,-1.2439621233180845e-14
249,249,PSO,1.9034621293406324e-05,501,1.0338195062869069,0.027188098697785875,-1.7992074441641156e-06,-5.663272117426521e-09,-1.0300786485322466e-14
250,250,PSO,1.7350947995884363e-05,501,1.0792689784836198,0.0269452975776523,-1.0043648982824584e-06,-7.061610486135647e-09,8.086072841012124e-13
251,251,PSO,8.07576080187808e-06,22,0.1257245798787259,0.033457077507635366,-1.4311096361030967e-05,1.714446529541335e-09,-6.714884538106299e-14
252,252,PSO,1.0348865720646524e-05,501,1.0228191146678616,0.027102234799200587,-1.0220255830215988e-07,-9.822828232860547e-09,2.6287944063566248e-12
253,253,PSO,6.276830218813281e-05,501,1.4476496217138402,0.02501847875909276,1.1251666372786815e-08,-3.0407335151588974e-09,-2.8577076219958272e-12
254,254,PSO,4.105551492946487e-05,501,1.192704323795751,0.026905303563717505,-3.996800585485808e-06,2.3939922505775644e-11,-3.431967560389743e-12
255,255,PSO,1.4221437018478088e-05,501,1.060680908972845,0.02678492640295697,3.634341796350398e-08,-8.885639216211297e-09,1.8128611455851384e-12
256,256,PSO,9.072139153054677e-06,42,0.9617587057666429,0.027314408414086867,8.707452172727653e-08,-1.10113627608562e-08,3.4428550227513686e-12
257,257,PSO,0.0003090838334831251,501,4.622957458570499,-1.007363280702477e-05,6.462614042812171e-05,-6.880559287738852e-08,1.9930857072109133e-11
258,258,PSO,4.8848990228132704e-05,501,1.2520889214881037,0.026478433440649016,-3.1505515129528094e-06,-8.64939942188681e-11,-3.891876620346578e-12
259,259,PSO,3.376060297640179e-05,501,1.1107399196754482,0.0275339294317712,-5.079206707591553e-06,1.5582599631527463e-11,-2.8445282190336743e-12
260,260,PSO,2.7016653107454908e-05,501,1.200912343995989,0.0261690520184676,-4.2027065319159064e-08,-6.552577092769947e-09,-3.488226127642084e-14
261,261,PSO,1.1191474414321843e-05,501,0.7760996452197426,0.028843085945457293,-4.8724859739434306e-06,-3.84981382973264e-09,-6.855514285671528e-14
262,262,PSO,1.476863929176742e-05,501,0.948000183871048,0.028032126849023575,-3.869586410759138e-06,-4.140484589756283e-09,-1.7119294092785353e-13
263,263,PSO,5.956849011648294e-05,501,1.3329159282823395,0.025896653162644313,-2.4860288980431225e-06,8.192025437163329e-11,-4.187283360901407e-12
264,264,PSO,1.7409061568186153e-05,501,1.047182325723244,0.02719616200540326,-1.8536130345916847e-06,-5.997293913622602e-09,4.082710810650543e-13
265,265,PSO,2.997664719695585e-05,501,1.2299754707806747,0.02613734241879551,-3.763889631186288e-07,-5.7716607049861344e-09,-4.967839138066507e-13
266,266,PSO,3.2185009604703146e-05,501,1.0849646205371457,0.027547808759600494,-4.915715393782716e-06,1.0460949936596562e-11,-2.9884042098891588e-12
267,267,PSO,6.870504068292952e-05,501,1.4454766843863072,0.024984991783097855,1.7961005056405617e-08,-1.9888442978358313e-09,-3.899416779293339e-12
268,268,PSO,2.0019073821514307e-05,501,1.0692885473837317,0.027043732920008837,-1.6151470930438046e-06,-5.720523318250982e-09,-2.3064250118267403e-14
269,269,PSO,9.885061812137373e-06,28,0.5965651289585632,0.02938898663950215,-4.003832901008243e-06,-8.098581460709656e-09,3.041056763069281e-12
270,270,PSO,3.3766057182548384e-05,501,1.1112704501278157,0.0275039929969533,-4.763305270368044e-06,-4.3174062598986315e-10,-2.736441642592386e-12
271,271,PSO,9.128447414752109e-05,501,1.6095209540103423,0.02427113736779534,1.1241131659416345e-08,1.0000108810285746e-11,-5.352634094905683e-12
272,272,PSO,5.8981798480680037e-05,501,1.3661746366267171,0.02576205128888489,-2.170892540144969e-06,-2.0289534188980068e-10,-4.1344417579962925e-12
273,273,PSO,2.718552551492383e-05,501,1.022671098942649,0.028022598003415417,-5.7601299212089915e-06,1.3954218621344111e-11,-2.522149142370094e-12
274,274,PSO,9.787969540015737e-06,160,0.9321476286599892,0.027693604961141663,-1.6851487864049952e-06,-7.75960610417462e-09,1.6265368704856043e-12
275,275,PSO,0.00021043930466406788,501,1.7730260141459084,0.022232124712602868,5.407169294105378e-06,-2.9294173913321477e-09,-6.563751374747795e-12
276,276,PSO,1.0055320524694739e-05,501,0.8274386424005443,0.02840694803558773,-3.6160168275368227e-06,-5.4037205341534986e-09,5.871617939516382e-13
277,277,PSO,9.308709752456805e-06,27,0.17058996777231983,0.03277054601700339,-1.207265349846214e-05,3.054537639528473e-11,-1.1289486137273443e-13
278,278,PSO,4.614662720114327e-06,34,0.3457794941877527,0.03187249892655503,-1.1053781714858064e-05,-2.635262727191532e-10,1.1636014254594555e-13
279,279,PSO,0.00013229651768036216,501,1.8154731137227857,0.022829122420887672,2.3765911412334755e-06,-3.232100103536809e-11,-6.5362865827427396e-12
280,280,PSO,2.6958536872512476e-05,501,1.2100375769438907,0.026184167782161722,-5.734351889431361e-08,-6.589002985632099e-09,-1.3842835187672111e-14
281,281,PSO,8.93011300179394e-06,31,0.34346540834199585,0.03182125480503733,-1.1144451265636418e-05,-1.467245294113549e-11,4.1281946252281723e-14
282,282,PSO,2.2855358969450045e-05,501,1.0951778254853743,0.026780168062296925,-1.0864240934913305e-06,-5.899005584062948e-09,-1.514445991046503e-13
283,283,PSO,4.841458775213805e-06,20,0.5087107609165805,0.030718169914983894,-8.398552693196048e-06,-2.0437145031565505e-09,4.830391451282955e-14
284,284,PSO,7.32485648441444e-05,501,1.70082343291883,0.023161591914713252,4.759376118065783e-06,-8.747408894003258e-09,-9.927799729464713e-14
285,285,PSO,7.873472140803424e-05,501,1.6059296391548303,0.024457532538035988,1.8909300701111766e-08,-1.7098639404495258e-09,-3.750482286074688e-12
286,286,PSO,2.970263952610081e-05,501,1.21079382077853,0.02614475118783605,-1.117594764175244e-07,-6.081826134910123e-09,-4.593823095762627e-13
287,287,PSO,3.351856792924377e-05,501,-0.011527206213158685,0.032184620011598955,-3.71804809447789e-06,-1.7812999993747622e-08,1.0514400606577131e-11
288,288,PSO,3.162858125108008e-05,501,1.0226047549374422,0.027708720326714172,-4.9047378462549435e-06,2.028955736247875e-11,-3.1832514374190157e-12
289,289,PSO,7.3580490926493705e-06,40,0.7046732741483853,0.028294201148784504,-3.966549205709599e-07,-1.2328320527650501e-08,4.603217413777331e-12
290,290,PSO,5.80250593553658e-06,28,0.015551821879935564,0.034241286719095244,-1.6326620972678273e-05,4.185929872112639e-09,-1.0875677404319715e-12
291,291,PSO,9.124662412145492e-06,24,-0.04155209152787143,0.03402318425239308,-1.407743170945071e-05,-5.817826496849651e-11,1.166344402434958e-12
292,292,PSO,9.682787450079945e-06,46,-0.054792715011483084,0.034331532833052784,-1.567836024476525e-05,2.885401976294619e-09,-4.523675436023235e-13
293,293,PSO,8.341394232908248e-06,25,0.8653686067363604,0.027524257019774404,7.73290552073073e-07,-1.2391637605972143e-08,4.111008143409962e-12
294,294,PSO,4.166654243504618e-05,501,1.1901924472981351,0.026871437954587723,-3.856684050421898e-06,1.0000709570211596e-11,-3.552324938176767e-12
295,295,PSO,0.0014722163007655144,501,5.722829093340264,-1.0000000000002373e-05,3.472767042871317e-05,1.0000000000000164e-11,-2.0995743296233094e-11
296,296,PSO,9.290058558022457e-06,177,0.915416180913406,0.02771958676444521,-1.5399181531598448e-06,-8.072527779226172e-09,1.7785402328501075e-12
297,297,PSO,9.878716218793773e-06,248,0.9978669629036262,0.027124413261099774,-1.6235007570967877e-07,-9.528215852153986e-09,2.4060892575720132e-12
298,298,PSO,9.562228293552088e-06,191,-0.016350654716183438,0.03447951230361818,-1.6342518363754786e-05,3.0543171536360856e-09,-7.316991410939883e-14
299,299,PSO,8.710331994374622e-06,55,0.50142659889528,0.029248835529758876,2.096342491660701e-08,-1.6210594945434212e-08,7.356948464190251e-12
0,0,DE,5.7477663500931e-06,187,0.810858424503937,0.027940405189235275,6.217778822553238e-08,-1.2330392445086447e-08,4.3179014551843396e-12
1,1,DE,9.85369175691708e-06,114,0.6760202115969063,0.030009679269456867,-7.680694741189778e-06,-2.110099594129605e-09,-6.160868144464465e-14
2,2,DE,6.619150360205539e-05,501,1.089895650205249,0.026807027159227937,-3.3181069518267897e-06,9.99465644093919e-11,-4.02295111923788e-12
3,3,DE,4.999107058181083e-06,212,0.5449055543622254,0.03037168509276535,-7.87563201757286e-06,-2.0860734657219124e-09,-9.945900970306162e-14
4,4,DE,0.0002697847402714226,501,2.676050513898116,0.018303168296638476,8.625239685866181e-06,-2.352375966322764e-09,-6.769070176920275e-12
5,5,DE,9.499367528121164e-06,387,0.395574863117043,0.030722944220513883,-6.29362752505631e-06,-6.4483388027924225e-09,2.596510985178978e-12
6,6,DE,1.4247518360541212e-05,501,1.065715564874164,0.026758538408705443,1.322314821796739e-07,-8.942420778455098e-09,1.7735132189935944e-12
7,7,DE,3.1771177731906024e-06,245,0.35280319930869997,0.03146091448688086,-9.300240643811953e-06,-2.377969020581411e-09,7.693791629219529e-13
8,8,DE,6.97831904552357e-06,191,0.059890592460200495,0.03341253234997065,-1.3229250984374407e-05,-2.1230280017927396e-11,7.583480450666101e-13
9,9,DE,9.91054462114705e-06,471,0.6275671657363051,0.03023976749044127,-8.874681053967789e-06,-1.6730507292746304e-10,-9.611487281011527e-13
10,10,DE,1.5692755749868375e-05,501,0.6263876561137319,0.028703989021336015,-4.733398700772891e-07,-1.3173592991617276e-08,5.3523433714039164e-12
11,11,DE,2.514050486118681e-05,501,1.1568681837702286,0.02634615725896547,1.3386229679054179e-08,-6.939668273342171e-09,1.6089261002416947e-13
12,12,DE,9.695757418409858e-06,344,0.6700567836718719,0.030189344314903003,-8.983024133648164e-06,1.333799033262031e-10,-1.1156393321218497e-12
13,13,DE,1.958813849677451e-05,501,0.7087340375273863,0.029299769314828285,-3.5148484237978557e-06,-1.0593398762062948e-08,5.3099045396753946e-12
14,14,DE,4.3186807401299643e-05,501,1.2946228185038913,0.025830378304897112,-7.973055546373371e-07,-3.5804151755423782e-09,-2.049680566826828e-12
15,15,DE,9.662175406669595e-06,123,0.1211169773861624,0.032848326262691824,-1.199450262924557e-05,-1.3571903950072002e-10,2.957292083448136e-14
16,16,DE,1.1746436496868119e-05,501,0.32004051313472587,0.03245652834349338,-1.2560044143706025e-05,1.339066060268376e-10,7.241284207070215e-13
17,17,DE,7.875719593665994e-06,87,0.20630998687176755,0.032565486298691,-1.1841960098232815e-05,7.412805796538611e-11,-3.632454555195473e-14
18,18,DE,8.856079234579396e-06,100,0.6197671914121949,0.029315393837561585,-2.78986426146649e-06,-1.0129868605262506e-08,3.783341052759439e-12
19,19,DE,9.886384577677046e-06,477,0.9774034812610123,0.027315113444793364,3.131077293564874e-07,-1.2429718575651513e-08,4.8371839430415726e-12
20,20,DE,4.507129685978052e-06,203,0.34541895937349476,0.0317056927840183,-9.943184447046167e-06,-1.6758518796388631e-09,4.1802363381751343e-13
21,21,DE,2.059731934755146e-05,501,0.010043606502822497,0.03322626389253056,-1.1233463472683081e-05,-2.6417535755881674e-09,1.491503223268783e-12
22,22,DE,4.7951761833180635e-05,501,1.2008460395383682,0.02531033908444791,5.110187032469448e-06,-1.6448790530629186e-08,5.483378824683385e-12
23,23,DE,4.846781214353149e-06,125,0.15188608325083822,0.032910979154410366,-1.2728754437399454e-05,7.786445778064438e-10,-1.7142008374298657e-13
24,24,DE,3.0426835593349145e-05,501,1.1602392232492176,0.026552036109479,-4.455455617500869e-07,-6.58548578161783e-09,-2.3082929870870684e-14
25,25,DE,2.5822574409747836e-05,501,1.140378202759774,0.02643215667941482,-4.164381159935455e-07,-6.372373961321362e-09,-2.53049817926481e-14
26,26,DE,8.951197085432909e-06,47,0.04188220218601996,0.03381754800592407,-1.5161319505045084e-05,2.8038714117591026e-09,-5.172072599242342e-13
27,27,DE,7.440243281514326e-06,300,0.1995541127434499,0.03268032736357814,-1.1901990230811243e-05,-1.6166252466260362e-10,6.201594240586894e-14
28,28,DE,4.171594689776431e-05,501,0.2802311299471167,0.03261356062912917,-1.1983196764803534e-05,2.055776974258754e-10,-4.094534288954082e-13
29,29,DE,4.736852432895843e-05,501,1.413365005993222,0.02537573829187023,3.1426670040726076e-07,-5.291737741525238e-09,-1.1092435480063062e-12
30,30,DE,3.1040218627067473e-05,501,0.47639652146046985,0.030294823148147937,-7.24091135431025e-06,-1.5649626231681007e-09,-1.3067546653895242e-12
31,31,DE,9.657268762557959e-06,285,0.49974744181456054,0.03086836608939635,-9.44202111081454e-06,-1.0671329952868474e-09,8.999102524958026e-14
32,32,DE,6.306551376487631e-06,180,0.07370864435971385,0.0340320727582971,-1.6844415286939237e-05,6.430097836567615e-09,-2.879720563881266e-12
33,33,DE,7.5189216354469555e-06,117,0.6416575899740121,0.029870810948101744,-6.817863946081891e-06,-2.8890161144587288e-09,-1.5785532206075268e-14
34,34,DE,7.498746344263492e-06,211,-0.03401319025831837,0.03433719096547625,-1.5392563777932458e-05,1.5069094557052567e-09,6.130458940103435e-13
35,35,DE,7.019570661973948e-06,217,0.8854466351020086,0.027588407165100064,-7.318111455180651e-08,-1.1260797877506897e-08,3.825575111060223e-12
36,36,DE,9.823673754681135e-06,446,0.775704837814296,0.029104243501212528,-5.619323942812814e-06,-3.5331984681301476e-09,4.467470988151657e-14
37,37,DE,6.292113492923816e-06,250,0.5870900005159448,0.030327458869516533,-8.072079619188295e-06,-2.1877655088558316e-09,3.2663625720377617e-13
38,38,DE,2.4087922934769203e-05,501,0.892960183524373,0.028387362168335446,-5.7939892790848444e-06,-3.208838423868548e-10,-2.4261529708457425e-12
39,39,DE,2.5513329581749148e-05,501,0.990015976429665,0.027048743421790044,-8.249123458324531e-08,-8.207410864845026e-09,8.90103200861483e-13
40,40,DE,3.747826172776398e-05,501,1.048290063106669,0.02745732667459162,-4.307178921287557e-06,-1.1791368651428502e-10,-3.4589197626971192e-12
41,41,DE,1.26699671825904e-05,501,0.8318488158900237,0.02836220819084328,-3.7304892400756172e-06,-4.814151752649192e-09,1.3063088778495479e-13
42,42,DE,9.074970757185801e-06,156,0.05886046403958779,0.03338374509512893,-1.3139553450101887e-05,6.091383185800176e-10,1.2618815334474822e-14
43,43,DE,7.992683151621182e-06,219,0.13262465726219425,0.03322186417209839,-1.244052638507549e-05,-1.6854175821119966e-09,1.773970292666261e-12
44,44,DE,5.565691914156427e-05,501,1.4358432523780298,0.025382257444519808,-3.6146207690241225e-07,-3.6766855364768786e-09,-2.0433942701311486e-12
45,45,DE,9.552625325744944e-06,91,0.5421976715366595,0.030908282662872905,-9.820954985982982e-06,-5.797513847350295e-10,-1.3178991332513348e-14
46,46,DE,7.832108264398564e-06,119,0.20002704055707587,0.033138263990232,-1.3583724550895986e-05,9.150976111026035e-10,2.8254482605897413e-13
47,47,DE,3.295235005676322e-05,501,0.3028885901524873,0.030977229139585935,-6.959464571946463e-06,-4.537511627056516e-09,8.904089809688885e-13
48,48,DE,9.967705288407408e-06,118,0.5792206650107892,0.030760124798839484,-9.565056372308803e-06,-6.95449898667207e-10,-2.0163611882287383e-13
49,49,DE,2.9275490207934673e-05,501,1.2447632717080368,0.02585341240629698,6.714103891863056e-07,-7.081427716629683e-09,3.879014662635441e-14
50,50,DE,3.742343895247323e-05,501,1.238970341293477,0.025036822994427395,4.230267370288438e-06,-1.1484844483504475e-08,1.629676281400687e-12
51,51,DE,1.4567930827127712e-05,501,1.0598107883602916,0.02678022211185931,1.0451322764733485e-07,-8.978804211437583e-09,1.8053651617920374e-12
52,52,DE,9.02754057676394e-06,448,0.7456577230713437,0.028041211485152047,-6.219456693579817e-08,-1.2170949773769162e-08,4.286191993524322e-12
53,53,DE,6.524750588052391e-06,194,0.25657716493855,0.032093478794838044,-1.0529945213136775e-05,-1.2687601544355026e-09,3.6287466800999194e-13
54,54,DE,2.9915306336413942e-06,230,0.33814194314704665,0.031924725102841216,-1.1158635859266916e-05,2.4740197118850694e-10,-4.688883236441927e-13
55,55,DE,9.446526148819297e-06,397,0.9784612128808061,0.027409632399731224,-6.225720736025459e-07,-9.904964111053567e-09,3.0826229392669464e-12
56,56,DE,7.003927697217966e-06,85,0.11924279169856483,0.033243979500026374,-1.334839440246639e-05,4.2197021711599146e-10,5.049765622062017e-13
57,57,DE,1.0719708911077119e-05,501,0.4233254307973642,0.03170166902180199,-1.0563062135270462e-05,-1.7667106937490828e-09,1.2676727344963414e-12
58,58,DE,9.639985443384773e-06,133,-0.02524920228217617,0.03380846849376335,-1.3465417659639008e-05,-4.1676901896263106e-10,1.0527996930490427e-12
59,59,DE,5.0571944983414405e-06,160,0.4900676354273379,0.03126125499960488,-1.0597157107686448e-05,5.52950336982066e-10,-8.156098002133481e-13
60,60,DE,1.9184527294499437e-05,501,1.0199410707105359,0.027224211585259787,-1.8040690229578205e-06,-5.693924797403739e-09,-1.0320870163507973e-14
61,61,DE,1.2979296298197306e-05,501,0.7811198069637247,0.028791707602856792,-4.553087270382321e-06,-4.178908775016586e-09,-9.72910075762913e-14
62,62,DE,4.59793317165145e-06,80,0.4406793866908705,0.031330640246115725,-1.0441670328322063e-05,2.8469488010213545e-10,-7.820525365774127e-13
63,63,DE,5.4802449383516845e-06,356,0.07407227702475841,0.03393767897756543,-1.5868405637184772e-05,4.0816478624447396e-09,-1.3337117604775638e-12
64,64,DE,9.30392415832059e-06,425,0.5998162371791513,0.029112887381662175,-2.5976063158899026e-06,-1.0019624155083366e-08,3.8771903734882755e-12
65,65,DE,6.965028668465335e-06,249,0.1492085065790031,0.0329765228994919,-1.2438958067575983e-05,-7.700655088783264e-10,1.1742110432456003e-12
66,66,DE,4.990271559818712e-05,501,1.3372978201190637,0.025409227495232688,1.8305653185346364e-07,-4.7513577768442465e-09,-1.4161330806292481e-12
67,67,DE,6.549340832478745e-06,275,0.7478818564862143,0.028359012114801296,-2.85037076403868e-07,-1.3507834975517602e-08,5.755946247529095e-12
68,68,DE,8.20984666394597e-06,135,0.30216489926566625,0.03188121477449275,-1.0868231226006503e-05,-4.991990573146831e-10,1.5491003310424973e-13
69,69,DE,7.722329726422301e-06,278,0.3901868103961382,0.03144782902701035,-9.336358031501177e-06,-2.745047936932755e-09,1.0509149645257217e-12
70,70,DE,1.198756230983917e-05,501,0.8729308063346637,0.027549936239792887,2.4719759998186684e-07,-1.100391682465197e-08,3.1549747046326873e-12
71,71,DE,9.316473356064217e-06,200,0.05393089835848732,0.033508663043950525,-1.3902314736886796e-05,1.5089014185155884e-09,-1.4540954553137368e-13
72,72,DE,7.112542908732325e-06,363,0.26959780629215463,0.03235152359521176,-1.1412323979752363e-05,-1.718156001395396e-09,1.567650860878668e-12
73,73,DE,4.0725767591953155e-05,501,0.9961344705960204,0.027097342991991093,-1.9988894740469203e-06,-3.8813350907215525e-09,-1.5071657811059756e-12
74,74,DE,9.764357965448182e-06,480,0.7786586034931989,0.028619463749176746,-3.839542641908148e-06,-5.744283767008505e-09,1.0773537441653287e-12
75,75,DE,6.034878741031644e-06,356,0.7751972050872863,0.028884126049196712,-4.411622130678971e-06,-5.9123682072657115e-09,1.5396575209260152e-12
76,76,DE,9.95974230272708e-06,343,0.6418060052406532,0.029719496288366794,-6.888227871711945e-06,-2.415816513093727e-09,-1.5521542806939228e-13
77,77,DE,2.0042633488533632e-05,501,1.02243642729336,0.027298136955071856,-2.305077667164931e-06,-4.990643443703531e-09,-2.6084112522719645e-13
78,78,DE,8.834301321130237e-06,122,0.71705764510622,0.02941663829868137,-6.434319478391881e-06,-2.769683838102061e-09,-1.0746056708966281e-14
79,79,DE,9.124977537690254e-06,279,0.5606191403397066,0.03084109544878596,-9.95814315084194e-06,-7.834454229107658e-11,-4.4880923548503543e-13
80,80,DE,6.781493824617053e-06,152,0.450156990113453,0.03138423754635656,-1.0688728379239834e-05,-1.2061025258474768e-11,-1.8267043807443283e-13
81,81,DE,8.156194509645064e-06,203,0.3388126093130844,0.032081682382389516,-1.1527296073648035e-05,1.9486514548792223e-10,-6.143325698414577e-14
82,82,DE,9.484395576629264e-06,412,0.6413084504606836,0.030128801720807213,-7.096566543714768e-06,-4.0999745854590934e-09,1.3273789517385098e-12
83,83,DE,8.689294395707032e-06,173,0.230898163354558,0.03247372291203991,-1.1841482646515689e-05,7.526188378986695e-11,9.49177394835213e-14
84,84,DE,1.1277104057542218e-05,501,0.7146441096560472,0.028254509668154997,-1.2260489920244125e-07,-1.224338140811028e-08,4.160050680977245e-12
85,85,DE,2.6087552158202762e-05,501,1.1906004066047045,0.025974768390315272,2.021244241144325e-06,-1.2064115382684992e-08,3.910758943371689e-12
86,86,DE,4.8303346478102854e-06,142,0.09949754004852451,0.033332627383058415,-1.3216853868440779e-05,-1.6431014776841857e-11,7.629999184060178e-13
87,87,DE,4.046861586910923e-05,501,1.1723582755265713,0.0260971025185099,1.430755972569699e-08,-5.383999159002903e-09,-1.2448342503744506e-12
88,88,DE,3.774560606977567e-05,501,1.051826147538125,0.02742643074256739,-4.378009442309291e-06,1.0000001274573782e-11,-3.4916246701582286e-12
89,89,DE,1.5164009848405551e-05,501,0.8785251060260948,0.028179071071513743,-3.540962019872081e-06,-4.6899695609572525e-09,-1.263749796127914e-14
90,90,DE,2.2624703958250076e-05,501,0.9434729549177254,0.0284006456340033,-6.255642084899724e-06,2.2805679176529163e-10,-2.5462776740383405e-12
91,91,DE,2.870865518906062e-05,501,1.0083115773283093,0.02638322976686502,3.63476613184466e-06,-1.4425875334943434e-08,4.200487841612153e-12
92,92,DE,5.82892451254839e-06,169,0.062038376537918084,0.03345124987511605,-1.333734848655746e-05,3.132397947799991e-10,4.360201538544208e-13
93,93,DE,4.052249327124285e-05,501,1.268502019967676,0.02601585631951386,-7.672182537472757e-07,-4.157819783267753e-09,-1.6185996325233621e-12
94,94,DE,5.4734022933805276e-06,298,0.40362680621473124,0.03162029066291096,-1.0919378498249785e-05,-1.0065257593520288e-10,1.0010746868084558e-14
95,95,DE,1.5260301680896555e-05,501,0.7388277640484007,0.029656693741913955,-8.43106577455465e-06,7.386642616984679e-10,-1.8518736261942965e-12
96,96,DE,1.4988710144604016e-05,501,0.6678349669493285,0.029516906684100813,-6.35988115049982e-06,-2.122524846155923e-09,-9.11134709026069e-13
97,97,DE,4.393039369325481e-06,204,0.37770051209289857,0.03176882573192628,-1.1096932624038372e-05,1.4535915942466723e-10,-1.9642615487824155e-13
98,98,DE,3.829349046277006e-06,194,0.2062683782427829,0.032835432691591275,-1.2842604636203845e-05,8.305167230651911e-10,-3.438652061876352e-14
99,99,DE,6.536190098241405e-06,139,0.013337090650106647,0.03396247377109517,-1.4405355898203683e-05,8.307295479828375e-10,5.818849115069398e-13
100,100,DE,1.800856812724692e-05,501,1.0194802216356684,0.0269224352105326,5.578335728526733e-08,-8.68097245484366e-09,1.367007685152664e-12
101,101,DE,9.547808229296292e-06,224,0.4731270105441999,0.030890501968414717,-9.59533014916522e-06,-1.1558912714911435e-11,-8.681629423053696e-13
102,102,DE,1.4983353108232683e-05,501,0.40469112232562626,0.031094607436137744,-9.092614101819027e-06,-6.205705546395909e-10,-1.0485582085951747e-12
103,103,DE,2.0573847526486754e-05,501,1.0574234972662733,0.02725544964723134,-2.3830161395996956e-06,-4.801779139356972e-09,-3.954223113251163e-13
104,104,DE,3.266306498969328e-05,501,1.3041703944066172,0.025652579558197677,6.867408102393745e-07,-6.8498514225674714e-09,-5.912343357090543e-14
105,105,DE,9.638133875010124e-06,151,0.40696318600425085,0.031215694972702764,-8.434013573402579e-06,-3.374270758501515e-09,9.70705213114983e-13
106,106,DE,9.225062608583283e-06,89,0.4330425355372338,0.03136375749474548,-1.0152377763008993e-05,-6.460468754123474e-10,5.0247911373498014e-14
107,107,DE,1.618313489109224e-05,501,0.6661689580386001,0.03038916615425118,-1.0936078836869436e-05,4.766412376107502e-09,-4.0969773088914765e-12
108,108,DE,0.0001029192654577909,501,1.4804160020052237,0.02403373859333104,2.7900628436652154e-06,-4.853175770715293e-09,-2.7055893641733424e-12
109,109,DE,8.297783816526891e-05,501,1.581320924387202,0.024406438500147416,1.7072688654761838e-08,-7.582373544145413e-10,-4.663747720768662e-12
110,110,DE,9.189111272668327e-06,418,0.29277092973156527,0.0320102960132338,-1.126213268521684e-05,-1.0805730315163284e-10,-3.9744477331747765e-14
111,111,DE,2.9425303345826574e-05,501,1.2321863287395667,0.02610766915405771,2.9671227640703534e-08,-7.473140487448276e-09,9.847350319123498e-13
112,112,DE,8.540643471821311e-06,487,0.7311618249071837,0.02932963164977558,-6.202382766068187e-06,-2.7639860916622164e-09,-2.282212927104424e-13
113,113,DE,5.367806893392304e-06,131,0.34691278843498213,0.03155279448087592,-9.732751871411301e-06,-1.9016145407490224e-09,7.32925412047191e-13
114,114,DE,2.3932645403793464e-06,242,0.33664715617850244,0.031974041661024126,-1.1149287452691324e-05,-2.4719071653951214e-10,2.036862624661591e-14
115,115,DE,9.969764549812527e-06,159,0.03318083987535092,0.03367196641639914,-1.3663195976191964e-05,8.900084532069156e-11,7.538132441984508e-13
116,116,DE,9.880527389736122e-06,182,0.43871158974454855,0.03125381923654523,-1.039866314350602e-05,6.311114666861583e-11,-4.018659961369344e-13
117,117,DE,8.708376387331423e-06,116,0.47320745166377864,0.03142778463737291,-1.0893677367986241e-05,-1.7125220671446763e-11,-2.135037206271569e-14
118,118,DE,1.4780964529208578e-05,501,1.0599892912075515,0.026904440913911247,-1.0867532418156734e-07,-9.670990207078143e-09,2.7684404662406437e-12
119,119,DE,7.620158086505763e-06,232,0.28966566247145836,0.03253995757992948,-1.2578717016772006e-05,6.831400192127013e-10,-4.880962605450129e-14
120,120,DE,8.882501866952034e-06,79,0.5253337758447364,0.030628221759973425,-8.907614140848309e-06,-1.0816089626457937e-09,-1.8009341182688828e-13
121,121,DE,9.813204054896875e-06,139,0.1921516702706337,0.03321925575180179,-1.4476155532788576e-05,2.3569159217680094e-09,-2.2419101765367568e-13
122,122,DE,1.110531745479416e-05,501,0.8502797647575024,0.027947171103820355,-3.3798711960114336e-07,-1.1546435763955146e-08,3.967012292314712e-12
123,123,DE,7.658869614922e-06,383,0.5524022595597775,0.030854516172071137,-1.0548384678126543e-05,2.2603097222747484e-09,-2.287395251317051e-12
124,124,DE,1.7034306739437744e-05,501,1.104304058482915,0.026661850289187078,3.5310747446758885e-08,-8.395596685592305e-09,1.3575740016649748e-12
125,125,DE,9.286815723001557e-05,501,1.4815532883542022,0.02467757275463439,1.55237412905216e-07,-5.218355690824397e-10,-5.328700102455997e-12
126,126,DE,7.5793450610916e-06,216,0.3446195084718698,0.03169425173757142,-1.0296234068889033e-05,-1.5061434549870986e-09,6.495633541347683e-13
127,127,DE,4.813592033000696e-05,501,1.0944972857671802,0.027179607839652422,-4.377620398144785e-06,5.2653308256619845e-11,-3.1850067739375735e-12
128,128,DE,3.2015775637990773e-06,145,0.2649086215493236,0.03219823853358773,-1.0862098415660164e-05,-1.7573042206178e-09,1.1730467777956254e-12
129,129,DE,1.5106334810013499e-05,501,0.8735402130155349,0.027824255827559142,-6.969724573200879e-07,-1.1871611788604938e-08,4.8831426898958774e-12
130,130,DE,4.009197171021914e-05,501,1.3001604654176435,0.02570162135836875,1.0004174831701647e-08,-4.879104808633986e-09,-1.443627771359005e-12
131,131,DE,9.383347801869268e-06,127,0.01200095575732629,0.03343897801136805,-1.16677949938379e-05,-3.6678888980142333e-09,2.891611051339753e-12
132,132,DE,9.223470712783042e-06,134,0.054355161684480804,0.033410575789238506,-1.2948911571379816e-05,-4.3758201441118613e-11,4.899518100594824e-13
133,133,DE,8.831043915935866e-06,459,0.6085946643024225,0.029162836963945202,-3.043077932643986e-07,-1.674859270192987e-08,8.34364092590066e-12
134,134,DE,4.6411342393469534e-05,501,0.7449379914868296,0.028835798931308956,-5.4534632025664275e-06,-6.513387962130457e-10,-2.9220554537340257e-12
135,135,DE,2.0043945453877485e-05,501,0.7433940840710467,0.029592907931005663,-8.621193456110256e-06,2.28970526960824e-09,-3.344010338922076e-12
136,136,DE,8.093680656982461e-06,92,0.33117356684682764,0.03230001105534266,-1.2056307151845766e-05,-8.654030572986303e-11,4.64154180710732e-13
137,137,DE,8.92486187198383e-06,67,0.34884494532243787,0.03199879978416515,-1.1515984985913182e-05,-5.587824600862775e-11,3.219944296345785e-13
138,138,DE,9.385766492854726e-06,299,0.5429236332594646,0.030390924056713765,-8.42290978736952e-06,-9.890405987419078e-10,-6.346252026294067e-13
139,139,DE,3.141599888666637e-05,501,1.021031628815463,0.028324902588308887,-6.763076209513698e-06,7.605193938101324e-10,-2.5271302864960008e-12
140,140,DE,2.4899699671388386e-05,501,1.1520308964064594,0.02631931917893604,1.129171906256028e-08,-7.0123195269012365e-09,2.942925504086654e-13
141,141,DE,9.831003285770232e-06,214,0.9415784588026447,0.02732363563887526,1.1198755138225557e-06,-1.3130305698167748e-08,4.552890758235472e-12
142,142,DE,7.929828470809287e-06,208,-0.06532351843530704,0.03465355304171156,-1.6441196525598957e-05,2.970248739624952e-09,-6.05919596778876e-14
143,143,DE,6.634514915827516e-06,170,0.3229625862620308,0.03181863634455224,-1.0230852323804537e-05,-1.3185826127055e-09,1.9539277082482648e-13
144,144,DE,9.708947039476323e-06,88,0.585318272829667,0.030317615898341234,-8.694425080853375e-06,-1.6026051322667316e-10,-1.1355223287597689e-12
145,145,DE,7.280054215485891e-06,201,0.09474929321127996,0.03360641109825127,-1.3933100598005282e-05,7.374849734440667e-10,4.706073750403711e-13
146,146,DE,9.763195247143185e-06,425,0.275779159448066,0.03280529298831143,-1.3521986236815095e-05,1.4286750397628063e-09,1.0416015197520922e-14
147,147,DE,1.8828425364599636e-05,501,1.1069551136793636,0.026556016294507587,8.521693459784088e-08,-7.993407639890778e-09,1.0075660457593557e-12
148,148,DE,1.2986091860493454e-05,501,1.0569664108872863,0.026927685907726675,6.211963292334459e-08,-9.868691550041987e-09,2.6240790799899312e-12
149,149,DE,8.766950210333623e-06,272,0.6434619259937435,0.0301009795519923,-8.059230619639722e-06,-1.8790606669900215e-09,1.611224588262891e-13
150,150,DE,3.10269565611074e-05,501,1.1969100615333366,0.02603404439871979,2.4760065870862017e-07,-6.573442546335228e-09,-1.723298954322696e-13
151,151,DE,7.346524463784898e-06,328,0.330818280129326,0.031886905773500764,-1.100959475661273e-05,-2.423724339746291e-10,7.577098575456171e-14
152,152,DE,9.450356800109582e-06,326,0.565909684587669,0.030271494804070855,-7.925227595186635e-06,-1.9851883312154795e-09,-1.3073569072626557e-13
153,153,DE,7.564251089115305e-06,61,0.8593492502422245,0.027896028886103034,-6.362688693379707e-07,-1.0678971693492668e-08,3.3757076852205053e-12
154,154,DE,2.3794329689361623e-05,501,1.1863997022359145,0.02627039481739475,-2.179819078281823e-08,-7.153346626949431e-09,5.025179379843795e-13
155,155,DE,9.648626661527611e-06,291,0.9469400041950876,0.02745883878477573,-4.344395879197924e-08,-1.0837295569938142e-08,3.3025843625028462e-12
156,156,DE,7.514672823215654e-06,123,0.32276041437214215,0.031879178773541746,-1.1099434846486637e-05,-1.530576861288849e-10,-3.8652244330104763e-14
157,157,DE,7.200337446520108e-06,168,0.5647636363646308,0.03051899134461545,-8.707707967328069e-06,-1.4065260249203724e-09,2.3154489729585582e-14
158,158,DE,8.898156648303543e-06,284,0.6614670307314422,0.029256211283876905,-4.181700748136179e-06,-6.495203805621125e-09,1.5896259251540931e-12
159,159,DE,8.841068246302637e-06,213,0.6014148366371826,0.03024502237309981,-7.4623910269449755e-06,-2.8798953210136567e-09,3.897858816502382e-13
160,160,DE,9.465557529609978e-06,269,0.6690312893426678,0.02987532724796229,-7.943734231347989e-06,-5.131987993480275e-10,-1.2185525142439269e-12
161,161,DE,1.672518030264032e-05,501,1.039175080146013,0.02697527828581387,4.017806194521741e-07,-1.0326575934849808e-08,2.816448883977405e-12
162,162,DE,4.863585069174607e-06,292,0.49940585106405166,0.02958066881973178,-1.071969647197128e-06,-1.5481300463020354e-08,7.456197835332771e-12
163,163,DE,1.1274970486302932e-05,501,0.6272916436174634,0.029948918304981267,-7.990373188058767e-06,-4.3966698782503583e-10,-1.3172643462918578e-12
164,164,DE,9.20258236117368e-06,251,0.58358057554132,0.030534946273387636,-9.0198108508719e-06,-1.0702650966359127e-09,-1.3540666850873812e-14
165,165,DE,5.068149885511159e-06,230,0.4769552114028067,0.031132680177379555,-1.027540072027825e-05,8.379074043410266e-10,-1.308762454875473e-12
166,166,DE,1.320237452417553e-05,501,0.8237340269449633,0.02847200261109477,-3.8766979156815225e-06,-4.748360586736791e-09,1.140854195152381e-13
167,167,DE,2.9155705192723566e-05,501,1.192328827632792,0.026119308314092145,5.3805188458979425e-08,-6.566769445493036e-09,-4.4726002928169963e-14
168,168,DE,1.1011517000714941e-05,501,-0.05375463558214822,0.03437225542209535,-1.469533529932184e-05,-3.5700349761513323e-10,1.8277173853261983e-12
169,169,DE,2.2922596681948705e-05,501,1.0626830747265763,0.026782543583125356,-7.242076945636647e-07,-6.7564895872232905e-09,4.2990362738852066e-13
170,170,DE,9.283607155319808e-06,127,0.6614961572970885,0.029936617356297695,-7.974132381984908e-06,-5.861886644532409e-10,-1.176017653311443e-12
171,171,DE,7.64247453865413e-06,161,0.43278696443447323,0.0315666267895084,-1.0639327202607473e-05,-1.4337012057438058e-10,-2.8333166491066034e-13
172,172,DE,7.126807647936741e-06,219,0.3025755724838733,0.03229493900364951,-1.1417620633761673e-05,-8.196516286680883e-10,6.076929185695528e-13
173,173,DE,3.742384375934053e-05,501,1.2384475706570979,0.025981741789922592,6.746762543943824e-08,-5.576112398414332e-09,-1.0422647224246171e-12
174,174,DE,1.466896716096099e-05,501,1.048518875316727,0.026864043756291388,-1.5393184476137989e-07,-8.540879554894437e-09,1.6073374827141867e-12
175,175,DE,8.417758989428469e-06,276,0.4342775422894195,0.03100617297599176,-8.879512291370064e-06,-1.3657663132496258e-09,-4.396970202595947e-13
176,176,DE,9.991683486203888e-06,214,0.6374185085173004,0.029643650809075973,-6.368373851762594e-06,-2.758351887803905e-09,-3.7358817998985116e-13
177,177,DE,9.670897914367275e-06,236,1.0014018232728115,0.02701189032257401,2.8003248502399593e-07,-1.0295029699263177e-08,2.8676656685030924e-12
178,178,DE,7.1558715615853904e-06,246,0.719943771510414,0.0294130913283889,-5.296216360217498e-06,-5.66214944089911e-09,1.732457710596935e-12
179,179,DE,3.485846621130827e-05,501,0.8575338053681446,0.027238599979178033,3.34444914505625e-07,-9.686626278433288e-09,2.0333037184986213e-12
180,180,DE,1.4799193360157508e-05,501,1.120329786023526,0.02646186720505686,1.0372846152257593e-06,-1.02437296633482e-08,2.4017775987169424e-12
181,181,DE,7.011951560867253e-06,194,0.735240767096548,0.028716087667407134,-1.065521443940571e-06,-1.3453236726457141e-08,6.035084371531055e-12
182,182,DE,2.2065038314333537e-05,501,1.1595751519777702,0.02659084536926877,8.803220325773021e-08,-9.582374712217567e-09,2.6983543040042886e-12
183,183,DE,8.774778058794963e-06,201,0.5495918131100472,0.030314507801752936,-8.059142910023613e-06,-1.4201893308309355e-09,-5.949284669711676e-13
184,184,DE,7.422741055961755e-06,350,0.4319140988766867,0.03161602239938221,-1.1091920743475737e-05,1.2272616703356334e-11,-4.3627915239342635e-14
185,185,DE,5.001567068002444e-06,147,0.34022650358767076,0.03207007430564944,-1.137864472146129e-05,-2.6962067265678825e-10,2.368997653604192e-13
186,186,DE,2.68355507589079e-05,501,1.1121364905832305,0.026481929002264405,-1.8471779021090822e-07,-6.613698555903394e-09,-1.0583277926463088e-13
187,187,DE,2.4921017085774135e-05,501,1.10695403802486,0.02647183337337179,5.3849506541927554e-08,-7.177062531077021e-09,2.644473674694017e-13
188,188,DE,6.905706835222457e-06,191,0.5990797781561928,0.03041319398542429,-8.949196076884862e-06,-3.0644657208214204e-11,-1.2276425487673024e-12
189,189,DE,6.862833643562968e-06,147,0.3660356429960511,0.03149222527716647,-1.028240934358289e-05,2.2700221880360004e-11,-7.100714750778119e-13
190,190,DE,6.484432483722961e-06,155,0.4744522126368703,0.031225643905660492,-1.0453874011537313e-05,1.5279847644222392e-10,-5.09842548990313e-13
191,191,DE,2.3133565960896336e-05,501,0.998283714177119,0.02808193483980863,-5.324879463522318e-06,-1.0990094262430795e-09,-1.8839156334716205e-12
192,192,DE,9.725430080238674e-06,200,0.5219966299832361,0.031189624382382534,-1.0483983259081382e-05,-4.8290138700965095e-11,-1.7132906702498062e-13
193,193,DE,4.035588946873758e-06,130,0.1975858896276779,0.03271297681990362,-1.2476010954845306e-05,9.117852387292e-10,-4.683133956423213e-13
194,194,DE,8.713724404408356e-06,273,0.7587381463144466,0.028169473652113912,-3.2191672628057294e-07,-1.184537722769591e-08,3.998791868210339e-12
195,195,DE,8.049612812586936e-06,200,0.2990072764768826,0.032138187875848344,-1.1278877097922066e-05,-3.1412432026842575e-10,1.8986344796580233e-13
196,196,DE,2.6420399101225237e-05,501,1.1197997094176597,0.02645429505290565,-4.228757301413549e-08,-6.837672007588873e-09,-1.0000505075148803e-14
197,197,DE,7.537444671747239e-06,73,0.3974367694673824,0.03147765755988571,-9.753464353355856e-06,-1.264891568351305e-09,-1.4113959791938554e-14
198,198,DE,6.91646238562194e-06,164,0.29898562517216465,0.03232377400890084,-1.222977713665046e-05,4.066896796296631e-10,1.693744532134323e-13
199,199,DE,9.605106749433278e-06,305,0.25870334321932376,0.03140763666472117,-6.801615354306443e-06,-7.516748137114847e-09,3.527069268670855e-12
200,200,DE,1.4847679565835416e-05,501,0.7664546176784265,0.029445460826591965,-7.1816709555386596e-06,-2.0511820839053787e-09,-3.6526578391420343e-14
201,201,DE,5.67623538678117e-06,124,0.28755334421679885,0.0326095557551786,-1.288881642172141e-05,1.2393928801824432e-09,-2.794651627608997e-13
202,202,DE,1.0045520770352109e-05,501,0.6590413478977731,0.03001773681529639,-8.619288954252452e-06,4.3958107737177396e-10,-1.6330022738353345e-12
203,203,DE,3.9605446353909384e-05,501,1.1208924522408346,0.026883289348530997,-2.272586964900289e-06,-4.738163414980208e-09,-1.1237988069223403e-14
204,204,DE,9.522326030082004e-06,198,0.9998305603684406,0.027083915399702056,1.0925782307258705e-08,-9.886439975861592e-09,2.6428318415169343e-12
205,205,DE,1.391393901113916e-05,501,0.7059313656084089,0.028171097029004204,1.7103859356493617e-07,-1.2477466575451225e-08,4.190866101501358e-12
206,206,DE,1.7283360810572975e-05,501,1.0537378676157223,0.026801807342016926,-2.3374403854758135e-07,-8.005436451504e-09,1.1798233924684806e-12
207,207,DE,3.2679240375433334e-05,501,1.1300880752740812,0.027234792692774748,-4.072484623377429e-06,-1.2343024204183067e-09,-2.3252218602770647e-12
208,208,DE,9.477379537433924e-06,104,0.04446346694974416,0.03340064955678938,-1.3222747255224991e-05,6.237854549207191e-10,1.0101421277827879e-13
209,209,DE,1.2157383544363255e-05,501,0.5582503641313149,0.029109577403795082,-8.744027390157887e-07,-1.3314577949588947e-08,5.322962457836134e-12
210,210,DE,9.770092793357972e-06,152,0.1805662079101176,0.03305269681789732,-1.3191364662322653e-05,8.236795709079331e-10,-4.005228416345094e-14
211,211,DE,7.578075349495507e-06,240,0.48262583901825284,0.031026650303707794,-9.75642941741325e-06,-7.649412371639999e-10,2.256853927703178e-14
212,212,DE,1.32164621427692e-05,501,0.6702606007367157,0.02932383804180092,-5.768670780203455e-06,-3.171802147138442e-09,-2.533070438652137e-13
213,213,DE,5.258320499342534e-06,209,0.24305460118341068,0.03241945994181114,-1.2038108697957066e-05,2.96156890702441e-10,8.53287205159577e-14
214,214,DE,9.885159579999572e-06,406,0.845088317091594,0.027854635609285847,-8.119969305407351e-07,-9.681923274116876e-09,2.5755843969349424e-12
215,215,DE,7.664971565590141e-06,377,0.39289828552051026,0.031058939224679054,-8.621504762548315e-06,-2.326537729158655e-09,3.473463494976521e-13
216,216,DE,2.286148626829778e-05,501,1.1268868266625265,0.026390987455854168,9.049428403289223e-07,-8.981242845850515e-09,1.2426986803030141e-12
217,217,DE,2.816831601947492e-06,211,0.29983797704525095,0.03206474834111385,-1.1290506222178764e-05,-1.0131879713525087e-11,-1.2789573105035831e-13
218,218,DE,6.410054643884999e-06,262,0.18580104048835738,0.03274789289124694,-1.2066161903657335e-05,-4.8764846171259824e-11,3.1608901668662207e-14
219,219,DE,8.620500083319419e-06,182,0.8113443766706996,0.028638514413500564,-4.164257225234234e-06,-5.101712744835026e-09,6.133946883702822e-13
220,220,DE,3.34331996075103e-05,501,1.1929447421528239,0.026125241909763612,-7.709655588707228e-08,-5.723247599009563e-09,-8.648765014226684e-13
221,221,DE,8.953641623496889e-06,400,0.9345949289587224,0.027362717279235116,1.061151273546554e-08,-1.0644401500187184e-08,3.111384333203995e-12
222,222,DE,9.870273013605928e-06,450,0.683540164103205,0.02986236668301512,-7.84962304084676e-06,-1.3696346002376703e-09,-4.743765685382038e-13
223,223,DE,2.4871504509505353e-05,501,1.1537198845013197,0.026306750779292412,6.998474042338556e-08,-7.0382838734937726e-09,2.383899556648875e-13
224,224,DE,9.305255416023099e-06,103,0.31074629182374086,0.032171552559061206,-1.1722696726114006e-05,1.3178137249562085e-10,-6.110137715354929e-14
225,225,DE,3.961439631397556e-06,60,0.35892449907321533,0.03183379970364416,-1.0917123123102224e-05,-5.7003059788660115e-11,-3.7003689286756553e-13
226,226,DE,1.5183339667480832e-05,501,1.0872901358379963,0.026749051349654305,1.1605730213821869e-07,-9.002847104848645e-09,1.8153232906165195e-12
227,227,DE,5.9448370370932564e-06,189,0.6176588218935068,0.028581484849024858,8.165556185269226e-07,-1.6162246238859475e-08,7.022567487222967e-12
228,228,DE,8.415091376987875e-06,168,0.07948476079786086,0.0336304914504542,-1.3912405768156234e-05,2.3727393355743734e-10,1.0752703479377377e-12
229,229,DE,2.099506425483047e-05,501,0.9774652412260421,0.027494859968385285,-2.22310329261315e-06,-5.305410053867629e-09,-2.854101553320829e-13
230,230,DE,2.814727195485448e-05,501,1.2310693656408456,0.0260733698215589,1.378034004363924e-07,-6.704789825995808e-09,-1.3485580038854044e-14
231,231,DE,8.474238050557648e-06,467,0.1491279042726525,0.0334731422229482,-1.428561424633349e-05,1.872306053027586e-09,-2.7450404052604494e-13
232,232,DE,2.5749173958486773e-05,501,1.1027384046810385,0.02653930884984951,-2.1730342749549663e-07,-6.727099314667851e-09,1.0477151533384907e-14
233,233,DE,8.536716059853076e-06,75,0.7156954604019296,0.028226493929951423,-1.7409203938263425e-07,-1.3117692352001101e-08,5.341736972927994e-12
234,234,DE,3.4927532883732196e-05,501,1.335007078853257,0.025414277934585897,1.627718313936314e-06,-7.918004108750348e-09,2.408050839412456e-13
235,235,DE,8.94400464853312e-06,394,0.544002058431822,0.03050997017291377,-8.322552576856121e-06,-1.1870150507171091e-09,-7.6686639023048e-13
236,236,DE,9.49455126299267e-06,120,0.3717926151047868,0.03171629843244766,-1.0219501327661943e-05,-1.065326920086332e-09,1.0420123375945736e-14
237,237,DE,1.9707607898617562e-05,501,0.9436244497295648,0.027093685485393607,6.666692356579225e-08,-9.050921159713628e-09,1.6952683188930432e-12
238,238,DE,2.4021567700729476e-05,501,1.1424428571853327,0.02667543717776577,-1.2248553708399352e-06,-5.596600280196838e-09,-2.3987281180213025e-13
239,239,DE,5.795926744687595e-06,289,0.3586873908870003,0.031561738691013315,-1.0123682207318993e-05,-9.396529513540114e-10,1.2206670887774038e-13
240,240,DE,4.715099732295586e-06,190,0.3171915836409032,0.0320110801558587,-1.0960892585881704e-05,-3.460104230541342e-10,-1.5572984226620062e-13
241,241,DE,6.856301330906365e-06,333,0.13992045587168783,0.03302664802844171,-1.2409330215994872e-05,-3.647031886732641e-10,4.621701631312004e-13
242,242,DE,5.300123956743187e-06,450,0.8651287324328877,0.02759028372590471,4.167415499133848e-07,-1.2538924365596286e-08,4.655079131506983e-12
243,243,DE,4.667843110883234e-05,501,1.0522714028956746,0.02809811665145471,-6.462687885153274e-06,1.3218626780234299e-11,-1.7211159468346517e-12
244,244,DE,1.7336764656660186e-05,501,0.8659338235224243,0.028617835058028177,-5.739850796554325e-06,-1.966783667371363e-09,-9.14049578554722e-13
245,245,DE,7.60301136655574e-05,501,1.5152761360097327,0.024791022164437855,-3.860063442728857e-07,-8.100227725677184e-10,-4.59290116089094e-12
246,246,DE,2.776423003082995e-05,501,1.0630450760691652,0.027682471149891617,-4.491483152883874e-06,-1.923147528039233e-09,-1.6068274902065034e-12
247,247,DE,2.559789286462238e-05,501,1.1632532097169817,0.026295699743351195,-3.872239798780946e-08,-6.991392478250374e-09,2.9362848852046806e-13
248,248,DE,2.463023822193854e-05,501,1.0919985551944493,0.026794362723938325,-7.812627091878247e-07,-6.369423741957069e-09,-4.0859618487843626e-14
249,249,DE,9.17570439523695e-06,300,0.07910849282190877,0.033113057366506174,-1.2417533123873203e-05,-4.5502057095880506e-10,6.566580609880578e-13
250,250,DE,2.7717210226074046e-05,501,1.214347942618903,0.026161809812777496,4.0288327857584647e-08,-6.710003559331136e-09,-1.2326873328586077e-14
251,251,DE,7.957451225214928e-06,331,0.012316628076103227,0.03369734208197163,-1.3498618412310267e-05,-3.633279339559607e-10,1.1226346089324866e-12
252,252,DE,9.746922139915453e-06,179,0.644300053632889,0.03014387449779644,-8.650620034003361e-06,-2.0754712803998234e-10,-9.8867268688786e-13
253,253,DE,1.645603276949404e-05,501,0.9747214354497926,0.027025035222657194,6.742465906108097e-08,-9.018291034565163e-09,1.708751904004761e-12
254,254,DE,2.7922067606966342e-05,501,1.160167434144005,0.026367277150051837,2.3464129949554942e-08,-6.892560272344839e-09,-1.0003359535484867e-14
255,255,DE,1.2809182719488017e-05,501,0.8434469814943204,0.028355140473560685,-3.823925932824923e-06,-4.6044951465222276e-09,1.0142490367182405e-14
256,256,DE,2.5784088689383717e-05,501,1.1300823693711333,0.02642109586636027,-1.2319066946522697e-07,-6.718296579788308e-09,1.0002097475020048e-14
257,257,DE,4.227234356775129e-06,91,0.19628840987191565,0.032705817870366624,-1.201168637079195e-05,-3.7914797292384336e-10,3.6653376132424693e-13
258,258,DE,8.783699892584193e-06,73,0.3668502267290131,0.031879902139897755,-1.0768590605925778e-05,-6.519922452349439e-10,1.3505734034133131e-14
259,259,DE,9.49908748605551e-06,137,0.6751173112547926,0.030138448603193948,-8.757734635276332e-06,-6.38131948981516e-11,-1.1360350381999124e-12
260,260,DE,1.0742537146794171e-05,501,0.661749362301554,0.03031590788534039,-9.136850648276477e-06,6.576493130373735e-11,-1.0321605588389037e-12
261,261,DE,9.350631387947595e-06,122,-0.014794985855949884,0.03434264326407268,-1.5775984825163013e-05,2.5941090438095014e-09,-7.611818688113528e-14
262,262,DE,1.2531368537353252e-05,501,0.6019435168358865,0.030028013699872996,-8.011675097469999e-06,-3.5278401589681314e-10,-1.4890740892033587e-12
263,263,DE,2.4862446810191202e-05,501,0.901087976617188,0.027609830156024574,-1.9638944542336265e-06,-5.763833424848188e-09,-1.0132669112396623e-13
264,264,DE,1.5137500134713604e-05,501,0.8452458291464897,0.02887784119699644,-6.458916048445373e-06,-8.889051812812597e-10,-1.5514918073553697e-12
265,265,DE,8.398340681779037e-06,243,0.6919459529956319,0.0297211892714218,-7.54237256216375e-06,-1.081962933903586e-09,-9.49327715455327e-13
266,266,DE,2.4043225768426547e-05,501,0.8139615044310271,0.028999168759124876,-6.640139274352914e-06,1.7311847937604393e-10,-2.6744175106928495e-12
267,267,DE,9.495218199170629e-06,100,0.10198069741908951,0.03331727067002514,-1.3601998633663267e-05,9.955951012758982e-10,6.816145483912741e-14
268,268,DE,9.213617827313137e-06,194,-0.040777570939809805,0.03432769501491417,-1.5182031166444828e-05,1.614350678373324e-09,1.9586888812665668e-13
269,269,DE,6.7655586883619636e-06,265,0.4889827760512572,0.03125597837439709,-1.031629533572902e-05,-2.739367410491216e-10,-1.7000184755215256e-13
270,270,DE,5.0859135348435065e-05,501,1.1759589485331763,0.02763595331379998,-5.774354341334444e-06,7.404962699364733e-11,-2.248727564650245e-12
271,271,DE,1.2002517707175172e-05,501,0.7811310330546649,0.029034916793791124,-5.9995311447638046e-06,-2.6520616291201533e-09,-2.856117387766216e-13
272,272,DE,2.196103663796761e-05,501,1.094943288913408,0.026547373260814824,6.189095335917147e-08,-7.592072353924398e-09,6.037654611925358e-13
273,273,DE,4.489607880579843e-05,501,1.1377076929187475,0.02702990835884461,-3.87180097920718e-06,2.4616341421449344e-10,-3.9267050524316266e-12
274,274,DE,4.8209066501982285e-05,501,1.2298168830410838,0.02597714054395867,7.603615529519393e-08,-5.068620469620079e-09,-1.7064211261609146e-12
275,275,DE,4.455592037827836e-06,345,0.6048273239411661,0.029481712909663924,-3.953604254597516e-06,-8.380898115770407e-09,3.2427136775239467e-12
276,276,DE,7.37586165873416e-06,191,0.25971008258024963,0.03256148976246585,-1.2202842163430807e-05,9.540829102596606e-11,1.3178383439240776e-13
277,277,DE,6.266501456633958e-06,195,0.08328391601375858,0.033238394878256645,-1.2829202207035301e-05,-1.3668912952342945e-10,6.315515597284095e-13
278,278,DE,4.674054605058057e-05,501,1.3137326450954876,0.025685574013573385,1.0027203966773844e-08,-5.172915404579347e-09,-9.765269276497377e-13
279,279,DE,9.17145068507245e-06,481,0.7566933307015219,0.02894403712322216,-4.084914316849757e-06,-6.172255225359176e-09,1.3773195594539532e-12
280,280,DE,9.711526084566942e-06,121,0.7483254404830378,0.02817537460161596,1.7531781578712784e-07,-1.3465323757434668e-08,5.122018299502967e-12
281,281,DE,9.836267014561885e-06,188,0.0318000465611521,0.03361141830766146,-1.4008854749006292e-05,1.1890284524642195e-09,1.4073268942230217e-13
282,282,DE,7.956321825350906e-06,235,0.10385257992718837,0.033308709567150194,-1.3040900649275173e-05,-2.0801223204667967e-10,9.088872902030992e-13
283,283,DE,7.547619386789162e-06,225,0.4664157646768736,0.030933904724447663,-9.241125369160232e-06,-1.2962322528980356e-09,1.2169236027012796e-14
284,284,DE,1.1135835193937623e-05,501,0.8334991712429104,0.02872188797470155,-4.932088450556497e-06,-4.463346564087078e-09,7.641004250147683e-13
285,285,DE,5.1343805704787345e-06,250,0.4249448580453322,0.031295191394802295,-1.0332585165276872e-05,5.431248541444989e-10,-1.0894124357547708e-12
286,286,DE,2.291779728413772e-05,501,0.708792269266919,0.028884742497696087,-4.461279247083854e-06,-3.892043980440056e-09,-5.32428450747116e-13
287,287,DE,7.847435608557817e-06,114,0.29483338974944456,0.03206662890988074,-1.0947400835459177e-05,-5.759415325299564e-10,-6.413875478127809e-14
288,288,DE,3.067974346043488e-06,274,0.44960055590045034,0.03088167845204163,-8.280486165252746e-06,-2.8385711397140285e-09,6.683184585550158e-13
289,289,DE,2.1578896331030857e-05,501,0.8668280193405312,0.02865328889408005,-6.233826791329362e-06,5.135702499972687e-11,-2.639467542597695e-12
290,290,DE,7.163008887250961e-06,189,0.12024873013638421,0.03292418586775511,-1.2275951290983148e-05,-2.1196210687839612e-10,3.7591605105847985e-13
291,291,DE,9.825537776372653e-06,425,0.22928994190989585,0.031940930865045125,-8.999525140556015e-06,-4.374181281924939e-09,2.221693924616063e-12
292,292,DE,9.783131286151024e-06,113,-0.0512472676926906,0.034057484714130275,-1.4268646067985993e-05,6.228140319518558e-10,6.334045476182682e-13
293,293,DE,7.468178943027668e-05,501,1.5062481676583224,0.02473098321813493,3.6298644693015536e-08,-1.403978780021531e-09,-4.308124507056434e-12
294,294,DE,9.564857866315262e-06,269,0.11887801196270584,0.032890455870611936,-1.1519599853053898e-05,-1.6998608926374284e-09,1.0420908920805383e-12
295,295,DE,2.6102905839978292e-05,501,1.207287133434887,0.026375174541129143,-6.228158193727139e-07,-6.541779051473692e-09,3.6795025024179266e-13
296,296,DE,2.8096955194049484e-05,501,1.227389748402642,0.026199762500060435,-3.821397528826257e-07,-6.1843204542804e-09,-9.89595460960854e-14
297,297,DE,1.303401273793988e-05,501,0.7161869157557414,0.029008352301078566,-3.858714604307091e-06,-6.570005880746343e-09,1.3931195403358399e-12
298,298,DE,7.931526830298652e-06,109,0.6481871985438918,0.029539678206030512,-5.9872621174793825e-06,-3.700171260486419e-09,3.2502867765831234e-13
299,299,DE,5.943927461327807e-05,501,1.4208555659584214,0.02513083360798577,1.6965931143535923e-08,-2.795196143111045e-09,-3.198147816674584e-12
0,0,GA,1.511291122458649e-05,501,0.7934159966791248,0.029076883147912756,-6.757344420616524e-06,-4.1851684355485144e-10,-1.932766728529061e-12
1,1,GA,1.2831621732386897e-05,501,0.9178898245404801,0.027866149477192712,-2.7245905647457534e-06,-5.759045509804688e-09,4.863431556206884e-13
2,2,GA,1.547389567854339e-05,501,0.06100080331306618,0.0324406820796727,-7.282109480542089e-06,-1.0333966958296174e-08,6.1629171107870775e-12
3,3,GA,0.00011201225577998302,501,1.812700860183033,0.023208817251267822,1.532594557758896e-06,-5.223733095222199e-10,-5.507315035219534e-12
4,4,GA,9.97927879323624e-06,84,-0.09285572607125822,0.03473897544238969,-1.5976075106692662e-05,1.4852773530020678e-09,8.832842898492731e-13
5,5,GA,1.8938159939241603e-05,501,0.9345192819331755,0.028371530944475486,-5.636289985462629e-06,-1.3173659866908781e-09,-1.5468854285425214e-12
6,6,GA,6.347875246633354e-05,501,1.7022722687745362,0.023117144652856025,5.283612341062706e-06,-9.307709563871297e-09,-1.0001988289411068e-13
7,7,GA,1.2056553794972695e-05,501,0.7339188367911392,0.02952446424568306,-7.63457809343879e-06,1.0000087479719342e-11,-1.845798790054585e-12
8,8,GA,9.913642067058356e-06,145,0.3082601976263543,0.031434749681079135,-8.54548094848083e-06,-3.2952715571137194e-09,9.407129738984697e-13
9,9,GA,4.095336263772122e-05,501,1.2478855846289538,0.026493413776572328,-2.8058586993282074e-06,-1.6459900969548333e-09,-2.5638226138172352e-12
10,10,GA,3.758871246670524e-05,501,1.1424732174355634,0.02741171667337199,-5.036514387776919e-06,-4.4682928912759004e-11,-2.6743128302640855e-12
11,11,GA,3.4441675056987697e-05,501,1.1794693858441938,0.02695708342940963,-3.411965716058644e-06,-2.1190478812831094e-09,-1.8220466625666183e-12
12,12,GA,5.442115680560563e-05,501,1.5213042926713527,0.024468305466989394,1.985665871819864e-06,-6.133233264112215e-09,-1.137106388590112e-12
13,13,GA,9.916881573000375e-06,396,0.2641136578578559,0.03112075152001631,-4.9403128063554625e-06,-1.1001568044516087e-08,5.5163402534154324e-12
14,14,GA,0.0004111001583388228,501,3.1669985939121466,0.015864421847951404,1.0863732950409874e-05,1.0088578189989188e-11,-9.49648123329814e-12
15,15,GA,7.860412123116411e-05,501,1.7410378026273863,0.023370218882327057,3.728313309479412e-06,-7.547734265738945e-09,-5.636363711109587e-13
16,16,GA,9.819732454937889e-06,108,0.10969446035023256,0.032991292961884536,-1.2255744793245224e-05,1.1285380386284317e-11,-1.86845300936545e-14
17,17,GA,9.97110958783826e-06,154,0.6572704436637868,0.030260670007926368,-9.074859609332637e-06,-1.0000001976232841e-11,-8.996536310787979e-13
18,18,GA,0.00018554936264874523,501,2.23993527251502,0.0208567333637694,4.441139143734913e-06,1.0000084233837272e-11,-7.057587234373347e-12
19,19,GA,5.759623583744082e-05,501,1.5497137878885912,0.024365237047299378,2.033691808319237e-06,-5.821540344103134e-09,-1.443470599890765e-12
20,20,GA,5.918083254442979e-05,501,1.3956069958697355,0.025369333688230588,-7.879554195154531e-07,-1.8116614679127105e-09,-3.5526831873456096e-12
21,21,GA,0.00011438178170372123,501,2.191824404476114,0.019470777969350997,1.3137184023454098e-05,-1.4508677100080735e-08,2.127864868081078e-13
22,22,GA,0.0011961400243041148,501,5.277287530763798,0.0016728356335585864,3.55226624485307e-05,-6.180858499875153e-09,-1.6827989899251148e-11
23,23,GA,1.0008578254244917e-05,501,0.12129901228163883,0.03236474461278675,-8.30092599199201e-06,-7.59936712430695e-09,4.404058093307343e-12
24,24,GA,1.0825385911060107e-05,501,0.7720358011119157,0.02918706017247542,-6.519357797338064e-06,-1.6683536319510485e-09,-9.501959620620788e-13
25,25,GA,9.029496283405477e-06,125,0.6656200785729764,0.029285485480934972,-4.99177175299112e-06,-4.934993790143585e-09,7.459852594668413e-13
26,26,GA,9.998321382286425e-06,142,0.24451677773444902,0.03169118966925449,-8.126427042976866e-06,-5.186104875623522e-09,2.248941670211379e-12
27,27,GA,9.83886296432332e-06,384,0.6668832494448164,0.03021854324016645,-9.210480599314372e-06,7.157928773429907e-10,-1.5506603040203152e-12
28,28,GA,7.184290397668574e-06,32,0.45145498421750857,0.03043061760265591,-6.0087100566503415e-06,-6.230568059494073e-09,2.1550042078480413e-12
29,29,GA,8.931651914173607e-06,406,0.12538295074818548,0.0328556809422742,-1.1843871561479026e-05,-6.118068123086982e-10,4.021995549928859e-13
30,30,GA,6.794833660074718e-06,23,0.10738801518793978,0.03310430095634738,-1.264250899874474e-05,-2.2149801507861648e-11,3.258938387748174e-13
31,31,GA,2.7399863652316733e-05,501,1.212497182679981,0.02625751013297853,-4.989474191573155e-07,-6.103673496730745e-09,-1.0253694081966675e-13
32,32,GA,5.986405804476735e-05,501,1.7646359439517103,0.021994682772860194,9.523225611575607e-06,-1.4486895696514419e-08,1.833613575640661e-12
33,33,GA,0.00018736686082958771,501,2.2687561380689307,0.019697267866806506,8.706995745445814e-06,-4.612824839336624e-09,-5.6998790407481375e-12
34,34,GA,3.805746729470148e-05,501,1.1569962999491763,0.027107296647652792,-4.2869101422015686e-06,1.577871593960543e-11,-3.294420486677777e-12
35,35,GA,8.494007612234695e-05,501,1.56121783807565,0.024545710771738415,-4.0173580784489274e-07,1.0001069467693175e-11,-5.172062207560297e-12
36,36,GA,9.82737544777696e-06,233,0.7051098432892724,0.028437614234031173,-1.4435448898531965e-06,-1.0352023710242647e-08,3.517952135546105e-12
37,37,GA,0.00019263036369598897,501,2.3042312571235786,0.02021139817505775,6.12964773196454e-06,-1.3822403619347208e-09,-6.807308901538183e-12
38,38,GA,6.824886263171298e-06,31,0.47916048144131,0.031226615662359482,-1.0073613518197432e-05,-9.338368658428281e-10,1.9953612606332105e-13
39,39,GA,8.168545970447741e-05,501,1.6291583708287776,0.02422119954049021,5.029111669436739e-07,-1.6610147388590775e-09,-4.085157952628177e-12
40,40,GA,1.5172983258923202e-05,501,-0.040193738988543545,0.03501431298281267,-1.822095533667032e-05,5.289291791999012e-09,-1.1029279934793242e-12
41,41,GA,7.357797643113269e-05,501,1.505428965214633,0.024910189549768896,-7.390529712655636e-07,-5.721171233072408e-10,-4.514496517082607e-12
42,42,GA,1.788556704150166e-05,501,0.8530400896784728,0.028839490924476505,-6.72143883255018e-06,9.45002503430878e-11,-2.299276142437186e-12
43,43,GA,7.413077478306429e-06,29,0.5044234692741086,0.031172983421954556,-1.0449826262594787e-05,-1.6893640765336012e-11,-2.5864477216965904e-13
44,44,GA,9.193659294669445e-06,190,0.911725954593084,0.02738990395175614,2.7654623024066367e-07,-1.0854663424019224e-08,3.11550306280551e-12
45,45,GA,1.4683708752841593e-05,501,0.80216326439122,0.029020147253638932,-6.6029612852353364e-06,-6.959989180628845e-10,-1.7390720062383067e-12
46,46,GA,9.33746118042562e-05,501,1.7045531406640488,0.023728964027260147,1.2620169353900897e-06,-1.504826154756287e-09,-4.647661909786838e-12
47,47,GA,9.633421528404564e-06,39,0.30293371558765836,0.03157038579443196,-9.196730966932965e-06,-2.293008645329102e-09,4.204184987821743e-13
48,48,GA,0.00014895710245689704,501,2.037407708379191,0.02206678178872422,2.6910802157204315e-06,1.0000000000206964e-11,-6.26046173405936e-12
49,49,GA,5.6331253694913384e-05,501,1.4216057672535758,0.025223873152630288,-3.102654218479842e-07,-2.737878430734618e-09,-2.9631340090560557e-12
50,50,GA,9.386326601186563e-05,501,1.6561796292453639,0.024130147824594852,-1.0336077015762546e-08,1.1790034483284703e-10,-5.345081166402738e-12
51,51,GA,2.7984633188876794e-05,501,1.2197230328270607,0.026155881797133466,-2.261429607116071e-07,-6.256200806658311e-09,-1.4238634468021748e-13
52,52,GA,5.96493052858346e-06,24,0.4040348026953294,0.031754982425102087,-1.1241265284520842e-05,-5.411685672890404e-11,8.932526205003875e-14
53,53,GA,0.00011772730483243695,501,1.964885012084601,0.02224099116887099,4.0616037261600185e-06,-4.036424149464439e-09,-3.6104493354547643e-12
54,54,GA,6.751126864823731e-05,501,1.5662069236138145,0.0243886228878018,1.1171431331635137e-06,-3.607216758271715e-09,-2.8199514246514015e-12
55,55,GA,0.0001403232084186929,501,1.9853430227832014,0.022333419457741796,2.374314022660577e-06,2.2179745684050807e-11,-6.19200074886642e-12
56,56,GA,1.265143317237174e-05,501,0.7091913419114315,0.028905201602110048,-3.94816430340931e-06,-5.63159790539144e-09,7.243695302141944e-13
57,57,GA,2.700988220183213e-05,501,1.1160910834950997,0.0270693679422158,-2.8639594693458718e-06,-3.201342023562966e-09,-1.3703687758454477e-12
58,58,GA,2.1705253931604737e-05,501,0.975442917566398,0.028073769145291222,-5.14789842823246e-06,-1.252766823351823e-09,-1.8807804958876307e-12
59,59,GA,0.00017886512905694235,501,-1.9454053560923557,0.04759753920253233,-4.229469333090795e-05,1.8692530376283934e-08,-5.673521520868589e-13
60,60,GA,9.1000374778792e-05,501,1.6168668271454603,0.024254874604307457,-1.2875221872593163e-08,1.0000000008173268e-11,-5.340408549911121e-12
61,61,GA,1.2883155405075642e-05,501,0.9594973276014404,0.027487461771980623,-1.584618141918839e-06,-7.142177323024249e-09,1.0617033635141743e-12
62,62,GA,9.813782936095939e-06,219,0.0840721604128875,0.032971544553054837,-1.1349095063615624e-05,-2.1421449510474395e-09,1.3513372567851334e-12
63,63,GA,2.312114012446227e-05,501,-0.4252784485155751,0.03681432092420723,-1.9750862644319217e-05,3.5332498163172604e-09,9.255751514401427e-13
64,64,GA,9.296183932578198e-05,501,1.6886467838737758,0.02382513450405149,9.609498648369404e-07,-1.1653914808549694e-09,-4.741251840731483e-12
65,65,GA,7.057463677885773e-05,501,1.6181042695265668,0.024139924796867825,1.590941773932491e-06,-4.186571217632457e-09,-2.4969855457010366e-12
66,66,GA,5.993919777155439e-05,501,1.4528507987936625,0.025038614904587433,-7.915984969049477e-08,-2.680221520171917e-09,-3.0879859080618966e-12
67,67,GA,9.412598565177521e-06,409,0.4344680139637908,0.029719525418807867,-1.6872731383718094e-06,-1.400056481793478e-08,6.4988738588047814e-12
68,68,GA,9.952228581237284e-06,377,0.9028646550707535,0.028076120846608165,-2.738160418694596e-06,-6.793912237355146e-09,1.3817138754930911e-12
69,69,GA,9.986888691380497e-06,221,-0.0100000000000002,0.03368286170642443,-1.3295105146445792e-05,-2.313200647386122e-10,8.116506606639915e-13
70,70,GA,0.0001004101117456223,501,1.7596562862269685,0.023471609082918843,1.428938811409263e-06,-1.3656006746159098e-09,-4.712338916707112e-12
71,71,GA,8.274922228290182e-06,189,0.5858269448455289,0.029157135742172664,-2.3739980655411093e-06,-1.0394630914496234e-08,3.968110365488395e-12
72,72,GA,9.30704639002401e-06,14,0.19900921024181975,0.032937978390934056,-1.2675700330378806e-05,-3.6012617389258206e-11,6.284518322773568e-13
73,73,GA,7.9948534254327e-05,501,1.5973732469969157,0.02444308920381055,-1.015651564305248e-08,-1.1188502621058358e-09,-4.314488737638815e-12
74,74,GA,9.408351633160185e-06,18,0.6271239133316211,0.029095491589843574,-3.207437238746063e-06,-8.457728020079452e-09,2.7745818104487564e-12
75,75,GA,9.174137920638195e-06,185,0.2640989834407852,0.031934274190736356,-1.0238324382269019e-05,-1.1530324126471317e-09,-1.0000019435782595e-14
76,76,GA,9.837935114381876e-06,403,0.537850443843118,0.030462653461729616,-8.711756515598462e-06,-1.1321365332850629e-10,-1.4033030595284294e-12
77,77,GA,4.989639988579008e-05,501,1.3255250965329815,0.02608062986306397,-2.4527094942537225e-06,-1.0169828125104136e-09,-3.252920375704095e-12
78,78,GA,9.984940429781635e-06,404,0.39069239364429803,0.030204744585360942,-3.1204322506045597e-06,-1.1910520496079934e-08,5.345142333349107e-12
79,79,GA,7.507336334652385e-05,501,1.04399041408313,0.026126430733727675,2.3587028865143888e-06,-9.12369713313191e-09,-1.0000086888692187e-14
80,80,GA,0.00013253819886794948,501,-1.2526906620771734,0.04080852021678052,-2.2533619412176653e-05,-1.909708875481055e-09,6.095420733071805e-12
81,81,GA,0.00011726629709970858,501,1.8349327594869838,0.02315219202102003,1.3077912642917576e-06,1.000000000015142e-11,-5.758139106339406e-12
82,82,GA,1.8976641780812223e-05,501,1.0397310060361065,0.027454110718638493,-2.9053040945026397e-06,-4.64663412072298e-09,-1.2819927445722718e-13
83,83,GA,0.0002670440042299381,501,2.6304800732246014,0.01868302332156381,7.351553926260069e-06,2.0650757308475332e-10,-8.498769200233853e-12
84,84,GA,0.00020296173013275058,501,2.3322362050925873,0.02053016715133164,4.6761355147440954e-06,2.0602671877637744e-10,-7.305133125432048e-12
85,85,GA,3.6155521180497375e-05,501,0.040092684335133875,0.03251122589076478,-8.574807664982789e-06,-5.731679873123106e-09,2.560994590081661e-12
86,86,GA,2.4076539701319684e-05,501,1.156471224404729,0.026432036780397957,-4.250368061906302e-07,-6.514234539580122e-09,1.0291184575990598e-13
87,87,GA,3.627973546954011e-05,501,1.2423209382234217,0.025928362358148004,-1.0481065644019894e-07,-5.215021266998075e-09,-1.1750330034951766e-12
88,88,GA,6.534430126367215e-05,501,1.5408937286931887,0.024558167096303096,7.684652986189928e-07,-3.4317545610100594e-09,-2.7728972918028357e-12
89,89,GA,5.481496604768195e-06,310,0.5242068993893362,0.029369601233984438,-1.616204865538905e-06,-1.3516286586759438e-08,6.236927589181246e-12
90,90,GA,9.015780998618758e-05,501,1.6671098408943197,0.024077937340189638,2.9914886182672853e-07,-7.766841758462252e-10,-4.6735721089067075e-12
91,91,GA,4.4375785437834355e-05,501,1.2973869175318076,0.02602117076722654,-1.6336000608925975e-06,-2.4269623286276506e-09,-2.5850437825165113e-12
92,92,GA,0.00010915872879758206,501,1.7772000791437805,0.023480385159114037,8.221192367494615e-07,1.0000000735536855e-11,-5.5219689470928155e-12
93,93,GA,7.980002581376824e-05,501,1.6316316153176422,0.024192707219673208,7.012846478656757e-07,-2.3415843750429078e-09,-3.5276810007571776e-12
94,94,GA,4.916576500955058e-05,501,1.4161561470585013,0.025152530926325162,4.710964904655292e-07,-4.538489839634918e-09,-1.8181119374626114e-12
95,95,GA,2.8238653056975464e-05,501,1.012182158565579,0.02787253315826016,-5.250767363352121e-06,1e-11,-2.9332966090091432e-12
96,96,GA,9.828651909226176e-06,66,0.37590409596229046,0.03134716528377216,-1.0003125884754002e-05,1.5086755417060123e-10,-1.0411927712589207e-12
97,97,GA,6.359451522093215e-05,501,1.4231994935692704,0.025476718930977225,-1.7663174887204503e-06,-2.9445614981413737e-10,-4.2244586352811744e-12
98,98,GA,8.799797268332152e-06,19,0.4063196194978409,0.03145848593265831,-1.0668288298533455e-05,1.7668162724963924e-11,-2.1301224507993974e-13
99,99,GA,3.7574252712765254e-05,501,1.3320641959203983,0.02551028040533509,5.954514760263617e-07,-5.994269939139692e-09,-7.277071954990924e-13
100,100,GA,7.986061487523051e-05,501,1.5823665373544544,0.02450137946119704,-1.6096069758809576e-07,-8.76931551843598e-10,-4.450928043723451e-12
101,101,GA,2.0102398205841448e-05,501,0.9171562702768802,0.028534697473969663,-6.294893152567899e-06,-1.7656730667146546e-10,-2.2021160645337848e-12
102,102,GA,8.809416038482359e-05,501,1.7595152697785403,0.023289435680324867,2.8212763387455325e-06,-4.2474359417925385e-09,-2.983602112129876e-12
103,103,GA,1.104914564820827e-05,501,0.9469945110134699,0.027335237086247622,-4.812228807628523e-07,-9.04478445053075e-09,2.0283688732756123e-12
104,104,GA,0.0008819193574165224,501,4.653019882896716,0.0066025223442963046,2.5952284828139527e-05,-3.609125199050684e-09,-1.3616117360772863e-11
105,105,GA,0.00021560353174376973,501,2.4076836223468843,0.019937145392294995,5.790522406788024e-06,-3.656006295184113e-10,-7.308013164421549e-12
106,106,GA,1.2744413453364607e-05,501,0.9097915302658742,0.027941308679194064,-2.9484659611467124e-06,-5.5019679618691575e-09,3.8561866873638006e-13
107,107,GA,6.898607515674626e-06,15,0.03719686100701612,0.03405839121855234,-1.5330553491028245e-05,2.2030372879843325e-09,-1.0406189198633798e-14
108,108,GA,1.391855666287436e-05,501,0.8294066836014599,0.02869808859901466,-5.385173343093302e-06,-2.315242702532882e-09,-1.0604980286534135e-12
109,109,GA,0.00020342607188334768,501,2.3563757057518706,0.02034352076035507,5.214212803224298e-06,-6.788285315239601e-10,-6.713817212071533e-12
110,110,GA,2.493388906317541e-05,501,1.1560070683141075,0.026632302081132438,-1.3000729534326054e-06,-5.533529383699059e-09,-1.670151765066169e-13
111,111,GA,0.00014733058350392374,501,2.2612497719620026,0.020173908244332708,8.687244266722036e-06,-8.322161443663172e-09,-2.1705272476742663e-12
112,112,GA,4.2391451972707085e-05,501,1.3721339581670318,0.025353198603657815,5.295759300504448e-07,-5.384218779749751e-09,-1.1653602084067904e-12
113,113,GA,0.0002009816984454808,501,2.3563032122492946,0.020182746776758846,5.747200199859708e-06,-1.1915874826386902e-09,-6.5962003921465986e-12
114,114,GA,1.0815927394028802e-05,501,0.4362503423060699,0.029544715994745226,1.1776190809465415e-08,-1.7218794713938757e-08,8.175447282160223e-12
115,115,GA,0.00010353832224539608,501,1.770406197085786,0.02348786592037559,1.1644119919574852e-06,-8.511564378035018e-10,-5.004047461468219e-12
116,116,GA,9.910172818811689e-06,44,0.33078669011565104,0.03149858572617376,-9.580129042711202e-06,-1.1708186108318642e-09,-2.2558696351403752e-13
117,117,GA,6.807473196577922e-06,27,0.5405040316266141,0.03087879658686771,-9.507869997032175e-06,-6.901548236100223e-10,-3.8334929837501573e-13
118,118,GA,3.3956870186935474e-05,501,1.2684515345421008,0.02591594795468612,-1.946269161386713e-07,-5.448735351007448e-09,-8.182547908063392e-13
119,119,GA,0.0003505222984457878,501,3.0224549333903643,0.016370839808912085,1.1345750348734588e-05,-2.200487490937561e-09,-8.053547672763e-12
120,120,GA,8.971465857966082e-05,501,1.6402183510278474,0.024135352098294177,3.209711042164724e-07,-5.658802938992198e-10,-4.981155665187847e-12
121,121,GA,4.78819188497937e-05,501,0.13270583890340837,0.030430611976112555,3.3394189001006916e-06,-2.8404771998347318e-08,1.5724027477093608e-11
122,122,GA,8.947874461431188e-06,27,0.1920740264754253,0.03256335280025472,-1.1884185353432865e-05,4.982474256597588e-10,-4.635783271453041e-13
123,123,GA,9.999911641043383e-06,128,0.34657383086354143,0.03147961807179837,-9.77045943176589e-06,-6.172899200189655e-10,-6.32378093189675e-13
124,124,GA,9.583325029346438e-06,304,0.8827052657382917,0.027803086655403257,-1.6377347411750166e-06,-8.358240415219667e-09,2.18986238390504e-12
125,125,GA,0.001055359758729956,501,4.972288276206287,0.004594740647656398,2.8383064757089562e-05,-1.4655326153660991e-09,-1.6753661600391335e-11
126,126,GA,1.2926385066292123e-05,501,-0.17638360415071924,0.03552762608465223,-1.8274295394948917e-05,3.9044144584452174e-09,9.471419853503986e-14
127,127,GA,7.69980393292142e-05,501,1.5864776787805077,0.0244832228702512,7.884664548685192e-08,-1.5077738995998829e-09,-4.026888600713789e-12
128,128,GA,9.560529998938922e-06,67,0.7460565246168275,0.0292231153117264,-6.185719915230908e-06,-2.352214443917932e-09,-6.125562714893107e-13
129,129,GA,9.768772654933507e-06,26,0.1418220173106407,0.03297920710605563,-1.2305489411082666e-05,-3.0473870624193344e-11,5.82708653447813e-14
130,130,GA,0.00011381458182907872,501,1.8459425891312378,0.023148947388160163,1.510321708965703e-06,-8.518710295887498e-10,-5.077534469706384e-12
131,131,GA,4.6983488853956136e-05,501,1.2934463684904793,0.025641725477423542,1.0000000000717546e-08,-4.184005120867994e-09,-2.1470223960293417e-12
132,132,GA,1.127357512430885e-05,501,0.8138701306048941,0.028828177953826136,-5.487913045393443e-06,-2.744732337711268e-09,-6.070569360848564e-13
133,133,GA,9.369816669006012e-06,87,0.5560756100970216,0.029152172597112138,-1.5559535431287926e-06,-1.1966964982185308e-08,4.680126076357252e-12
134,134,GA,8.702839458538834e-06,23,0.24571518835760495,0.03247018168261407,-1.1643247786166645e-05,-1.050017521178033e-10,-1.1574922761683332e-13
135,135,GA,2.4704801552167433e-05,501,1.0861629450145998,0.027210160329162278,-2.9682476659966298e-06,-3.3918327566192216e-09,-1.1785563410795743e-12
136,136,GA,0.00013261588436969498,501,1.9549496915515145,0.02258431009934328,2.0827083246751434e-06,-3.353940617272546e-10,-5.7390783684804755e-12
137,137,GA,5.170121964160482e-05,501,1.4556229271669394,0.024986066162544382,6.92244318654125e-07,-4.685341669610788e-09,-1.7544547946614745e-12
138,138,GA,8.917351900568304e-06,55,0.4400344882495704,0.03036459373530614,-5.137043144436715e-06,-8.29944142939846e-09,3.681226550447333e-12
139,139,GA,0.00020373420529682222,501,2.3347146346350174,0.020482173719716307,4.743162299667868e-06,-4.449817951943709e-11,-7.00105467632753e-12
140,140,GA,2.2242751339735295e-05,501,0.17518512261276414,0.031106171884031475,-2.459791804522622e-06,-1.6607147303155138e-08,8.782668044080355e-12
141,141,GA,9.883851904589343e-05,501,1.7352430934831133,0.023477427853405026,1.6819933815959215e-06,-1.5342023145459502e-09,-4.8201062450363234e-12
142,142,GA,9.942908471628819e-06,54,0.6276949042413991,0.03006869217175968,-8.452690393068338e-06,1.8341407753595308e-10,-1.6144943776239773e-12
143,143,GA,1.132770420982163e-05,501,0.8731960618391188,0.027891079562547105,-1.8830894385509357e-06,-7.468363786820382e-09,1.3593382862678488e-12
144,144,GA,9.94098691874931e-06,354,0.5376675603548993,0.0299900924132555,-5.83301967404721e-06,-4.832285726173274e-09,9.316862201965405e-13
145,145,GA,0.0007696909245856799,501,5.134482737431811,0.0005410805599492382,4.7766171650065347e-05,-3.2170103683583275e-08,-1.3482138721137116e-12
146,146,GA,1.2387791206516013e-05,501,-0.12360142804272731,0.03454353552457015,-1.4472182228849301e-05,-7.873844006711388e-10,1.8664025000521064e-12
147,147,GA,9.993706876119596e-06,204,0.5473549601675686,0.03050973035064515,-8.34289014974989e-06,-1.1400185165402222e-09,-8.316364983353583e-13
148,148,GA,0.00021031840005838697,501,2.356579202740019,0.02040966563638232,4.818178024579322e-06,-4.3118001075148784e-10,-6.5734213971720986e-12
149,149,GA,0.00023397980745645247,501,2.444487805242836,0.019948007808593217,5.044285647972524e-06,7.406610727911094e-10,-7.680612635955869e-12
150,150,GA,9.993917636267264e-06,450,0.6448422986992332,0.0290853566471555,-3.6275754079016522e-06,-7.182487404275864e-09,1.9375946201828073e-12
151,151,GA,8.916694784762427e-05,501,1.705479175929493,0.023792313662019705,1.222242450841758e-06,-2.134183350726068e-09,-3.974895032214147e-12
152,152,GA,2.285702468720732e-05,501,1.0586923852295649,0.027530551552855914,-3.625051747966803e-06,-3.4161312254354017e-09,-7.095598684005783e-13
153,153,GA,9.978144096844757e-06,339,0.6450375525772097,0.029011365462117914,-2.896571710674265e-06,-8.44744502457082e-09,2.4523573578183314e-12
154,154,GA,9.93628281968355e-06,367,0.3924870882288928,0.02994449857382794,-1.111520088535929e-06,-1.6064088110116112e-08,7.811098579659478e-12
155,155,GA,2.632538387346387e-05,501,1.2052783068771271,0.026223394110593105,-2.2081385217234145e-07,-6.511619442427535e-09,6.373651622990973e-14
156,156,GA,0.00021095506402188223,501,2.401593822963202,0.019893241854259135,6.19598032219053e-06,-8.414992273991645e-10,-7.1957791429685235e-12
157,157,GA,9.81283383150039e-06,383,0.9901121851963628,0.0272712949622969,-6.499409139860343e-07,-9.122083439435247e-09,2.3899515319997728e-12
158,158,GA,9.988317173434155e-06,111,0.2954987154796354,0.031829670286880045,-1.037001987935935e-05,-3.813067009209825e-10,-5.856210090251115e-13
159,159,GA,9.104046861829454e-05,501,1.7819260018481515,0.023225134669237698,2.8291821126301216e-06,-4.318932626881914e-09,-2.8553536719456397e-12
160,160,GA,3.844450280302406e-05,501,1.5120745101335769,0.023676031082494227,6.413207470687521e-06,-1.2960526072275141e-08,2.0482207115440853e-12
161,161,GA,2.2592520624855194e-05,501,0.8364379851396796,0.02936858482704569,-8.06835355086027e-06,-1.0000000027526436e-11,-1.199351029491344e-12
162,162,GA,0.00019804536360482585,501,2.5035944675400756,0.018925917633192003,9.837725062231638e-06,-6.936282720091249e-09,-3.7708713064352915e-12
163,163,GA,0.00014606489079228358,501,2.074484830532083,0.021652680246416124,4.129171043343009e-06,-1.7907044649143851e-09,-5.528229337546456e-12
164,164,GA,2.7092286017418948e-05,501,1.2360095072141648,0.02596828580089802,4.594645032698869e-07,-7.218122827461359e-09,3.106745419299441e-13
165,165,GA,8.207044232043492e-05,501,-0.8786417000257882,0.03861353617601803,-1.9034899710900265e-05,-3.2761951218547735e-09,5.773302166209442e-12
166,166,GA,0.00013279757653290137,501,1.9855195271379606,0.02221819071600815,3.179610987962625e-06,-1.4329662844816956e-09,-5.414820127825472e-12
167,167,GA,2.5216634099568775e-05,501,1.1589065231162607,0.026611075205906033,-1.2564373305011429e-06,-5.438582034223999e-09,-3.101229979136538e-13
168,168,GA,9.887901780067717e-06,249,0.6564843615871958,0.02874860759136199,-1.5167674612797585e-06,-1.0676156449879419e-08,3.60012850570262e-12
169,169,GA,9.808298031668628e-05,501,0.5648056830893012,0.02846707952155906,1.0031731996968271e-08,-1.0370210337606235e-08,1.8444978192859757e-12
170,170,GA,1.557058835907763e-05,501,0.9618715501655741,0.027636209388418983,-2.546303011686233e-06,-5.402582912986601e-09,1.2187340193112954e-13
171,171,GA,1.255565691640156e-05,501,0.010000000000000429,0.034549207913952946,-1.6796809338938858e-05,3.3092060789019623e-09,1.0000000000001186e-14
172,172,GA,1.0561441171765104e-05,501,0.8230324319221853,0.028722943608126262,-5.0724401504599966e-06,-3.4254641572446004e-09,-2.3229770435993023e-13
173,173,GA,9.12997766605136e-06,120,0.21915885794532494,0.0323094198327515,-1.1197781065372573e-05,-1.198461443796186e-10,-3.8359174500624504e-13
174,174,GA,2.102509379144542e-06,31,0.4958981237767007,0.029980977008705303,-3.892881902739401e-06,-1.054778009971174e-08,4.950266452336658e-12
175,175,GA,8.767322626855801e-05,501,1.6121537395503491,0.024376316936263926,-3.1171909022060266e-07,1.0000000000002087e-11,-5.119228315264424e-12
176,176,GA,0.0010801095297520893,501,5.370346425408623,0.0009915377309976392,3.928968526564855e-05,-1.4061744262199287e-08,-1.1896320581521744e-11
177,177,GA,1.582989220187337e-05,501,1.1225873794664518,0.026469822812429163,5.893795453182007e-07,-9.244921609866808e-09,1.876393559549642e-12
178,178,GA,8.700339478284122e-06,216,0.30602652816287246,0.031106835138315705,-6.501140327090587e-06,-7.712143771399091e-09,3.806394113903705e-12
179,179,GA,8.979734798526043e-06,409,0.41687980901681143,0.030864604016120935,-7.337479249312916e-06,-4.411358064902576e-09,1.2417891834284226e-12
180,180,GA,1.7212611090824922e-05,501,1.0064635981327643,0.027498954501389106,-2.6728049323542763e-06,-4.9553143095919695e-09,-8.597616234685891e-14
181,181,GA,3.0513431272771483e-05,501,1.337344607316438,0.025181246954614742,2.425384716555651e-06,-9.136100115365537e-09,9.382435910234076e-13
182,182,GA,6.586564989051801e-05,501,1.4694199272073238,0.02528842519685307,-1.5004561121770688e-06,-7.001461042901422e-10,-3.89110284457826e-12
183,183,GA,8.643666687428854e-06,33,0.48502760863855865,0.030365535675720576,-6.837687241199585e-06,-3.9994149431268064e-09,8.746736304257704e-13
184,184,GA,8.519681413412911e-06,21,0.22683331484610275,0.03230986203593535,-1.143756722545796e-05,-9.033023882705201e-11,-2.291652997985729e-14
185,185,GA,4.075494732158244e-05,501,1.4014393290791596,0.025117235417181846,1.3730831267042958e-06,-6.785157001716792e-09,-3.6316653487289056e-13
186,186,GA,0.00014568368487369364,501,2.081666665037697,0.02130609508864094,5.399327676647973e-06,-2.9400007176851893e-09,-5.382366217539894e-12
187,187,GA,6.370621912648477e-05,501,1.4883256899537507,0.02488137637593421,3.222081413126759e-08,-2.4822263801145215e-09,-3.295829769505259e-12
188,188,GA,9.57719886528018e-06,495,0.6396066734231772,0.02861764018404882,-2.8744025445868513e-07,-1.3099667426358682e-08,4.949875184499256e-12
189,189,GA,2.8330339516617577e-05,501,1.2366562604596965,0.02607823061539336,-5.972740490398806e-08,-6.474840620956287e-09,-2.409094203487068e-14
190,190,GA,0.00018999386871342488,501,2.2770379703551367,0.020683723724954525,4.747207299659729e-06,-2.5604124008723573e-10,-6.9785548831204595e-12
191,191,GA,4.078831189323337e-05,501,1.3639359452325082,0.025353079200222988,6.902209260189662e-07,-5.790844701957093e-09,-8.979117869198706e-13
192,192,GA,1.3612962066949102e-05,501,0.7775474104921831,0.029491598928331857,-7.980222237204935e-06,2.650081092163282e-10,-1.7093249670267145e-12
193,193,GA,0.0001228182647310468,501,1.8819926413268198,0.022960520605365967,1.5242558894443704e-06,-6.79908067985492e-11,-5.756419101103506e-12
194,194,GA,8.45076329373547e-06,149,0.40113127971258933,0.030596376079379404,-6.178611439689438e-06,-6.358443204503326e-09,2.4146191687824856e-12
195,195,GA,4.454298503089464e-05,501,1.3357172697309851,0.025902413565188197,-1.37405456361077e-06,-3.2837719658705353e-09,-1.8311077073725135e-12
196,196,GA,9.959432586708215e-06,293,0.5700088046170199,0.02896693434214256,-5.962385508882124e-07,-1.3517696290464783e-08,5.451516104517559e-12
197,197,GA,4.076887433996807e-05,501,1.1058317938561344,0.027769274763103643,-6.613641881540885e-06,2.865391924040175e-09,-4.4000730854188374e-12
198,198,GA,3.099198889957315e-05,501,-0.4177661200614568,0.03612774269488306,-1.638912480444591e-05,-1.290389111784957e-09,3.0383789273080524e-12
199,199,GA,9.972225909051833e-06,407,0.18622210301879946,0.03249600539159766,-1.1490378759364183e-05,-1.0043021501423729e-11,-3.360440341340847e-13
200,200,GA,0.0001696404093764928,501,2.1540478587997836,0.021312669372769308,3.906890091584111e-06,1.416593273561548e-11,-6.932831286171567e-12
201,201,GA,6.643764840096207e-05,501,1.5435689036854112,0.02459413923258413,5.61735281736644e-07,-3.098405640434057e-09,-2.9403474713483892e-12
202,202,GA,5.630182838823912e-05,501,1.4151745734891787,0.025399873870517713,-8.55373331895528e-07,-2.1791503498225764e-09,-3.1609459935664363e-12
203,203,GA,8.00542377425933e-06,14,0.5976565082461314,0.02876176132620352,1.0844559714703618e-08,-1.5522777866328663e-08,7.2046335921606294e-12
204,204,GA,0.00010945948940898903,501,2.0037781822426637,0.021649181797868296,6.363047880895766e-06,-7.300025360007772e-09,-2.0730484202374957e-12
205,205,GA,1.3986908954970408e-05,501,0.7713732512853801,0.02951811295240174,-8.184083678985971e-06,8.444452158760707e-10,-2.1334760592087433e-12
206,206,GA,9.481123597327917e-06,21,0.26055199848913835,0.032267691822591385,-1.1816722292223268e-05,1.5192382857301072e-10,1.8095256944606387e-13
207,207,GA,7.418808978892947e-06,180,0.7352481356790375,0.028729765440981696,-2.611630526830201e-06,-8.718848070089902e-09,2.760679753897104e-12
208,208,GA,4.010766535875455e-05,501,0.9935066102015317,0.02766361590047357,-4.470474877681003e-06,-3.5429939465368805e-11,-3.570875721624782e-12
209,209,GA,9.61092983672255e-05,501,1.7169570419296347,0.023838845208121347,6.66767053759474e-07,-7.822152873357732e-10,-4.874898964111538e-12
210,210,GA,6.204218643443385e-05,501,1.3938678328586047,0.02561774419130303,-1.9566017486122884e-06,-1.5505409621787949e-10,-4.310123369248182e-12
211,211,GA,0.0001554229282399795,501,2.0568346695360624,0.021794816111660065,3.2411677110916276e-06,1.4473667592780818e-10,-6.7595567633898525e-12
212,212,GA,2.4194696876528842e-06,38,0.3018305718491738,0.031711697540938874,-8.824814431919897e-06,-4.624894288337027e-09,2.391683321077325e-12
213,213,GA,1.2836038624614861e-05,501,0.7516167623751938,0.029687920216124285,-8.233168910549153e-06,-1.0000000000120989e-11,-1.321528339719733e-12
214,214,GA,0.00019550787683671867,501,2.5204013139521706,0.01870132918457069,1.0601680879721149e-05,-7.738896202400022e-09,-3.575429160489397e-12
215,215,GA,9.720971227562025e-06,165,0.6190911474831853,0.029043204023657454,-2.7472755733900127e-06,-9.5348634775337e-09,3.525630224841098e-12
216,216,GA,0.00010808605688857411,501,1.7814154526734767,0.023489334630608566,8.687925720517427e-07,-1.3830168451419663e-10,-5.447511838885264e-12
217,217,GA,0.00015716828712295333,501,1.9879246138824695,0.022887223053495886,3.590907556124431e-08,2.51962193258271e-09,-6.787739356752058e-12
218,218,GA,0.0002262008759006416,501,2.4314620356220393,0.019703194571844947,6.091414916097502e-06,1.621057498230274e-11,-7.750098404022708e-12
219,219,GA,9.96540801922828e-06,142,0.7946326142780414,0.02716675299420292,4.153120028510114e-06,-1.8553719025733207e-08,7.298261670615552e-12
220,220,GA,9.620193687739896e-06,271,0.28213115731141464,0.03177644107310309,-9.703501171089726e-06,-1.7747137103824111e-09,2.2441583200842906e-13
221,221,GA,0.00012330844364370213,501,1.924826701443667,0.02258579295571849,2.62653836505532e-06,-1.7023368844807984e-09,-4.839441966465314e-12
222,222,GA,9.995675338427621e-06,89,0.5337216458772563,0.03053397839245384,-8.981044822729783e-06,3.3213951805951595e-10,-1.6397532103471372e-12
223,223,GA,9.064149980956184e-05,501,1.6376530338342354,0.024243572320132297,-1.4254687537972154e-07,1.0000145719992058e-11,-5.19028348928823e-12
224,224,GA,9.929690957859182e-06,166,0.21235182766887487,0.03222185623813818,-1.0619208157303288e-05,-1.1201514661360903e-09,1.4342533978135187e-13
225,225,GA,2.2235961239355182e-05,501,0.13398502683439015,0.03148956925342163,-3.8298276506614034e-06,-1.4545036774680268e-08,7.759951936922928e-12
226,226,GA,0.00014768063252978728,501,2.0596197215158485,0.021859124681121674,3.39494491661985e-06,-9.231441744044845e-10,-5.8484554293381226e-12
227,227,GA,7.375371021112087e-06,24,0.27170669005661463,0.03206600757053658,-1.1026912410559404e-05,-2.373797965136407e-10,-2.688193874519007e-13
228,228,GA,9.757319198809638e-06,160,0.5007064664596564,0.031364944680381666,-1.1123124024112274e-05,7.331687529264054e-10,-4.69471465874938e-13
229,229,GA,1.0889189491758707e-05,501,0.771167421464186,0.02914008766072925,-6.281178899294758e-06,-1.8835237611133552e-09,-9.474085633310492e-13
230,230,GA,0.00011661394219267072,501,1.8791348180082383,0.022759124173345708,2.54928176179266e-06,-1.563518715856117e-09,-5.075592852777917e-12
231,231,GA,2.5166283914528514e-05,501,1.1363532311758107,0.026655888831541606,-1.2179401345305475e-06,-5.364690128866394e-09,-4.697670808642038e-13
232,232,GA,3.1536344874158776e-05,501,0.08467603412077254,0.03156222327855684,-1.9319544357848924e-06,-2.0256058873697923e-08,1.1733429043672004e-11
233,233,GA,9.276285799184661e-06,68,0.8389639893941369,0.028449535059337647,-3.528175436901318e-06,-6.016927079434805e-09,1.0318319192651442e-12
234,234,GA,0.00015169740703259102,501,2.026419067877581,0.02241195515160218,1.7870423115328408e-06,1.2168588067865381e-11,-5.5751772114375334e-12
235,235,GA,0.0002812536288326122,501,2.7313047084207094,0.017841596578467785,9.319772968352657e-06,-1.5001874675756416e-09,-8.00771603415076e-12
236,236,GA,3.2151837015959985e-05,501,1.2787843614842942,0.02589480661524575,-1.0000000000002761e-08,-6.149953437194721e-09,-2.5162714627696697e-13
237,237,GA,3.0704310631092256e-05,501,1.2198724133621748,0.026228565944441472,-7.481271374114303e-07,-5.1980838944520474e-09,-7.714360696593648e-13
238,238,GA,2.7397540301177878e-05,501,1.2278639496511619,0.02605957584194288,1.4523615874463305e-07,-6.7891019018540805e-09,1.0940810811432984e-13
239,239,GA,0.0001710056060263929,501,2.1687924885065164,0.021357706450242524,3.6711342832504798e-06,1.0082254763316526e-11,-6.70178914263718e-12
240,240,GA,7.84292449421851e-05,501,1.528341303964414,0.02490760283177398,-1.2289608846195356e-06,3.805350215173992e-10,-5.006969873222258e-12
241,241,GA,9.981426464914764e-06,325,0.5302527359495427,0.03034866503000341,-7.759187631607281e-06,-1.6910178428359146e-09,-6.588997407858159e-13
242,242,GA,5.6677248103888196e-05,501,1.333033556204942,0.025875276796153555,-2.116172200162627e-06,-4.31541734787631e-10,-4.044113975497954e-12
243,243,GA,0.00012642727739827503,501,1.914669402164606,0.022751917556689878,1.9200279807559503e-06,-4.20541490798217e-10,-5.608680617579266e-12
244,244,GA,9.840997108393112e-06,407,0.32413876372028494,0.030631893321711984,-3.6020828829252977e-06,-1.243312736416356e-08,6.051408163116073e-12
245,245,GA,2.7797501263466937e-05,501,1.2202030151499044,0.026129554456116852,-1.079806955001877e-07,-6.409118588381886e-09,-8.173722602435606e-14
246,246,GA,0.00019195665841077126,501,2.2979279550902008,0.020477149411733533,5.269765908758948e-06,-7.750531206535468e-10,-6.791301262324139e-12
247,247,GA,0.00010670146731229735,501,1.598805754856693,0.02404206105633447,1.0061974012733985e-06,-4.27471603676438e-10,-5.829274689293504e-12
248,248,GA,0.00015225282075067564,501,2.095838394213824,0.021541758943638592,4.1059048198705785e-06,-1.4294615385075563e-09,-5.7951005595952944e-12
249,249,GA,9.457329974595553e-06,277,0.3250647925816497,0.030450820776848127,-2.445248741124473e-06,-1.49504702434114e-08,7.679049495546975e-12
250,250,GA,9.994884150239829e-06,359,0.8938126378670707,0.027694477316174772,-1.2317216785552628e-06,-8.448521640556798e-09,1.8879555753476047e-12
251,251,GA,1.9737176573277278e-05,501,0.8813048114715574,0.028908299004400822,-7.341882112557883e-06,7.95033527566124e-10,-2.4404575497896922e-12
252,252,GA,5.236061375615215e-05,501,1.5198114456537064,0.02458622762719573,2.063175012326517e-06,-7.366057115789291e-09,1.0073210587651145e-14
253,253,GA,1.2879141526293456e-05,501,0.7530966176634344,0.029667353439821537,-8.332724198966157e-06,5.490829558226039e-10,-1.7802414505851008e-12
254,254,GA,9.525858434348498e-06,243,0.15158902313332584,0.03250421139119317,-1.071722947630249e-05,-1.9871152445649757e-09,9.528962723702373e-13
255,255,GA,0.00025890241498870647,501,2.5830191479027156,0.019145110352384715,6.3713767491520805e-06,3.989419637949072e-10,-8.03911398868016e-12
256,256,GA,0.00016501426558599753,501,2.1256189031274033,0.021591384884833673,3.2856026224515794e-06,-9.350907416099303e-11,-6.357978806584477e-12
257,257,GA,0.0004142647667649948,501,3.1210537662986657,0.016020072824744085,9.965419592600577e-06,2.8198806724925804e-09,-1.1659226687116301e-11
258,258,GA,8.06253455094023e-05,501,1.7823833103230864,0.022972443513863714,4.437818553701891e-06,-7.071793499672132e-09,-1.4094650006587304e-12
259,259,GA,0.00011177730649848894,501,1.7836407517557746,0.023761319806912238,-1.0003139042380716e-08,-4.738962048596976e-11,-4.804281072738998e-12
260,260,GA,7.747259575217958e-06,19,0.43350940953776457,0.031191543917903512,-9.09713588441735e-06,-1.8456319680217465e-09,9.78614538807007e-14
261,261,GA,2.101992471927388e-05,501,0.9899375150184115,0.027920521779440904,-4.599050757624677e-06,-2.06236584703764e-09,-1.4713756983327612e-12
262,262,GA,5.830695305284237e-05,501,1.5378393069886471,0.024511548725561414,1.508427827828028e-06,-5.195683299002433e-09,-1.668741094178696e-12
263,263,GA,0.00034571322497548593,501,2.848264196885772,0.017464363802044337,8.069090397677544e-06,3.2386987813005636e-09,-1.1398493113143221e-11
264,264,GA,9.98682690659793e-06,291,0.8035806838656815,0.028251828781121775,-2.2062422948888853e-06,-7.90299063245627e-09,1.7946936056048514e-12
265,265,GA,0.00021111953197616663,501,2.383135176895663,0.020089561049444215,5.5373425069547655e-06,-3.060398138729215e-10,-7.232020203377251e-12
266,266,GA,1.9598878211005705e-05,501,1.0015953510482294,0.027619785152686874,-3.3493035235535475e-06,-3.67546155580139e-09,-8.382503876041531e-13
267,267,GA,8.54558370945863e-06,376,0.8442533573055473,0.02788864592991438,-1.3056363194982023e-06,-9.14958245579014e-09,2.606407257294122e-12
268,268,GA,0.00027962941352214924,501,2.736032655186804,0.017914176203871337,9.174151212988414e-06,-1.4865501713617524e-09,-7.957624033460835e-12
269,269,GA,0.0002338682617806544,501,2.5180876564308647,0.0191753249469785,7.287840693183576e-06,-1.2712959978591752e-09,-7.239037477363317e-12
270,270,GA,2.3672275619742564e-05,501,1.0644703306170875,0.02680201554052052,-8.039925182658962e-07,-6.319347157662394e-09,-2.2418255031287245e-14
271,271,GA,1.818165602478134e-05,501,0.8775370254461401,0.02884993937196085,-6.927524179047184e-06,4.7639496173119367e-11,-2.037558417011503e-12
272,272,GA,1.5655723670085596e-05,501,0.8549553353028118,0.028180213268265804,-3.265897947024207e-06,-5.045346726085294e-09,-1.0000000000001431e-14
273,273,GA,2.786884271932624e-05,501,1.114271053880904,0.027110364450768833,-3.1022966260458518e-06,-2.7903583075992857e-09,-1.5822268924554264e-12
274,274,GA,1.6241895127288944e-05,501,0.9768512574284661,0.027347600396068504,-1.464550300846089e-06,-6.727724949378191e-09,6.237633302606723e-13
275,275,GA,0.00018246023432655662,501,2.2645173831536516,0.020599104359362845,5.3735523706404555e-06,-1.359912309258592e-09,-6.389593068931135e-12
276,276,GA,2.5353716286393625e-05,501,1.0364720802894771,0.027821488653185834,-4.912591232813679e-06,-1.3022171715911153e-09,-1.8530207741052165e-12
277,277,GA,5.777679106743096e-05,501,1.5522280537945163,0.02434400772982888,2.0557287528605213e-06,-5.99030270187393e-09,-1.2523671253152738e-12
278,278,GA,0.000190360059743243,501,2.3257198466723916,0.02022059986100744,6.134130225569265e-06,-1.9963355405214035e-09,-6.2039882167776214e-12
279,279,GA,0.00011217408652691138,501,1.8373557466293653,0.02299031344776667,2.196939841574796e-06,-1.3402705001387394e-09,-5.132742858788667e-12
280,280,GA,7.427730089407532e-05,501,1.549908236725573,0.024639239673935335,-1.622283778750111e-07,-1.652632496213283e-09,-3.7122914285540725e-12
281,281,GA,9.267613824536145e-05,501,2.228899288012846,0.019092340116294213,1.5341336043795158e-05,-1.9243167593955126e-08,3.2321781283225674e-12
282,282,GA,8.811441662806907e-06,20,0.18674057566826577,0.03257691229306173,-1.144367276478338e-05,-5.703674249313274e-10,1.0224861252357748e-13
283,283,GA,0.0001302535243587804,501,1.925903559176704,0.02270689546521952,1.8370493740853554e-06,1.0000008984502845e-11,-5.924987888139684e-12
284,284,GA,4.577154333596606e-06,27,0.1428312142786163,0.03308314892670541,-1.3003543878613615e-05,4.764325463275966e-10,3.1828860554595525e-13
285,285,GA,0.0007635277053457283,501,4.135223121639158,0.00907048496639655,2.2382905653098942e-05,-3.3608257876041397e-10,-1.554797380806707e-11
286,286,GA,1.160906983198848e-05,501,0.6873013590773069,0.029227330123277936,-5.202440076240948e-06,-3.95278204372361e-09,-1.0000000331389454e-14
287,287,GA,0.00027650482497186237,501,2.668850523189413,0.018301750082964086,8.127560071362686e-06,1.1716154789578945e-11,-8.751570854264004e-12
288,288,GA,1.892720280664672e-05,501,-0.24718203008134015,0.035217882462353425,-1.5258267793217926e-05,-1.2434060650046927e-09,2.5913990774144553e-12
289,289,GA,5.184750792482355e-05,501,1.3417171795287717,0.025933480055857626,-2.1830671850553144e-06,-1.0994481777628252e-09,-3.317099331542344e-12
290,290,GA,9.993647390934258e-06,124,0.07547538281334236,0.03319344132713173,-1.2498794816558237e-05,-1.1417435933673376e-10,2.2100273971203616e-13
291,291,GA,3.512805931310255e-05,501,1.0484803356843706,0.02745190652434967,-4.2419614888638485e-06,-4.1011982691199973e-10,-3.2125763923130154e-12
292,292,GA,2.7142152724729204e-05,501,1.2023452757705844,0.026276060208600467,-4.865501098712724e-07,-6.067868413035101e-09,-1.6748651060740627e-13
293,293,GA,1.1210429835090568e-05,501,0.7245651943506389,0.028192746507754024,-1.1534135918245155e-07,-1.2027010927252571e-08,4.005505544460161e-12
294,294,GA,9.919001273762865e-06,351,0.6661716617798022,0.028667215394360866,-1.232573356777561e-06,-1.1083345714278913e-08,3.7724847971229665e-12
295,295,GA,2.0904592884870947e-05,501,1.1219294776095832,0.026618246185855163,-5.498074390196538e-07,-6.871034659217012e-09,4.43231551296527e-13
296,296,GA,1.2463586915189735e-05,501,0.8795257390406945,0.028255166274154964,-3.97100549941601e-06,-4.318112069582644e-09,-4.352623534651346e-14
297,297,GA,9.95323486125009e-06,31,0.7024818801279267,0.029895351174516454,-8.398448876017566e-06,-7.302035267096893e-11,-1.2545650389675633e-12
298,298,GA,8.988253111935365e-06,182,0.8517068084862063,0.02777659405771486,-5.318236880446699e-07,-1.0128940073971945e-08,2.8202275802798634e-12
299,299,GA,0.00023540871734516322,501,2.5473316966309163,0.019023330395388106,7.693556190524876e-06,-1.9454212042541043e-09,-6.8470209633206e-12
0,0,ES,7.540982458589962e-06,59,0.9679134513096742,0.027314830555961567,-2.3979816972913453e-07,-1.0133389247521664e-08,2.969303726914345e-12
1,1,ES,9.360553458693021e-06,89,0.7975565520012357,0.028834617931139117,-5.097596895566272e-06,-3.6865419640504983e-09,-2.527620947595314e-14
2,2,ES,5.095455159281751e-06,38,0.2970158398489535,0.03227299815735656,-1.1670760775347149e-05,5.7237547628975375e-11,1.5099257045154362e-14
3,3,ES,9.670173433130977e-06,73,0.9227353721375454,0.02783662586299912,-2.289411446321728e-06,-7.031806033699633e-09,1.3869762074669285e-12
4,4,ES,4.730404467217613e-06,23,0.348623894199133,0.03191510939858832,-1.1253562027961e-05,2.1994567739289195e-11,-1.4344532671673065e-14
5,5,ES,7.733522170982042e-06,62,0.969093315818494,0.027234367698923467,6.132247930986373e-08,-1.0537004570765864e-08,3.175627224186187e-12
6,6,ES,6.819481412007372e-06,72,0.8924876008394735,0.027687474104165097,-9.463153577063667e-07,-9.482082246968887e-09,2.704130475709996e-12
7,7,ES,7.570586590362337e-06,72,0.9415282943710779,0.02735490782359438,-1.7830557409139644e-07,-1.0409621504627381e-08,3.1905300791584007e-12
8,8,ES,9.65198431521129e-06,66,1.0065208489014725,0.02710200495809338,-1.7884699148180166e-08,-9.819573620441791e-09,2.551031488189481e-12
9,9,ES,9.871150320258264e-06,117,0.7891364334144679,0.029069167949375637,-5.886114720927677e-06,-2.8199403008666716e-09,-2.991049796621402e-13
10,10,ES,9.611464789731572e-06,54,1.0035769891362198,0.02707320509689385,2.0935437688944904e-08,-9.851235310486795e-09,2.6081999236962374e-12
11,11,ES,8.73027258571429e-06,63,0.9127764891821449,0.027423220163304268,2.9631450231907493e-08,-1.0450232809962496e-08,2.911108223074629e-12
12,12,ES,9.414960240023873e-06,76,0.9290196715463522,0.027853139549329522,-2.3356071034215464e-06,-7.190631569365865e-09,1.6023510136267718e-12
13,13,ES,6.513478603815424e-06,52,0.9065946978989494,0.027444403992300224,3.858811832095714e-08,-1.0853031453745814e-08,3.3326537867059362e-12
14,14,ES,9.386225854850341e-06,40,0.11537018190337117,0.032882551441859094,-1.216668373990197e-05,-5.134002006376311e-11,1.193005828043973e-13
15,15,ES,4.315171718511368e-06,40,0.1831062888608551,0.03282109415229742,-1.2415035989818826e-05,5.5778865914489136e-11,2.355447892333556e-13
16,16,ES,7.838429163959946e-06,65,0.9715095554116602,0.027235466505333702,-2.2219172878473686e-08,-1.0222121797056605e-08,2.88525926436525e-12
17,17,ES,9.096241848009066e-06,65,0.9915407344314024,0.027117681183843306,4.457590622420529e-08,-1.005891534395961e-08,2.734736045794065e-12
18,18,ES,9.900252049106043e-06,203,0.7242774058152013,0.02957852463637171,-7.457567971708067e-06,-7.492728423859038e-10,-1.2815522288664633e-12
19,19,ES,9.683162016076984e-06,33,0.021016549095938777,0.0337107100469311,-1.3728886061806276e-05,1.4313686128509449e-11,9.113655428628337e-13
20,20,ES,6.474250166591376e-06,38,0.9473151921299057,0.027341679523373554,-4.649650762581918e-08,-1.0642202898173778e-08,3.2705627640875948e-12
21,21,ES,9.879502783099615e-06,67,0.9910775023350324,0.027125382833786158,1.2180019591626191e-08,-1.0132119086292556e-08,2.8232124488238245e-12
22,22,ES,3.357682965166836e-06,40,0.25811272803368124,0.03233604245018412,-1.1632027438915797e-05,-1.6720923697479598e-11,-8.031919102061552e-14
23,23,ES,9.841916120582354e-06,157,0.7570030401434638,0.02921965645998741,-6.3198183283734945e-06,-2.1042781179795125e-09,-7.505886793121709e-13
24,24,ES,9.262751480337246e-06,59,0.9951426193780111,0.027204402463732347,-1.0084502192360443e-07,-1.006502123320947e-08,2.8445342144855443e-12
25,25,ES,8.451799660338798e-06,70,0.9658589864509441,0.027235020250785096,-6.442981460120043e-08,-1.0030829584319725e-08,2.7486942404295883e-12
26,26,ES,5.78359060614124e-06,60,0.8733195422720893,0.02761817756731468,-2.268606538660113e-08,-1.1553392779748215e-08,3.934257440057402e-12
27,27,ES,9.864526583045195e-06,112,0.7894475816899039,0.029020624674292825,-5.852055504618067e-06,-2.707270359252746e-09,-4.299726786156e-13
28,28,ES,8.951185685303882e-06,65,0.9203841377167039,0.027511332523760496,2.9352212838179923e-08,-1.098397725749442e-08,3.3063022470351927e-12
29,29,ES,6.595663565411132e-06,70,0.9266489449671993,0.027489483114740917,-2.3314264076743464e-07,-1.0505301505606601e-08,3.142054443681181e-12
30,30,ES,9.339459015522445e-06,62,0.991560646749027,0.02712806123060704,-3.606087066409096e-08,-1.001891617519158e-08,2.783642498733663e-12
31,31,ES,8.91057473102695e-06,71,0.8921537686783491,0.02759024501297527,-5.31043870616306e-07,-9.754800749918182e-09,2.5791715051070493e-12
32,32,ES,8.303159708155727e-06,62,0.8770543970139665,0.027567946222498738,-4.083754536690076e-08,-1.073048156761906e-08,3.1877988198375467e-12
33,33,ES,9.941919240041093e-06,315,0.822589087572262,0.028711397985236597,-4.925788915638491e-06,-3.7830877035281144e-09,1.2254194228716614e-14
34,34,ES,8.147087465201328e-06,59,0.9536216830040717,0.02732607968132006,-1.6374766708060996e-07,-1.015512396150731e-08,2.9303985188783413e-12
35,35,ES,9.703628230382999e-06,60,1.0206498681494192,0.027065481429753346,-3.988855157605122e-08,-1.0019853972611962e-08,2.8527585577033873e-12
36,36,ES,9.479015518916234e-06,36,0.2898427592051987,0.032403067963779286,-1.179575398307305e-05,-3.365253091764887e-11,-1.9013026408198534e-14
37,37,ES,8.706227790479006e-06,77,0.9676960832626975,0.027204312348989235,-1.7460343271392277e-08,-1.0034931529071851e-08,2.7156996660136444e-12
38,38,ES,9.708927251187736e-06,70,0.9331362487016049,0.027551341126207524,-7.158901407156191e-07,-9.400567210869685e-09,2.4091301109532635e-12
39,39,ES,9.902177106910354e-06,65,0.9506791713707509,0.027487448969845896,-1.0115767148662758e-06,-8.563433109291107e-09,1.941313346472e-12
40,40,ES,8.419387771200199e-06,74,0.9472616969511337,0.0274580674062656,-7.968671581733289e-07,-9.301578147874561e-09,2.5851172727058487e-12
41,41,ES,9.920646176877566e-06,88,0.7360755699393482,0.029189138447615125,-5.946654717362105e-06,-2.6550126940196988e-09,-5.281953229282094e-13
42,42,ES,8.77879722094436e-06,59,0.8422442369832498,0.027741326672018667,-5.189448754719531e-07,-1.0220822595963607e-08,3.01724383764776e-12
43,43,ES,9.735083034237793e-06,58,0.9969662194773209,0.02726710270405234,-1.1473159198028831e-07,-1.0995620033087469e-08,3.757695234857818e-12
44,44,ES,9.383237529718865e-06,36,0.0772738565387608,0.03317814853927051,-1.257321288246175e-05,3.083805145648268e-11,1.4879794198672196e-13
45,45,ES,8.062525122899594e-06,34,0.2221164806417824,0.03237791324605586,-1.1731586069142462e-05,-4.64119928766174e-11,1.093636647633525e-13
46,46,ES,9.39721950432288e-06,83,0.9566145845139097,0.027415800957070795,-9.033684374686095e-07,-8.784277221788293e-09,2.1590379553026656e-12
47,47,ES,7.333518479967063e-06,32,0.23919869349231748,0.03245464888993092,-1.169524048210358e-05,1.0506046474239024e-10,-1.9582925164348507e-13
48,48,ES,9.47499157744305e-06,71,0.5939076390111171,0.030356165433918957,-8.837857420647769e-06,5.912804995077826e-11,-1.4315483597594052e-12
49,49,ES,9.973581220150517e-06,78,0.6604001008640135,0.029884349571830577,-7.974450087293164e-06,-2.2226324910606464e-10,-1.5787343053318036e-12
50,50,ES,9.884488243016215e-06,36,0.20184344801045445,0.032351786500537584,-1.1346195746178326e-05,-2.252786291605187e-10,-3.616522244610648e-14
51,51,ES,8.588430845346995e-06,66,0.895851902476165,0.027513126060768788,-2.1813522169396684e-07,-1.020981830669198e-08,2.869788287740927e-12
52,52,ES,9.148225516155595e-06,87,0.7923274284983651,0.028578084112005405,-3.816520716604281e-06,-5.593414106643142e-09,8.26762964779479e-13
53,53,ES,4.351989652310432e-06,28,0.266356579990307,0.03233900058223928,-1.1648542999115674e-05,3.684677603315799e-11,-4.454431957977938e-14
54,54,ES,9.672868965338792e-06,54,0.91251987346878,0.02738757598080519,-2.3142344269170243e-08,-1.0269273665457034e-08,2.8576795252331786e-12
55,55,ES,8.481418079937997e-06,70,0.9164284515175499,0.027675110048248384,-1.387699833460514e-06,-8.709257179136705e-09,2.3668157290962188e-12
56,56,ES,6.776584239820592e-06,33,0.7903354618713025,0.028479518945534927,-1.192750885408997e-06,-1.2366798368100552e-08,5.28396089243919e-12
57,57,ES,9.870629135147127e-06,103,0.6719528555925128,0.02990730089450525,-8.150534581238048e-06,1.882346844269406e-11,-1.6601094266304388e-12
58,58,ES,7.435395247078839e-06,38,0.1264340154019932,0.03321486561986912,-1.3144657926317983e-05,7.548903434221911e-10,1.9655598042367396e-14
59,59,ES,5.8037497696549585e-06,44,0.0995320551442965,0.03330184946403115,-1.336341344177515e-05,7.909547670866063e-10,5.577758907021813e-14
60,60,ES,9.008166107265086e-06,67,0.9045815509506976,0.027696677801604494,-1.0346502492830878e-06,-9.038652993627023e-09,2.2632956627848956e-12
61,61,ES,9.30350051539149e-06,76,0.6340488366198879,0.03018773000585837,-8.542454460198522e-06,-3.798458497743206e-11,-1.409901953375932e-12
62,62,ES,9.59767866277381e-06,31,0.3548661751713987,0.03169998318561664,-1.001445340446875e-05,-1.5241123632799117e-09,4.644776386710664e-13
63,63,ES,6.170964500816632e-06,40,0.41653721760912743,0.031610263726186465,-1.101395164701331e-05,5.330144972159316e-11,-3.9642393348878355e-14
64,64,ES,8.694874335986175e-06,70,0.874619483143271,0.027546602299213616,-2.1116365680908113e-08,-1.1130989995678417e-08,3.676627710910881e-12
65,65,ES,8.626122314331066e-06,72,0.9851059384046028,0.02715539139679861,1.4577304531711504e-08,-1.0060979951657095e-08,2.7523557030499592e-12
66,66,ES,9.365384198840428e-06,38,0.143722540512621,0.03285897691676331,-1.2067394157689751e-05,-7.310703576670894e-11,-4.5598846296430384e-14
67,67,ES,9.21817190004782e-06,52,0.9933484441694826,0.02715048626551075,-1.2949540360858318e-07,-9.746810109223625e-09,2.58208687719625e-12
68,68,ES,9.606444038249223e-06,71,0.663103309166479,0.029902273486547153,-8.116457098751434e-06,-6.336209153218301e-11,-1.5905309352834678e-12
69,69,ES,9.912982397114847e-06,130,0.835913152648964,0.02848486070149429,-4.124060198941918e-06,-4.747767831488906e-09,3.540046911964549e-13
70,70,ES,8.719176746368268e-06,56,0.9646713971723554,0.027246967186401922,-8.854298228637548e-08,-9.927897853400661e-09,2.622318397436938e-12
71,71,ES,9.855569577070736e-06,70,0.9926549905697422,0.02711777485725024,4.717056709360453e-08,-9.928178802958298e-09,2.560959901402703e-12
72,72,ES,9.959384994631585e-06,98,0.6968820668259476,0.02988783823926654,-8.28137029117101e-06,6.688809465166391e-11,-1.5563647136481991e-12
73,73,ES,6.636266743348317e-06,38,0.23752729378728055,0.03254088401930194,-1.1813082232242324e-05,-2.1532760928563116e-10,2.012891389988075e-13
74,74,ES,9.012586156525721e-06,67,1.0095931471423756,0.027127131156612836,-6.15996904517552e-08,-1.0117442788123443e-08,2.901379598543821e-12
75,75,ES,6.504566583467283e-06,37,0.1437679440114438,0.03288667945234934,-1.2287947904190007e-05,1.6999537938111745e-10,-1.788699587520399e-14
76,76,ES,9.34204710448446e-06,32,0.3364339781324692,0.03161543263155569,-1.0251591348590012e-05,-1.1377126377094636e-11,-8.779157006247865e-13
77,77,ES,7.950367044935487e-06,41,0.06538454263545071,0.033299866330985715,-1.2917999093737287e-05,5.796415537158109e-11,4.781913863148803e-13
78,78,ES,8.251627853187912e-06,60,0.8546675863893666,0.027849140134567598,-8.254921789206135e-07,-9.993020784020393e-09,3.015469034884338e-12
79,79,ES,8.267257763828783e-06,69,0.9401837136705276,0.02730666802157483,-5.870082574385981e-08,-1.0238476543482825e-08,2.886967577095101e-12
80,80,ES,9.720348757479993e-06,133,0.7930871377242659,0.02891760566146366,-5.29412544110213e-06,-3.4643615634702317e-09,-1.657075607538773e-13
81,81,ES,9.63704250086903e-06,99,0.7889759199261617,0.028911675585973975,-5.202915514845046e-06,-3.5943757921343938e-09,-1.186492375373361e-13
82,82,ES,8.900489476975402e-06,87,0.6221304257659532,0.03019073549746077,-8.556636338301948e-06,9.889373173672501e-11,-1.5856961968573502e-12
83,83,ES,4.4980228380445785e-06,39,0.24421603869597608,0.032441160850955046,-1.1704602020079142e-05,-2.6546423465209215e-11,-5.550256928323471e-14
84,84,ES,9.351425630663431e-06,72,0.6474492404023352,0.029975507970827618,-8.235369770411198e-06,-4.955094066707695e-11,-1.526253221839173e-12
85,85,ES,9.846356545119176e-06,72,0.6657913843701965,0.029894037501916635,-8.163696975835718e-06,-1.5607131224420494e-11,-1.5454082131209842e-12
86,86,ES,8.530656901578516e-06,40,0.8764219882270553,0.027890686811688575,-1.5766868771547447e-06,-8.524946191173192e-09,2.2110452239281763e-12
87,87,ES,9.142579407915574e-06,51,0.9015191324687122,0.027509189506171372,-1.1132217814030006e-07,-1.033751309953274e-08,2.842250044278641e-12
88,88,ES,9.927227448858311e-06,111,0.7954938370048296,0.028836899287128143,-5.061023514803235e-06,-3.6621345156928266e-09,-1.298475298893036e-13
89,89,ES,6.056699634716583e-06,41,0.8092849094467297,0.027896884210462842,-3.0899466252634876e-08,-1.2000781452718162e-08,4.115178413804795e-12
90,90,ES,6.25987747380376e-06,60,0.8133582222208922,0.028244660189395043,-2.181093755744816e-06,-8.778342125122409e-09,2.823413083921525e-12
91,91,ES,7.021870014656804e-06,27,0.5843625241375275,0.030571972137451026,-9.061244505541554e-06,-1.123092635705585e-09,-3.1178044327379066e-14
92,92,ES,9.405213916970886e-06,77,0.951365891633072,0.027502636568130137,-9.897647075717966e-07,-8.749057913691258e-09,2.1140874249536477e-12
93,93,ES,9.246334843478622e-06,76,0.9193616844273796,0.027561692334248322,-9.095970536922681e-07,-8.972664596584178e-09,2.2595605673148152e-12
94,94,ES,8.109234158012283e-06,71,0.9614594093254086,0.02736855831251274,-1.7619071707158148e-07,-1.030397752797559e-08,2.9995108782490864e-12
95,95,ES,8.695135831846632e-06,67,0.9159597051535763,0.027359131406426256,9.172591264243945e-08,-1.0453321949519708e-08,2.905460204285842e-12
96,96,ES,9.811672598106518e-06,62,0.9417741519519308,0.027455561904835772,-8.996076389360112e-07,-8.817862224589878e-09,2.189852123747414e-12
97,97,ES,8.804315925892137e-06,74,0.5601475837283129,0.030485789590907426,-8.790635120328368e-06,-1.0667674489772191e-10,-1.395304088861945e-12
98,98,ES,9.74397452373048e-06,66,0.9676178522994869,0.02732126974684715,-6.351602207102337e-07,-9.005662814876138e-09,2.1971639533885088e-12
99,99,ES,7.371429639797606e-06,38,0.5748220733317646,0.030487590187645432,-8.560957873149408e-06,-1.3737128870946847e-09,-1.6786606470341083e-13
100,100,ES,9.09042300475533e-06,64,0.98254058362499,0.02722402157093103,-1.1077137658188993e-08,-1.031121996316428e-08,3.0229839337791622e-12
101,101,ES,4.265863411902844e-06,31,0.32149367373681337,0.03193162525984316,-1.117622383157552e-05,2.262258080005709e-11,-1.241035034843098e-13
102,102,ES,9.990059456576108e-06,57,0.9559810483361894,0.02720074761836091,6.812889155676275e-08,-1.0203306754078267e-08,2.8710748229643685e-12
103,103,ES,9.561090308139405e-06,129,0.9175229242355052,0.027925106157120513,-2.5822802285072886e-06,-6.80092418349741e-09,1.396808862383923e-12
104,104,ES,7.17673918889664e-06,56,0.856113403465648,0.027728514590534183,-2.2205413667575643e-07,-1.086008091607451e-08,3.352578803438533e-12
105,105,ES,8.788400958399613e-06,79,0.932955322741656,0.027444067738754532,-2.4347318213092e-07,-1.0197644919365157e-08,2.8325366827999146e-12
106,106,ES,9.599544242834357e-06,23,0.33174416889949937,0.03170726318626255,-1.0041471875704548e-05,-1.2681489609190915e-09,1.2372771403556974e-14
107,107,ES,9.868985952640628e-06,232,1.0195033313286324,0.02705121629366946,-4.068944582067334e-08,-9.784815249774493e-09,2.6075398471224526e-12
108,108,ES,9.306980069674478e-06,40,0.1947192777885295,0.03328189600218388,-1.4270580288834688e-05,1.9840341806735035e-09,-1.2170058323390506e-13
109,109,ES,9.729376583115009e-06,69,0.9750642735500961,0.02732093500937528,-6.763680818228925e-07,-9.064279492873783e-09,2.3220814637997602e-12
110,110,ES,8.250316195670794e-06,33,0.10882642660943155,0.033055401348248505,-1.2370226990317117e-05,-1.8115469715888954e-10,2.286236513941234e-13
111,111,ES,8.51963294099494e-06,71,0.970384706556147,0.027266479559781252,-2.834413873136693e-07,-9.83328863031001e-09,2.7225659842775474e-12
112,112,ES,9.024270755001266e-06,59,0.9921238147082638,0.02712002952471651,2.184288472825257e-08,-1.0001821493016422e-08,2.7072567013436802e-12
113,113,ES,9.212116587686865e-06,63,0.9161784812515738,0.027822656171883897,-1.7340132651062435e-06,-8.54273135738553e-09,2.489290788037351e-12
114,114,ES,5.575543575655178e-06,43,0.19363672998776837,0.032643814233344955,-1.2269927227879791e-05,2.490746811659111e-10,1.3766754142935876e-13
115,115,ES,6.825824386991762e-06,35,0.2659034943154756,0.03256730947400103,-1.256520348704889e-05,5.041187308406536e-10,1.407611069134527e-13
116,116,ES,7.99613999586859e-06,67,0.9297317945300589,0.027675853693884478,-1.3056514345870972e-06,-8.922081381757486e-09,2.445495858632474e-12
117,117,ES,9.959608944489147e-06,109,0.7556673928383265,0.029185710511938,-6.165403847895643e-06,-2.2785808726179834e-09,-6.761290278962678e-13
118,118,ES,8.991873852159432e-06,86,0.9440444071513899,0.027349974035017825,-1.9763247358928262e-07,-9.853721386282636e-09,2.578960412969915e-12
119,119,ES,9.866881229335683e-06,60,0.9879739801604617,0.02715309153542297,-1.2375214577650785e-07,-9.630918619538619e-09,2.416084577554507e-12
120,120,ES,9.696612126164992e-06,81,1.0194721435413638,0.027063334620684876,1.945468837294894e-08,-9.932954305447572e-09,2.6820259259413955e-12
121,121,ES,9.572280500679532e-06,81,0.8795783832069178,0.02823964150740992,-3.456848814641488e-06,-5.685894702206347e-09,8.425232588687101e-13
122,122,ES,9.016571833586138e-06,28,0.10920136670924205,0.03303592461002411,-1.2403807409268297e-05,1.551978022349935e-10,-3.5996480744241494e-14
123,123,ES,4.630382979444676e-06,41,0.41142408570515004,0.03138161685518578,-9.715097668081831e-06,-1.2248178627982574e-09,-3.087210764731699e-14
124,124,ES,8.615259496454868e-06,67,0.9025872895997399,0.02785729826092303,-2.005939148865776e-06,-7.769561386918041e-09,1.8360976668883088e-12
125,125,ES,9.355316226498149e-06,67,0.9712361755130946,0.027325046236242538,-3.6671537385098387e-07,-1.0277524415647466e-08,3.2176080276763022e-12
126,126,ES,8.85856950105994e-06,65,0.9618928132716644,0.02724553751757298,7.408787004292713e-08,-1.023200548402985e-08,2.7428502041047686e-12
127,127,ES,3.6367508471756964e-06,41,0.479534387029767,0.031029997673284994,-9.009817884102285e-06,-2.115699945698614e-09,5.134634998082973e-13
128,128,ES,8.066294467984509e-06,35,0.16921033573704183,0.03291786446631133,-1.2412867553253523e-05,1.987638138284231e-10,1.3150404733670012e-14
129,129,ES,4.7150460563820576e-06,33,0.47784187924972793,0.03120696141938008,-9.774867568210741e-06,-1.4876651021881719e-09,5.207124909369508e-13
130,130,ES,8.445855870922878e-06,73,0.8879920299309241,0.027969531386344046,-2.0982393158999082e-06,-7.705242024985584e-09,1.7480090656742402e-12
131,131,ES,8.426768923904737e-06,71,0.9719829949789108,0.027247905398833507,-3.3713985739207114e-08,-1.0131052049014068e-08,2.7709259148825268e-12
132,132,ES,9.39499090108676e-06,62,1.0069093744237707,0.02717283766457011,-6.621604755438133e-08,-1.055479835559984e-08,3.3198230083008895e-12
133,133,ES,9.831200153648026e-06,61,0.9799183060462487,0.02717564245237931,-3.725802376899467e-08,-9.972266408299075e-09,2.6425763792384777e-12
134,134,ES,3.838003773311743e-06,32,0.24252067286459997,0.032351764055911926,-1.0568509264382873e-05,-3.014209765015832e-09,1.977255503765369e-12
135,135,ES,9.365744176007813e-06,38,0.1895984686838382,0.03242438077153311,-1.1432011913455863e-05,-6.907111721739952e-11,-2.3758986410428814e-13
136,136,ES,6.69020201632354e-06,51,0.5587095389684644,0.03085766525052243,-9.839657947320924e-06,-9.638560086123461e-11,-5.693366305878229e-13
137,137,ES,8.654553823845754e-06,66,0.9327347138014304,0.0274710926642273,-5.719115078963141e-07,-9.468031625323123e-09,2.4309749559202053e-12
138,138,ES,9.780399828610176e-06,92,0.7881926945860037,0.028696573530760286,-4.398484155152978e-06,-4.609492584479886e-09,3.577336792878327e-13
139,139,ES,9.523676506829992e-06,106,0.7728978560127717,0.02888938911608445,-5.046662097988473e-06,-3.783887438624738e-09,-1.6609310723429723e-14
140,140,ES,8.849766926412074e-06,57,0.9675494870989705,0.027261541985487872,-2.8043140800387832e-08,-1.0277573135942012e-08,2.863693509200958e-12
141,141,ES,9.725722963706399e-06,79,0.7536436712190309,0.02929621923866676,-6.525800347624451e-06,-1.9257900211721665e-09,-7.990641307410193e-13
142,142,ES,8.00616561925582e-06,27,0.2552474443103534,0.032624436741674555,-1.2417402851039931e-05,5.298237734171239e-10,1.866366001401412e-14
143,143,ES,9.912783144911551e-06,62,0.5938558500551854,0.030558733379624604,-9.71597948243841e-06,1.2141348131283617e-09,-1.7430584049975063e-12
144,144,ES,2.965736547850674e-06,39,0.38940700134171585,0.03153210001107256,-1.0075392426542441e-05,-9.949782023685325e-10,2.9532487893547785e-14
145,145,ES,4.7736871511717954e-06,37,0.28554874306754835,0.03231287341208486,-1.1743935433608822e-05,-1.679145121691824e-11,1.449751107036835e-14
146,146,ES,9.326275005301395e-06,72,0.9307162712516476,0.02773896438783926,-1.912793340550666e-06,-7.651319049125561e-09,1.7658904535127953e-12
147,147,ES,9.709402402096844e-06,62,0.9769479997915649,0.027161322393586464,4.8931029651992635e-08,-1.0180562763094649e-08,2.903093665863326e-12
148,148,ES,7.081366891020641e-06,57,0.9432106421795928,0.02741758951132546,3.3519803084792146e-08,-1.135290087870534e-08,3.795927191443943e-12
149,149,ES,9.914189910991117e-06,120,0.6863162361889102,0.029838045883173583,-8.095016405982422e-06,-4.634719448066405e-11,-1.6037450795744153e-12
150,150,ES,9.50363587726459e-06,58,1.0074052923474228,0.02711244128477543,3.085823631222931e-08,-1.051195023840362e-08,3.287339456238031e-12
151,151,ES,9.671867943834506e-06,80,0.6820953050880423,0.030087425134680566,-8.823904321993428e-06,2.532882518712523e-10,-1.3430736624780661e-12
152,152,ES,9.681251472597768e-06,68,0.9877736427242109,0.027109509176749085,1.4613633457207733e-08,-9.874467559881522e-09,2.6171806417320753e-12
153,153,ES,9.88226794628422e-06,113,0.810324865704303,0.028692353274054727,-4.66206864191736e-06,-4.1090532953748e-09,9.271883105910107e-14
154,154,ES,9.920352906685718e-06,76,1.0012325481775726,0.027100803157705116,-1.6341112471801888e-08,-9.715169525858438e-09,2.4635719364740736e-12
155,155,ES,9.572077135833812e-06,64,1.0130314036645534,0.027058073092191732,3.0755958702943134e-08,-9.893614201867746e-09,2.631699094210255e-12
156,156,ES,8.372622311709541e-06,41,0.592781385792239,0.03016877821976904,-7.311754006721871e-06,-2.5779847442554164e-09,-4.985268551445194e-14
157,157,ES,9.255298320363767e-06,69,0.9806222213892396,0.02746475475418436,-9.392775179047057e-07,-9.364195331053002e-09,2.735404007233312e-12
158,158,ES,6.709080678323695e-06,25,0.14496131521802338,0.0333148652148281,-1.3569557758865935e-05,7.075006239463317e-10,3.14100086984023e-13
159,159,ES,9.47183992816156e-06,67,0.9903524957303653,0.027136584627340758,3.440258981814604e-08,-9.900490937496225e-09,2.550004390710199e-12
160,160,ES,9.999461667537357e-06,63,0.6902950630086462,0.02984282896768903,-8.10007980834052e-06,-7.260330519302014e-11,-1.5856232245385725e-12
161,161,ES,9.606314603432819e-06,86,0.5537842497276967,0.03103801038744872,-1.146518128635141e-05,3.514988027518884e-09,-2.856962954095087e-12
162,162,ES,9.86159204295136e-06,101,0.7427110183043943,0.029457514937512082,-6.995742802468475e-06,-1.4702803494661464e-09,-9.397990071462336e-13
163,163,ES,8.653030986468477e-06,57,0.9748603713581581,0.02727010408202455,-1.27837332635531e-07,-1.028142515353534e-08,3.086360657539412e-12
164,164,ES,9.027584466908987e-06,67,0.9211313460286885,0.027539315443307753,-5.563854633447919e-07,-9.68217405366629e-09,2.5471770969487157e-12
165,165,ES,9.704511675783417e-06,67,0.9617888701637236,0.027216091373591808,-1.4654613461067476e-08,-1.0169218098914122e-08,2.915185528718298e-12
166,166,ES,8.735215308322776e-06,59,0.8590963293364486,0.02761100538998424,-6.65631802728633e-08,-1.1080752816129202e-08,3.6112357229767076e-12
167,167,ES,6.685606987880706e-06,31,0.5050395883788149,0.031030152302300443,-9.612496442936031e-06,-6.923925919989261e-10,-4.183996872683792e-13
168,168,ES,7.739676815366367e-06,55,0.9248522912010329,0.02742028163028813,-1.4603705950680313e-07,-1.0344071940052232e-08,3.0290678469195876e-12
169,169,ES,9.70105792285962e-06,61,0.925849208476697,0.02781014677634268,-2.1926247424630426e-06,-7.1279367848543196e-09,1.4099027983467934e-12
170,170,ES,9.044378248338928e-06,84,0.9270375034548558,0.02758289542049351,-1.0500431884549027e-06,-8.942094382165822e-09,2.379075863172227e-12
171,171,ES,9.954736544644347e-06,110,0.6984338587402399,0.029927936136045292,-8.532661280340391e-06,3.056965130760635e-10,-1.5619605366256281e-12
172,172,ES,9.274941118839755e-06,83,1.008754641160481,0.027128335060372974,2.7754133580290716e-08,-1.0180026556152644e-08,2.888198508378009e-12
173,173,ES,6.612527459586665e-06,35,0.44970506414917333,0.031529550012417314,-1.0903272866574195e-05,-1.0224387308077785e-10,3.460793017032795e-14
174,174,ES,9.92928927896016e-06,58,0.8765690527082174,0.027524665871613764,-1.7638283759597968e-08,-1.0757899258060502e-08,3.288438081273781e-12
175,175,ES,8.982437658248983e-06,38,0.7619285394133689,0.028496073304439193,-1.2493860580137438e-06,-1.1473254621426347e-08,4.442737653920171e-12
176,176,ES,8.336081951968001e-06,65,0.8448889549826003,0.027991206204826796,-1.7629797350546308e-06,-8.268307459671046e-09,2.0236615167836905e-12
177,177,ES,9.891018889934212e-06,65,0.9285934359937541,0.027402969957483352,-1.6546145411319416e-07,-9.959131415412303e-09,2.6267053240383532e-12
178,178,ES,7.28523349859583e-06,66,0.9706736999049689,0.027250723597410414,2.3219984101156884e-08,-1.0476917293503085e-08,3.1020075214829353e-12
179,179,ES,9.649918320724426e-06,53,0.8925050669648674,0.02756186185650836,2.9733959161787737e-08,-1.1216703097595173e-08,3.474646450938934e-12
180,180,ES,9.805980619451887e-06,68,1.0395491226320919,0.026939208759870426,4.355335527503629e-07,-1.0603824883160258e-08,3.058545267534009e-12
181,181,ES,5.925270021894316e-06,52,0.8699433311887931,0.02761790810782204,-3.7857414407744984e-08,-1.1076368830727855e-08,3.4576309574440623e-12
182,182,ES,9.893511230530956e-06,131,0.8836259973442283,0.028109394353632352,-3.0590557055656353e-06,-6.0058724464402076e-09,8.986528518708666e-13
183,183,ES,9.781492944411125e-06,64,0.9800796043486167,0.027160330001415673,1.162736698387456e-08,-9.90218214580322e-09,2.6155887173801174e-12
184,184,ES,7.1860087318229915e-06,66,0.9254901376960469,0.027414979131085284,-6.019840676494734e-08,-1.0724261867708468e-08,3.258473093543151e-12
185,185,ES,9.489996216260954e-06,79,0.9882366332181681,0.027113602412645037,7.873914691013676e-08,-1.0106161428276527e-08,2.8150129330772198e-12
186,186,ES,9.933219192758138e-06,111,0.796883911448217,0.028932244956341505,-5.5334058316660075e-06,-3.036585305444943e-09,-3.5147068039790987e-13
187,187,ES,9.903015674192818e-06,68,0.949459386664699,0.02753316667951749,-1.1672378479857513e-06,-8.465103510156575e-09,1.9339511447151824e-12
188,188,ES,9.190000246259115e-06,75,0.9078118016435373,0.027924247836241287,-2.343246922927356e-06,-7.251229883173305e-09,1.6476043414506437e-12
189,189,ES,3.0901971156269804e-06,42,0.38421192910480734,0.031621896428474634,-1.0699190267554393e-05,1.517764310767627e-11,-3.8916904105697796e-13
190,190,ES,6.965032317644704e-06,16,0.23232537596043643,0.032371978664007164,-1.1767928275189825e-05,3.508831509503126e-11,2.223277059167485e-14
191,191,ES,9.96480044629005e-06,204,0.8305331268205174,0.0287122387385535,-4.955644220763089e-06,-3.783907880477861e-09,2.097043143273247e-14
192,192,ES,8.668945126489386e-06,60,0.8603935649791931,0.02762367457724939,-2.5510767419855426e-07,-1.0475430417834918e-08,3.1074917956232864e-12
193,193,ES,8.803585351327968e-06,33,0.31459606822729025,0.031952162751637765,-1.1232173807724224e-05,-1.2004722380880572e-10,-3.6995437649684386e-14
194,194,ES,8.399115077618647e-06,48,0.9677151674338236,0.027318799613803686,5.6568025306470416e-08,-1.1245402273235992e-08,3.8907309991055295e-12
195,195,ES,9.023886088764872e-06,79,0.6668374176594167,0.029974247315122885,-8.287630405968738e-06,-2.0949228331167997e-11,-1.5284370239959124e-12
196,196,ES,9.9583212868068e-06,287,0.8232476078450286,0.02876677631843192,-5.147766029500889e-06,-3.5588694036419943e-09,-5.2173975907232574e-14
197,197,ES,6.038892918067545e-06,43,0.5032595863621488,0.030645729888397283,-8.561833960759985e-06,-1.698726235033012e-09,3.6734068290928473e-14
198,198,ES,9.74429994099757e-06,72,0.6763216123668286,0.02991221355374091,-8.251771506808493e-06,3.615913548618355e-11,-1.5963281119242492e-12
199,199,ES,9.882577549734225e-06,72,0.9786575238381495,0.027352295884481813,-8.901780732200019e-07,-8.737701423596157e-09,2.1234057649153417e-12
200,200,ES,8.927128851156173e-06,60,0.9203511882367197,0.027496237424594398,-5.012318092524218e-07,-9.878974093453418e-09,2.8843783858275387e-12
201,201,ES,7.439566624371687e-06,56,0.8733115238550535,0.027993791138606384,-1.5207223495470655e-06,-9.22639957980966e-09,2.768520398939377e-12
202,202,ES,2.9029065315622417e-06,32,0.23364878402102562,0.032503935329801045,-1.2079138255799183e-05,3.841210650540165e-10,-9.52982660185311e-14
203,203,ES,7.0524636689934195e-06,60,0.8989670122185096,0.027734889438928816,-9.32153608034208e-07,-9.773517901603882e-09,2.8715373804290095e-12
204,204,ES,8.077026995676432e-06,72,0.9630636403004591,0.027237156120193323,8.627305064549517e-08,-1.0711423812578411e-08,3.2710956171637303e-12
205,205,ES,8.145414567104689e-06,69,0.9807862318319894,0.027206273603033994,4.378764162342482e-08,-1.0339390637389834e-08,2.985453309137962e-12
206,206,ES,7.441909682266528e-06,73,0.9091756022987241,0.027782026901862475,-1.5924295485344827e-06,-8.693735287612307e-09,2.4909248024419563e-12
207,207,ES,8.212719066841605e-06,28,0.2639063229231495,0.032350437311601775,-1.1823148846476048e-05,7.144127631213069e-11,-4.3728230792910996e-14
208,208,ES,9.068369234581954e-06,62,0.936878584765639,0.027312834635264037,-7.462887256569933e-08,-1.0143978016842986e-08,2.8466771511397827e-12
209,209,ES,8.184264829122936e-06,52,0.9662404026273009,0.02737662081651217,-5.186692266154853e-07,-9.768110333954562e-09,2.8465125386325868e-12
210,210,ES,9.257842728676649e-06,63,0.9749507772707042,0.027280987967651802,-4.5606099905961036e-08,-1.0247521345245586e-08,2.8900691225318154e-12
211,211,ES,9.907920892389939e-06,63,0.9062064258296669,0.027684529245597826,-1.1808940786411863e-06,-8.597193033507902e-09,1.9582149316951082e-12
212,212,ES,8.780785075241022e-06,62,0.9678171327441285,0.02722339761997924,1.5262078426689846e-08,-1.023875676854205e-08,2.9271293560801478e-12
213,213,ES,8.572336305547179e-06,34,0.12136713488536748,0.032946162964482315,-1.219235768114459e-05,-1.1823581594057993e-10,1.6190464044904956e-13
214,214,ES,7.498145513212943e-06,60,0.9323164872125327,0.02755247264530394,-8.089064699562394e-07,-9.740452326259065e-09,2.913463691305004e-12
215,215,ES,7.392207858919266e-06,39,0.4677400185290194,0.03150963710948228,-1.0972931581189305e-05,1.7872721615299802e-10,-2.222229025145387e-13
216,216,ES,9.439742064765944e-06,60,0.981911272941363,0.027147435239144705,-3.368434804824442e-08,-9.826001729225079e-09,2.5775848848731648e-12
217,217,ES,8.139427477644731e-06,40,0.42634390096930497,0.031540600911796175,-1.0595185929435476e-05,-6.2429558290944e-11,-5.2547731060055e-13
218,218,ES,8.430040796306443e-06,62,0.6243028490162368,0.030186120248966088,-8.56977575269091e-06,-2.8440067400810454e-11,-1.4398939603369472e-12
219,219,ES,6.833405095268305e-06,55,0.961697185493891,0.02728908777121522,1.2568775999670878e-08,-1.0718167815923067e-08,3.3577923861513827e-12
220,220,ES,8.797071605680135e-06,55,0.9933778327668757,0.027161424270168297,-5.611994882224568e-08,-1.000801720006825e-08,2.737817794409905e-12
221,221,ES,9.070063872874544e-06,38,0.06534849503099749,0.03341554229668267,-1.315971511533749e-05,-1.760884928401848e-11,5.574587037401336e-13
222,222,ES,8.694948006172373e-06,71,0.8157192700195515,0.027805283908866624,-3.1898917703746036e-07,-1.1142223773279173e-08,3.739957935949881e-12
223,223,ES,8.089165345375773e-06,64,0.8641372008472753,0.0280972622132954,-2.510409204759087e-06,-7.227775141399431e-09,1.5867907051294063e-12
224,224,ES,4.667417297615419e-06,40,0.21710098757095617,0.03262755330405536,-1.2043710265051671e-05,1.0907427990479666e-10,-3.527352022956681e-14
225,225,ES,8.22833758963233e-06,64,0.9327798389057254,0.027349606414170228,1.9586099969934092e-08,-1.0407999724869254e-08,2.896709355954153e-12
226,226,ES,7.564331011710009e-06,67,0.9060435934249081,0.027648160760955293,-9.921055703619915e-07,-9.260200588029396e-09,2.516161335466064e-12
227,227,ES,5.099395331132231e-06,38,0.18998397759867036,0.03267142523701643,-1.214380490210652e-05,-1.9236078598764174e-11,1.8728480153605413e-13
228,228,ES,7.324234555082667e-06,60,0.9344644582479273,0.02736683041923131,-8.17037655424646e-08,-1.0332352179028972e-08,2.9485270532471973e-12
229,229,ES,8.103579358811482e-06,46,0.020215807903030986,0.03362610038701679,-1.3377317175179529e-05,-4.1389454408115515e-11,6.782435652532523e-13
230,230,ES,9.846865221020147e-06,71,0.9477512840757514,0.027297338864575773,-2.0270248832458804e-07,-9.791341239976932e-09,2.533849432413136e-12
231,231,ES,8.687255339613082e-06,69,0.9477612431644663,0.02752568948436804,-8.567408164713355e-07,-9.776337817319e-09,3.0196200722690596e-12
232,232,ES,9.717837906234977e-06,91,0.6918832711025938,0.029608155282138445,-7.119882972444138e-06,-1.3458156058395378e-09,-1.0676756545840587e-12
233,233,ES,8.31069405978043e-06,71,0.9186370199026075,0.02768293112709119,-1.3566913463816328e-06,-8.54074293700634e-09,2.104678206038666e-12
234,234,ES,9.943130245441039e-06,70,0.610784586395224,0.03025762889594784,-8.57797269503442e-06,-2.5228196164401984e-11,-1.5335852956756838e-12
235,235,ES,8.234866424260521e-06,78,0.6124466735124795,0.03035252206092738,-8.906678485877154e-06,1.226080863360095e-10,-1.3192051918493773e-12
236,236,ES,9.479138018032997e-06,56,0.9655207112647118,0.027203783442909107,-1.0052183114494878e-08,-9.937637425012117e-09,2.6362018716266414e-12
237,237,ES,9.007659821661434e-06,58,0.9289618243759636,0.02759594628377104,-1.2806723544596924e-06,-8.425043110370939e-09,2.0323455378603686e-12
238,238,ES,9.287224804253884e-06,71,0.6553398211595544,0.030171431121959778,-8.995332868808996e-06,7.220749256031014e-10,-1.7571545433061655e-12
239,239,ES,9.690532959681349e-06,73,0.9641968428944327,0.027563487391180454,-1.194404871988497e-06,-8.802377851080803e-09,2.3213617327316405e-12
240,240,ES,7.4643968831391996e-06,60,0.9524569003941157,0.027293018045425863,-5.427230755289108e-08,-1.0367592154054352e-08,3.051039140630579e-12
241,241,ES,9.719079096648147e-06,42,0.3362877817596154,0.031881935184499104,-1.1261710053960481e-05,-5.943028476128318e-11,1.4465804817693145e-14
242,242,ES,9.003806106069118e-06,40,0.28078070745242434,0.03198617846933018,-1.1053876933229138e-05,-1.891308117016157e-10,-3.645908145474977e-14
243,243,ES,9.923979423973108e-06,115,0.7083063517706922,0.02979666369395951,-8.163792427048274e-06,-1.4724837833037726e-11,-1.4979416860667132e-12
244,244,ES,9.94737212581631e-06,94,0.7059574718225893,0.02980610917974154,-8.198625445452668e-06,2.248473731847306e-11,-1.494245990722039e-12
245,245,ES,9.297402109814305e-06,65,0.9700589137788033,0.027185450807818506,-3.088424828478246e-08,-9.885363062109877e-09,2.6026997633499455e-12
246,246,ES,7.829972180793226e-06,78,0.6410746648465059,0.030136004382501334,-8.529001805776351e-06,-8.741937993755422e-11,-1.3515953474516009e-12
247,247,ES,9.613101962060822e-06,62,0.938128000604121,0.027638937072168468,-1.5685581854649058e-06,-7.892398000959443e-09,1.7045118259561204e-12
248,248,ES,8.468386877141403e-06,61,0.9034269497092479,0.027612336351967547,-8.606986201273253e-07,-9.493091722346533e-09,2.7514926198127313e-12
249,249,ES,9.431780928202065e-06,68,0.9906283581459394,0.027140776552519803,-1.952087056840564e-08,-9.815607648499309e-09,2.524367513273124e-12
250,250,ES,8.778657437053429e-06,40,0.9797355641156053,0.027248708536318725,1.470119913422974e-08,-1.1084493925961395e-08,3.77059742191731e-12
251,251,ES,5.7706651492486425e-06,35,0.4943776240362187,0.03112985837651647,-1.0149547646140515e-05,-1.6993313593788498e-11,-4.874446450680583e-13
252,252,ES,9.081249874224417e-06,65,0.9451585705723468,0.02734434883319382,-3.7735085993970764e-07,-9.675103604653813e-09,2.638424933837155e-12
253,253,ES,9.833120434546644e-06,67,0.9545629914364446,0.027348847253640392,-6.356009973457594e-07,-9.031744168499047e-09,2.1969751103125086e-12
254,254,ES,9.78684205129349e-06,55,1.0178466681526923,0.027139253922947172,4.672074517409043e-08,-1.0562150788962255e-08,3.2764606264829372e-12
255,255,ES,7.511755565393321e-06,65,0.956604362979835,0.02739581909664292,-3.8410221611645485e-07,-1.006729285983423e-08,2.927958158225968e-12
256,256,ES,7.194156478877487e-06,76,0.9566905043639027,0.027318390108096946,-2.1584219970803377e-08,-1.0485009210115551e-08,3.059830161654225e-12
257,257,ES,7.20089398745676e-06,33,0.3062835889516371,0.03230857351853191,-1.1775692341097242e-05,-1.978607755428769e-11,2.682370806312802e-14
258,258,ES,9.83534865562232e-06,67,0.9882318627660532,0.027130437824202266,5.060373608284535e-08,-9.89500209171372e-09,2.51569577192789e-12
259,259,ES,9.305609249389438e-06,61,0.9989752555807929,0.0272049006510613,-3.627956121402641e-07,-9.691375744531063e-09,2.7367020354271066e-12
260,260,ES,9.713634787479175e-06,75,0.9436961953673566,0.02769947903161895,-1.7735502952687151e-06,-7.891012078622447e-09,1.829101872130226e-12
261,261,ES,9.56703624165936e-06,85,0.9977705399253763,0.027086720604572376,3.918519725072622e-08,-9.845426053979787e-09,2.5574684361213802e-12
262,262,ES,9.90252454476816e-06,60,0.9550567448409766,0.027319712953608265,-2.037169270999662e-07,-9.814378716816037e-09,2.6090871107287536e-12
263,263,ES,7.05504215802181e-06,68,0.8724853994970341,0.027763414795213343,-9.670901246244363e-07,-9.558847163911614e-09,2.770927953777342e-12
264,264,ES,9.553399049548635e-06,57,0.9263180368140189,0.027340233571910757,-1.1444302537489518e-07,-1.0070708821695964e-08,2.728743507047562e-12
265,265,ES,9.720236267135907e-06,59,0.9741068023272282,0.027292701658313746,-1.6132092325140124e-07,-1.003853334689812e-08,2.710920996598374e-12
266,266,ES,8.169933606783263e-06,31,0.21445467732957063,0.03260201434332129,-1.1802613599843028e-05,-1.440216185076776e-10,-5.1109583119309786e-14
267,267,ES,6.375092121960024e-06,38,0.10377541577269501,0.03313986189601757,-1.26558573435751e-05,5.5679273018849607e-11,2.930956174444204e-13
268,268,ES,8.674286594440261e-06,74,0.9447411263005002,0.02756901962407176,-1.2614993531662935e-06,-8.528233059997041e-09,2.1310835084197824e-12
269,269,ES,9.174034273407961e-06,56,0.11640476242545417,0.03299870552238396,-1.266512709311746e-05,4.3374480287538835e-10,-2.1551009971407366e-14
270,270,ES,8.754181289410573e-06,55,0.8912167174218413,0.02772248713348416,-3.5337775985871806e-07,-1.0782806801276293e-08,3.3520729771957202e-12
271,271,ES,9.82597729363335e-06,111,0.6803045872784943,0.02984076049074877,-8.077834902813378e-06,-1.1685533029571323e-11,-1.631867394352487e-12
272,272,ES,7.54841276283718e-06,39,0.30201388741259694,0.032141585714609074,-1.1057402764040789e-05,-5.257529853479109e-10,-1.573850886203887e-14
273,273,ES,9.55969992280391e-06,58,0.9611930634621016,0.027253801200257076,-4.007417579018836e-08,-1.063633708126385e-08,3.3320379024563346e-12
274,274,ES,8.642184025246796e-06,57,0.9729874299275474,0.027262368842543447,-1.1779305252048162e-08,-1.0388791050926378e-08,3.0667918044291094e-12
275,275,ES,9.837343559916997e-06,144,0.7554484895665596,0.029130685767395626,-5.937930121993267e-06,-2.585500967528101e-09,-5.55859761146528e-13
276,276,ES,9.262675352734589e-06,71,0.9838282578341889,0.02717988873523126,-1.633317463561282e-08,-9.961582907129817e-09,2.6123631109244804e-12
277,277,ES,9.553722726371498e-06,76,1.003701707723814,0.027086067246704884,1.2390810743389333e-08,-9.83499895948666e-09,2.580959415945576e-12
278,278,ES,8.36595498285516e-06,74,0.7852226666297569,0.02870772839395878,-4.267230761689046e-06,-5.225810634191291e-09,8.248825875695565e-13
279,279,ES,9.536702113196286e-06,62,0.7999661547718633,0.0278335046583804,1.467058413066858e-08,-1.1700383819767854e-08,3.82720414150737e-12
280,280,ES,9.931095664733707e-06,74,0.9726938986630155,0.027439270907645783,-1.1896300514404106e-06,-8.319353545444267e-09,1.9336863791471435e-12
281,281,ES,9.204831910422977e-06,63,0.9589791118131781,0.02721947811216997,6.647060348182687e-08,-1.0144891874961004e-08,2.6920141681210125e-12
282,282,ES,9.400565488815704e-06,77,0.6747324104656848,0.030047685200963195,-8.348895543018466e-06,-6.150076740999815e-10,-8.480576545614557e-13
283,283,ES,8.87325985777525e-06,57,0.9828405035740414,0.027277506707648485,-2.5006374794858954e-07,-9.967939046407981e-09,2.769160109437542e-12
284,284,ES,8.960306067905286e-06,74,0.9458181951141927,0.0273782643632024,-5.159721886077014e-07,-9.364941690362627e-09,2.392400876773306e-12
285,285,ES,7.414101146953445e-06,60,0.9489643996575108,0.027326632255307536,2.7374104072864736e-08,-1.0611727673877005e-08,3.116771419057004e-12
286,286,ES,8.649876630495897e-06,72,0.98510649048118,0.027278486247203866,-3.752237720550815e-07,-1.0001746759297613e-08,2.9873754301547585e-12
287,287,ES,9.929968055754376e-06,64,0.9510472522401241,0.027439102867040002,-8.791642384661324e-07,-8.675001505319865e-09,1.973917697042662e-12
288,288,ES,9.124438090312388e-06,63,1.0014936450690217,0.027144466326725923,-1.1714932452788898e-07,-1.0099508330971075e-08,2.9540013943673093e-12
289,289,ES,9.968826005183296e-06,67,1.0103304678684852,0.02709038211507889,-1.4923636891449458e-07,-9.690130389222174e-09,2.5861651568809117e-12
290,290,ES,9.641711183972938e-06,65,0.9507849702248176,0.027282051755443786,-2.120902857846244e-07,-9.63579340686723e-09,2.441677908078824e-12
291,291,ES,9.385858757848627e-06,58,0.9408357487829864,0.027592411615865547,-1.3029321511744182e-06,-8.455103629252058e-09,2.106107360709024e-12
292,292,ES,9.190789574256368e-06,64,0.9998382248522892,0.027164220015831166,-1.6796670644431945e-07,-9.995818836398347e-09,2.8503538806997047e-12
293,293,ES,8.515462765648988e-06,65,0.9636488654752549,0.02720537182565521,6.415214970472837e-08,-1.0296515173856994e-08,2.8938876224447294e-12
294,294,ES,9.217473932999121e-06,81,0.6811684507275706,0.02986936489429526,-8.16617999834029e-06,-1.4877142861886786e-10,-1.3979591378647117e-12
295,295,ES,9.654536464854174e-06,70,0.9551692872565605,0.027258448408384622,-1.885863947137564e-07,-9.847742285648976e-09,2.645031263254436e-12
296,296,ES,9.128551654534509e-06,89,0.7886235823030564,0.028751393511420777,-4.452937359716622e-06,-4.6382884160988646e-09,3.532414719929562e-13
297,297,ES,9.17432499186815e-06,71,0.9422593167665576,0.027285680951947035,-8.282490938733459e-08,-1.0200901491213542e-08,2.9364568362011063e-12
298,298,ES,7.278740799121056e-06,46,0.38782605656264874,0.03152751440900456,-1.0354397152511034e-05,-3.4646878436347556e-11,-7.712129433831991e-13
299,299,ES,8.018857419329774e-06,66,0.6213273330634227,0.030185722807399645,-8.616634914332977e-06,7.612847177152901e-11,-1.4296287959245265e-12
