iteration,seed,algorithm,final_objective_value,n_iter_opt,x0,x1,x2,x3,x4
0,0,PSO,0.00029586089258478663,501,4.08497206272895,0.005115706823747818,5.012077285240941e-05,-5.232110017420209e-08,1.3216677265660743e-11
1,1,PSO,9.237905296361884e-06,231,0.994421440894526,0.02714671767135753,-1.2443111960003639e-07,-9.825187907599261e-09,2.6814505741937364e-12
2,2,PSO,0.00022273425129613962,501,3.900595359129178,0.006283912347013691,4.766749294519962e-05,-5.219597577349912e-08,1.4995939767133932e-11
3,3,PSO,7.607808448632646e-05,501,1.3901154216881233,0.025293476984084583,-1.276524502120479e-06,-1.3707409819973128e-11,-4.833181398767922e-12
4,4,PSO,8.875502580403186e-06,31,0.1767524217963338,0.03272436487013663,-1.2013996333122125e-05,-1.065074378463766e-10,1.0105035407846272e-14
5,5,PSO,5.012377461537844e-06,24,0.3551596051443094,0.03154056366589394,-9.956881185929283e-06,-9.61873716223193e-10,-6.741739605960911e-14
6,6,PSO,8.364916725215924e-06,71,0.3653456414790719,0.03098691548039756,-7.1713739999074136e-06,-5.3464415013052725e-09,1.9704729925146046e-12
7,7,PSO,9.999137360928491e-06,408,0.9044739296630548,0.028033761606306547,-2.942123391091146e-06,-6.15943670524405e-09,9.896584860991335e-13
8,8,PSO,4.7025280458532325e-05,501,1.2940678676360642,0.02610940592862087,-2.1685294732696874e-06,-1.4862145258230767e-09,-3.0704653032589725e-12
9,9,PSO,0.00023140058678397968,501,3.8053041789134614,0.006108700746910869,4.915553041758749e-05,-5.295055345322488e-08,1.4331477485282021e-11
10,10,PSO,2.53530800815517e-05,501,1.1693077966285206,0.02628506444485064,-2.0337165586484516e-08,-6.799201504105392e-09,9.821398498383417e-14
11,11,PSO,2.3257006318525494e-05,501,0.9390280023822074,0.0283019444929613,-5.898991893930643e-06,-2.483225048607444e-11,-2.591594576181169e-12
12,12,PSO,6.046663758039959e-05,501,1.569419540285046,0.023686165687986,4.324887203685411e-06,-8.061151189524704e-09,-8.801271103131005e-13
13,13,PSO,9.699062465125232e-06,211,0.9876667486317894,0.027189120198496414,-2.2247001633630505e-07,-9.515473881882076e-09,2.371819417830831e-12
14,14,PSO,9.207370692943548e-06,99,0.8614125577859517,0.028175966232517134,-2.972424152537241e-06,-6.353858646997686e-09,1.0877159700985021e-12
15,15,PSO,2.4157272363267962e-05,501,1.1806915155181483,0.026339424911564973,-1.8289659148121207e-07,-6.8579762343406405e-09,2.6981865755482045e-13
16,16,PSO,9.491285764279859e-06,135,0.9876187412006928,0.02717336325470029,-8.314524025122527e-08,-9.839400084400156e-09,2.6306253933677158e-12
17,17,PSO,9.914529743988671e-06,437,1.0095796147523992,0.027126409923226152,-2.7680921062645296e-07,-9.495899912250134e-09,2.4914208397877586e-12
18,18,PSO,9.165511715696319e-06,132,0.9461310486359542,0.027521100268917787,-1.150111849027496e-06,-8.768757023951595e-09,2.2949946997096596e-12
19,19,PSO,8.35038894085653e-06,43,0.43802653581521905,0.031572413333793306,-1.0971375891359641e-05,-4.824248400921055e-11,6.671587495441682e-14
20,20,PSO,9.501332931360243e-06,188,0.8814027548534583,0.028307632937970194,-3.603505526970555e-06,-6.017226544644449e-09,1.3093547422887555e-12
21,21,PSO,3.6294051812613385e-05,501,1.2985576593462111,0.02522919443694607,2.5448541529870226e-06,-8.915010896256191e-09,6.190905843573519e-13
22,22,PSO,9.498078446317855e-06,255,0.9648266315436843,0.027210706102383575,-4.7878662943371496e-08,-9.814505038420291e-09,2.509023668722604e-12
23,23,PSO,0.00040655760275862105,501,3.0968184023254803,0.015232311888899674,1.36877871701031e-05,-8.475457390900429e-10,-1.1095709686761082e-11
24,24,PSO,0.00016301804316364192,501,3.6216741903550016,0.007712012050701034,4.644502080667693e-05,-5.3517377258004714e-08,1.6366923584558375e-11
25,25,PSO,0.0003861924222092579,501,3.0438163608587394,0.015775699127293766,1.2340939222408864e-05,-1.8466969653761984e-11,-1.1027547507719602e-11
26,26,PSO,2.5150496922855147e-05,501,0.9969789015835341,0.027899870374366625,-4.960639534059143e-06,-8.215938777622512e-10,-2.3985766987234836e-12
27,27,PSO,8.814994498047851e-06,38,0.09570892696139682,0.03312555892551641,-1.2676386197210445e-05,4.5771033011003196e-10,-1.4465415245755705e-13
28,28,PSO,1.7819131769287173e-05,501,0.866049866137462,0.028798948161352488,-6.666907990330336e-06,-2.2474270765674736e-11,-2.2044633420193263e-12
29,29,PSO,9.964490058844756e-06,220,1.028056552174432,0.027034666210467836,3.679906344342519e-08,-9.974226286542086e-09,2.741613781600317e-12
30,30,PSO,6.277008536152495e-05,501,1.3868167687858206,0.025606974676589206,-1.9814563314499834e-06,-1.1904143286775929e-10,-4.246701508273159e-12
31,31,PSO,2.2647049612755332e-05,501,1.1452329854997982,0.026591434405163115,-8.169563846880861e-07,-6.566216681334023e-09,4.3292682221170677e-13
32,32,PSO,1.0148481948956121e-05,501,0.8244656162289675,0.028303728573117727,-3.0532791713070414e-06,-6.222155414992528e-09,9.363060100613478e-13
33,33,PSO,1.2737145359121109e-05,501,0.7703190735649251,0.02944521486753936,-7.72655718540373e-06,6.488214192766905e-11,-1.7419951833956066e-12
34,34,PSO,2.4947798139696112e-05,501,1.137804732700781,0.02639487772513179,-1.6251736280860887e-07,-6.851784408024168e-09,2.3229876344397294e-13
35,35,PSO,1.068805308221986e-05,501,0.9017894212190709,0.028006089816547886,-2.9249685826373907e-06,-5.9884644183688e-09,8.102044569891326e-13
36,36,PSO,3.1728417118881485e-06,293,0.9257329430109503,0.026947789863214836,3.0354957358552905e-06,-1.6954869317045233e-08,7.055095290792997e-12
37,37,PSO,0.0002633096022637341,501,2.9144512116839887,0.014699548178416868,2.124937050756864e-05,-1.6678521773553957e-08,-1.7491931488384685e-12
38,38,PSO,8.825761628397468e-06,66,0.15310818474864554,0.03275503888603545,-1.1946096279720953e-05,-2.763120024067567e-11,-1.1942085331212318e-13
39,39,PSO,1.122499164654756e-05,501,0.7399620048289083,0.02953748427244239,-7.647642447150193e-06,-2.126879601354452e-10,-1.6134141239095631e-12
40,40,PSO,9.84752067872491e-06,276,0.9995700716085718,0.027221579571399573,-3.4421573808476957e-07,-9.527208547540168e-09,2.4990187481915074e-12
41,41,PSO,9.777213251718072e-06,315,1.0062502067313173,0.02712375855317653,-1.3576080213148404e-07,-9.879094682916e-09,2.7884146054799e-12
42,42,PSO,2.8402493443168724e-05,501,1.2343209709403973,0.026050134678286797,1.472829341833232e-08,-6.55384686168842e-09,1.9014247434588416e-14
43,43,PSO,3.152182947739265e-05,501,1.064581711894047,0.027560281318800815,-4.803599066813894e-06,-1.2969260640638077e-10,-2.971701730037671e-12
44,44,PSO,2.7648670704282603e-05,501,1.1824842967321094,0.026224820832843627,1.8915585802177512e-08,-6.550975351437562e-09,-1.8462581863730992e-13
45,45,PSO,9.789766729193081e-06,160,1.0382400245111338,0.026845948009374867,6.389831523283105e-07,-1.0570980911221146e-08,2.883703435505932e-12
46,46,PSO,9.982545608387048e-06,253,1.013058533510786,0.027039777805367524,1.1555493964436108e-08,-9.755538995102917e-09,2.532136575988708e-12
47,47,PSO,9.69652209152179e-06,236,0.9621410921601302,0.027198565963899475,-1.0014537558696355e-08,-9.860894313277462e-09,2.5249607138111053e-12
48,48,PSO,3.11624084371098e-05,501,1.1493691792941663,0.02693319092272334,-2.8991427042336996e-06,-2.550397948580103e-09,-1.9196434038886274e-12
49,49,PSO,2.564647621263543e-05,501,1.1841811044208912,0.026241127807415953,-3.963778865675226e-08,-6.7428147530227505e-09,1.0752126958720611e-13
50,50,PSO,2.45965554739104e-05,501,1.129661539519005,0.02668711994944117,-1.2296037271801395e-06,-5.605158633543267e-09,-2.5970786626324637e-13
51,51,PSO,8.80628203940421e-06,46,0.7269763512221143,0.02821350071620211,-1.9067078874616413e-08,-1.2531931593816438e-08,4.4891324404514144e-12
52,52,PSO,9.994065495315329e-06,338,1.0020100176434108,0.027110459821917322,-1.328932529636604e-07,-9.535901120784091e-09,2.3944973426147643e-12
53,53,PSO,2.3873366496524704e-05,501,0.9633998557561876,0.028176604431024575,-5.618935037753298e-06,-2.174402214128779e-10,-2.5681709572656525e-12
54,54,PSO,8.404728800451852e-06,318,1.0099937208229335,0.0269767249970977,5.636836726855525e-07,-1.0964652289004777e-08,3.2665612215200492e-12
55,55,PSO,2.2899669938461022e-05,501,1.1539877987562428,0.02652516494769305,2.2476999172268302e-07,-8.508143482493962e-09,1.3448571754151e-12
56,56,PSO,0.000262778432603378,501,2.5939299345167797,0.01860809676706268,7.931188966904952e-06,3.788084235649725e-11,-8.869117391812596e-12
57,57,PSO,9.635958506339183e-06,207,0.43264687394232837,0.029689987779188933,2.1890226743313662e-08,-1.897949767730758e-08,9.963297362913799e-12
58,58,PSO,0.0001921336185768818,501,3.704945008383,0.007650363907786493,4.491408710750998e-05,-5.057744499667369e-08,1.4927724101710847e-11
59,59,PSO,2.851782546699305e-05,501,1.1134871756667952,0.02715656657939404,-3.302167019458992e-06,-2.4411032204968506e-09,-1.794326109764186e-12
60,60,PSO,9.779464294722392e-06,268,0.9847640594511345,0.02721011361295218,-3.405774269434294e-07,-9.337452257600472e-09,2.2991479623516855e-12
61,61,PSO,8.715331316944099e-06,127,0.6569652834187616,0.03009830500967197,-8.491553615350581e-06,-6.279931378361613e-11,-1.3774466552499861e-12
62,62,PSO,9.906334944699397e-06,353,0.9466653086121644,0.02761936863895258,-1.7034442379012468e-06,-7.69675469347611e-09,1.6707853971045098e-12
63,63,PSO,9.910682609636345e-06,205,1.0308070402778335,0.02696839925667609,2.0628993869118877e-07,-1.0221054596973058e-08,2.89741105163713e-12
64,64,PSO,3.513410633314941e-06,50,0.5403981355276694,0.029498584445439145,-2.5732910132979827e-06,-1.1339729404227655e-08,4.8325723687178416e-12
65,65,PSO,9.9983078550404e-06,42,0.6160681386569072,0.028646525658512577,1.3070650275565155e-08,-1.4084791792535183e-08,5.615810930889326e-12
66,66,PSO,2.297634533183228e-05,501,1.111595642861994,0.026678536642478066,-7.13152170157138e-07,-6.382923196770941e-09,1.7384793359934495e-14
67,67,PSO,9.210572767888817e-06,253,1.0145793149372582,0.02709948623078766,-2.1080083088218466e-08,-1.0134068891159498e-08,2.899872883936046e-12
68,68,PSO,2.8557941996223807e-05,501,1.2309723853497316,0.026070315834345575,1.5904747293402867e-08,-6.461605349905509e-09,-9.750959626360018e-14
69,69,PSO,9.637840208245829e-06,33,0.14159294209461326,0.032743784310645986,-1.2027729599879304e-05,2.1907701604931395e-11,-2.01225902601718e-14
70,70,PSO,4.3342412957202253e-05,501,1.1792825335588577,0.026817823859707855,-3.6694687422902736e-06,-1.6557182306249573e-11,-3.6266426877079256e-12
71,71,PSO,9.385096677519945e-06,38,-0.0457217951749377,0.03413678463086194,-1.4259474839770756e-05,-7.704332397278494e-11,1.3134942127358683e-12
72,72,PSO,2.7052707629209587e-05,501,1.2038557203279583,0.026141113204745537,3.619377589402173e-08,-6.654623245448194e-09,2.7768485763260844e-14
73,73,PSO,9.929180340725615e-06,30,0.015529813127656968,0.03363798311729006,-1.326278805853247e-05,-1.14538752599827e-11,5.056684706987902e-13
74,74,PSO,9.663926429678442e-06,247,0.9753451935363099,0.02721737974613314,1.095371511065877e-07,-1.0376342665098755e-08,2.8433913134845113e-12
75,75,PSO,9.871306770656779e-06,151,0.9653411089313899,0.02718516810177882,-4.3432448427701066e-08,-9.921675210557502e-09,2.6800408849354284e-12
76,76,PSO,0.0010798600948135543,501,4.1396763390845495,0.01247171811195811,4.49039459917628e-06,2.7636175545824424e-08,-2.934586772028375e-11
77,77,PSO,9.44778798254303e-06,27,-0.08382481145944277,0.034422117336009875,-1.4855540674100139e-05,2.929733864790092e-10,1.2676372754416208e-12
78,78,PSO,2.6500295520986e-05,501,1.1757194771085693,0.026222334139473585,4.617567071684538e-08,-6.743075449768584e-09,4.0132357235269403e-14
79,79,PSO,9.642662790135999e-06,211,1.0067074479446845,0.027136628427149864,-1.1068336282351415e-07,-9.771822600392103e-09,2.5804008946553158e-12
80,80,PSO,1.7591484057399823e-05,501,0.9551395832240316,0.027895861968692037,-3.822494905658458e-06,-3.4854200131552213e-09,-7.874465170625113e-13
81,81,PSO,9.625811865001711e-06,497,0.702484238277536,0.029784441316438814,-8.031893286616013e-06,-2.0302994095323473e-10,-1.4125462527415715e-12
82,82,PSO,9.824641057823901e-06,162,0.997368431586701,0.0271932895552355,-1.0841681496580443e-07,-9.8949919852572e-09,2.6569872310358032e-12
83,83,PSO,1.1669451844198052e-05,501,0.7633189050702897,0.029444400710721883,-7.474332706083194e-06,-4.804118099295806e-10,-1.4498698827561058e-12
84,84,PSO,7.100502513771129e-05,501,1.5335173835944935,0.024671903305930512,1.0379081379172766e-08,-1.9218198840382943e-09,-3.664853791046198e-12
85,85,PSO,9.225585028333297e-06,26,0.01087740682723409,0.03389521563109495,-1.3979414472263938e-05,-2.9857859556589164e-10,1.4835342967753207e-12
86,86,PSO,2.225814051223431e-05,501,0.997900973701765,0.027999492043150224,-4.981618254175268e-06,-1.7503015395791823e-09,-1.4375036889368876e-12
87,87,PSO,4.037390447803645e-05,501,1.1792498982265494,0.027082537778598516,-4.14713072462745e-06,-1.8903525389967148e-10,-3.2595662361229158e-12
88,88,PSO,7.217902631858388e-06,30,-0.011882767730361706,0.0339782494944775,-1.4519145144916833e-05,1.2798303731496454e-09,2.0576250987814685e-13
89,89,PSO,2.7112346663463283e-05,501,1.2176930341554768,0.026148125156378488,-1.1753242661853179e-08,-6.657638609343913e-09,2.831269930404958e-14
90,90,PSO,3.802296561355154e-05,501,1.1364343518814426,0.026361970442005306,1.0749264095612936e-08,-6.100647938838713e-09,-8.184889124372733e-13
91,91,PSO,9.282947339567217e-06,281,0.988325741118285,0.027287135128128196,-5.776830054444182e-07,-9.532098343150337e-09,2.7168207941862465e-12
92,92,PSO,9.519534626738088e-06,435,0.893033804372338,0.027932184590034877,-2.217430819963924e-06,-7.508385777895409e-09,1.8112507797345777e-12
93,93,PSO,2.3487754140048234e-05,501,1.1335102926754892,0.026586377816341433,-6.646238960268419e-07,-6.355785810837726e-09,1.0220184775448384e-14
94,94,PSO,4.0719405747095645e-06,30,0.4739323024502442,0.030833184166691844,-8.764064946584599e-06,-1.6291378098287903e-09,-2.994388170841774e-14
95,95,PSO,2.0503556320294658e-05,501,0.7808445704392124,0.02901079221629802,-6.694298194869645e-06,4.220059776505105e-11,-2.428749378003351e-12
96,96,PSO,6.7945731774172956e-06,60,0.4354430074074189,0.031540571951736686,-1.095828055060944e-05,-4.949217220751911e-11,2.200576505368907e-14
97,97,PSO,2.2725010180924365e-05,501,1.1430540020531832,0.0266235376091032,-9.070076205246278e-07,-6.201208448930592e-09,1.081951496788541e-13
98,98,PSO,9.837011284027321e-06,25,0.23946016568564665,0.03253502372687264,-1.173292755535565e-05,-5.757530212581346e-10,3.303942975452744e-13
99,99,PSO,9.880575371711327e-06,113,0.39977626920609277,0.029861805091706373,-1.8161149061379028e-07,-1.8816304241896164e-08,9.86193208233753e-12
100,100,PSO,9.86837100119584e-06,243,0.988743853306186,0.027179511684635893,-3.1584311373829183e-07,-9.389783926292681e-09,2.371026520628295e-12
101,101,PSO,9.532388076040137e-06,191,0.736526023850774,0.029343782241899336,-6.348875945232761e-06,-2.323956242445409e-09,-6.259072820287561e-13
102,102,PSO,7.895659316217964e-06,45,0.18917538159908462,0.03247489623187929,-1.132351661727361e-05,-5.340793659396135e-10,8.468388189517498e-14
103,103,PSO,8.64826326380571e-06,82,0.2340443004212592,0.03240915297791872,-1.1654999422549008e-05,-1.192638276610862e-10,-8.057594075855084e-14
104,104,PSO,1.8800678146363293e-05,501,1.1309970942129142,0.02654029292664469,-4.157232339256266e-08,-8.01720618139006e-09,1.219040309299256e-12
105,105,PSO,9.895861389016027e-06,380,0.9921362880808077,0.027256085865225252,2.5372903252516377e-08,-1.0560950488129085e-08,3.154858316201832e-12
106,106,PSO,9.858266615246923e-06,350,0.9798191636937944,0.027189550458298014,-2.3049776612068904e-07,-9.462896996249957e-09,2.3430899645410664e-12
107,107,PSO,1.014133487695649e-05,501,1.0179653649162048,0.02709841332844304,-2.396935795118406e-07,-9.60809900092499e-09,2.5917896717590838e-12
108,108,PSO,9.854627883627213e-06,313,0.7244084373436228,0.02967272786486147,-7.775353480729695e-06,-5.41911867728881e-10,-1.2417359872726905e-12
109,109,PSO,1.3128084348148715e-05,501,1.0309085170031032,0.02705497591860853,-4.55355710087504e-07,-8.510754866240576e-09,1.6668802649039943e-12
110,110,PSO,2.6662043739898327e-05,501,1.2236174981548817,0.026166978633690254,2.0575774044400057e-08,-6.920261774593645e-09,2.5417120717118214e-13
111,111,PSO,8.964903903343153e-06,49,0.7165317014513726,0.02970719893893072,-7.099627868524182e-06,-2.5719754807793917e-09,1.062432596140306e-13
112,112,PSO,9.986022710852185e-06,131,0.9813663343372996,0.027194165024813543,-2.9137169615346485e-07,-9.372475468000924e-09,2.305375764281153e-12
113,113,PSO,8.824355030126795e-06,49,0.9789603320385726,0.02699246113054661,8.542395725240934e-07,-1.1169319931559596e-08,3.1476478054367352e-12
114,114,PSO,2.677340370813696e-05,501,1.1974353195965663,0.026450975132314973,-8.458306760969058e-07,-5.9553868851447174e-09,-8.784606365773163e-14
115,115,PSO,2.4775993680592815e-05,501,1.1041384345401966,0.026552970550058563,-1.7645833318412555e-07,-6.910831624194837e-09,1.1378944046769007e-13
116,116,PSO,1.0404489130552465e-05,501,0.7989987425015227,0.028969268308852568,-5.8277700513530715e-06,-2.6487859110983115e-09,-4.531296541221297e-13
117,117,PSO,6.448696414904927e-06,40,0.014370431625491046,0.03393415502217615,-1.4812356880896671e-05,1.9010117193439482e-09,-1.0489307056361917e-14
118,118,PSO,2.9913102835511726e-05,501,1.1696529944015859,0.026458041077791258,-9.870085840256757e-07,-5.001234975297773e-09,-9.265284572319514e-13
119,119,PSO,9.965664555391457e-06,185,0.9951027509467835,0.027089285640613792,6.958118394685852e-07,-1.136893835760806e-08,3.3672670930520722e-12
120,120,PSO,3.201611865742066e-05,501,1.1857623319762824,0.026283020416016104,-5.604453306672241e-07,-5.253394723321149e-09,-9.864854176253964e-13
121,121,PSO,1.7316010939117123e-05,501,1.0052787162888468,0.027674796805719173,-3.288724492104312e-06,-4.5336231177351395e-09,-3.071094875664838e-14
122,122,PSO,2.433439259549618e-05,501,1.1759968245009083,0.02627832881714038,-2.114974934949835e-08,-6.987985323383215e-09,3.1597744808776863e-13
123,123,PSO,9.727080312119551e-06,458,1.0036795607949347,0.027101411926296084,-3.139067155453502e-08,-9.740182080454698e-09,2.4934482704247124e-12
124,124,PSO,9.676925013963422e-06,354,0.9906625077429033,0.02727198852620343,-6.223195598027406e-07,-9.071272074039818e-09,2.2703224215436595e-12
125,125,PSO,2.2095319890484433e-05,501,0.9154171340454006,0.028357728124843787,-5.805699070063027e-06,-3.988138738733471e-10,-2.3159307444118415e-12
126,126,PSO,9.879987645748266e-06,72,0.12054108515149255,0.03287903074609926,-1.2289317367684996e-05,1.3984219614253946e-10,2.3219676275004967e-14
127,127,PSO,9.660440315822808e-06,50,0.7925119297024972,0.028999388146917635,-5.678359500334882e-06,-3.214627200370624e-09,-1.220105383603853e-14
128,128,PSO,9.839576804912666e-06,44,0.4442999738988831,0.03141581792696423,-1.0751924396845595e-05,7.319299515054585e-11,-1.1316227482894693e-13
129,129,PSO,1.2869264624064865e-05,501,0.9940324863564047,0.026999151799559234,1.8349128832775776e-07,-9.448846813630307e-09,2.056036021139473e-12
130,130,PSO,1.516820472585141e-05,501,1.085701537687544,0.026722389739568187,-4.0723290411169896e-08,-8.708075773114632e-09,1.7825199441189532e-12
131,131,PSO,9.62504231610422e-06,226,1.017684930476385,0.027086680661231457,-2.338121441123745e-08,-1.0032499443006502e-08,2.78793811139033e-12
132,132,PSO,0.00011566042148247201,501,1.8411222883442577,0.022985832499970413,2.0121156806397435e-06,-8.119865170283688e-10,-5.524281161919053e-12
133,133,PSO,9.137027824576721e-06,332,0.9739252226786325,0.027234836101204633,-2.684285114221462e-07,-9.61131626674861e-09,2.525204749873195e-12
134,134,PSO,2.2784744393080343e-05,501,0.9527236039541501,0.028352325140300557,-6.123156112478763e-06,4.7033096093228614e-11,-2.4829354760482848e-12
135,135,PSO,5.85073484147527e-06,24,0.16454616853321913,0.03316286989067332,-1.3224913230522263e-05,1.2458889496280248e-10,7.409307333968614e-13
136,136,PSO,0.00015650142696151782,501,1.9731207945155733,0.02194495691219262,3.4810159974339393e-06,-1.3245426895626117e-11,-7.067147680989821e-12
137,137,PSO,0.0005630343130024267,501,3.956121410711655,0.009452330521040046,2.5871261796081653e-05,-1.0890079615320617e-08,-8.299199781520485e-12
138,138,PSO,0.0002119703302077805,501,2.360399620723327,0.0200038987515089,5.838339982572492e-06,-1.6156206241677802e-11,-7.75452492226351e-12
139,139,PSO,9.360957708670679e-06,395,0.7916578572761216,0.02887985562419288,-5.219116774061275e-06,-3.5410728062453477e-09,-9.798959207219334e-14
140,140,PSO,1.570407701208483e-05,501,0.8051309543787865,0.02911862383911746,-7.061297180810939e-06,-1.0399205903344188e-11,-2.118248519978524e-12
141,141,PSO,9.885475878389123e-06,252,0.9963648586856286,0.027213584085113512,-2.3797446103882888e-08,-1.0231255975974168e-08,2.852880909087227e-12
142,142,PSO,9.971404469183254e-06,251,1.0179958317282813,0.027084531166011696,-3.2779002232759174e-08,-9.829557468944184e-09,2.5938850655206717e-12
143,143,PSO,9.12774372811289e-06,54,0.9963163860642403,0.027106332764229548,7.20675423291636e-08,-1.0147765725712085e-08,2.7990544034458725e-12
144,144,PSO,9.785260945538158e-06,112,0.9123261890412038,0.027749903627601255,-1.8462044785081085e-06,-7.815927074923706e-09,1.8462016781908744e-12
145,145,PSO,9.861767832904181e-06,275,0.9903987678315028,0.0272616706694048,-1.6109772221155796e-08,-1.0488319995739787e-08,3.060009579384506e-12
146,146,PSO,9.423409811983266e-06,221,1.0702005535714454,0.026525673270100268,1.984794184435848e-06,-1.2985643410854451e-08,4.241529426646422e-12
147,147,PSO,2.6633069198327082e-05,501,1.134467041751686,0.02638458994001571,-1.4663002031781153e-07,-6.61038132937036e-09,-4.582751451108436e-14
148,148,PSO,3.3093279789784673e-05,501,1.284765542266756,0.02589432640433772,-1.0049875356349958e-07,-6.112123234264881e-09,-1.9701246604818787e-13
149,149,PSO,1.7175141974964917e-05,501,1.0662719891088293,0.02708378628294555,-1.2521902335054592e-06,-7.573757599000828e-09,1.5130417545194368e-12
150,150,PSO,9.63321802995372e-06,349,0.9815300313592871,0.027320795348226845,-7.311480147352519e-07,-8.921321122230223e-09,2.182169529239146e-12
151,151,PSO,8.911365998255222e-06,76,0.19647547680722321,0.03242977602064212,-1.1440390062554929e-05,-3.039039398786559e-10,8.056000496524433e-14
152,152,PSO,8.231553681040084e-06,21,0.05917595385306045,0.03372002614841863,-1.3738790395106378e-05,-2.9265702721478336e-11,9.862534857485496e-13
153,153,PSO,2.0845012805415593e-05,501,1.0588824208438785,0.02702750776648011,-1.3382648349097118e-06,-6.03592719525575e-09,1.437888999821103e-14
154,154,PSO,2.5282232270680214e-05,501,1.1667125111898482,0.026356707020547945,-1.1709189090778206e-07,-6.7650598391019655e-09,8.72185642318378e-14
155,155,PSO,7.968855068803346e-06,97,0.8617479994562908,0.02761341276538115,-6.928648748463343e-08,-1.1435247009778286e-08,3.931152066505832e-12
156,156,PSO,3.0275500470123196e-05,501,1.113223617817839,0.026883118340669105,-2.054820633700036e-06,-5.01238239784456e-09,-8.170909647271017e-14
157,157,PSO,9.742111210464077e-06,323,0.9863576870738356,0.027406455312576728,-1.0452122601929096e-06,-8.800518939438518e-09,2.310470802895248e-12
158,158,PSO,9.122446866603938e-06,18,0.48051675562785934,0.031446447130336556,-1.0866437614591178e-05,-8.148615792516196e-11,-4.3625118180275386e-14
159,159,PSO,9.8803231455214e-06,336,0.4232058000534162,0.02966187790738696,4.631655247591798e-07,-1.9602066505992208e-08,1.0171147403616685e-11
160,160,PSO,2.8271958379315348e-05,501,1.017583939303672,0.027610485136916503,-4.207810835338086e-06,-1.4348292944585488e-09,-2.3072766039762377e-12
161,161,PSO,9.739106990187654e-06,31,0.16754082927055142,0.03286046005272481,-1.2337905617855378e-05,-1.4649264294909832e-11,1.1652563738290774e-13
162,162,PSO,9.847047993270834e-06,314,0.9857673754377758,0.027128390092668417,3.577959162145119e-08,-9.909944976240702e-09,2.631430166664711e-12
163,163,PSO,9.366217102410419e-06,461,0.6545134883099009,0.030121792294353262,-8.408335078849038e-06,-5.499943550776366e-10,-1.0414759107617892e-12
164,164,PSO,9.913016902071839e-06,289,0.9145479978716992,0.027867964703362783,-2.367940361329362e-06,-6.835394121078623e-09,1.2467484717692515e-12
165,165,PSO,9.31265096018385e-06,208,0.6637038570568037,0.02995963354519528,-8.254607736134108e-06,-1.0124278688761843e-11,-1.5267883790588788e-12
166,166,PSO,2.107110479879094e-05,501,1.0665194184661129,0.02718556033940592,-2.374422550182214e-06,-4.711825801014833e-09,-3.821973966127103e-13
167,167,PSO,1.5123200062624823e-05,501,0.7490809827354249,0.029316265145896924,-7.222264121326778e-06,-1.8025785498557357e-10,-1.83198595871132e-12
168,168,PSO,9.793579097528546e-06,27,0.10672710378075888,0.03317158939095865,-1.2601655427035164e-05,2.7058574663027233e-11,1.4917088681970202e-13
169,169,PSO,9.12206990424235e-06,228,0.9004054847790697,0.027541189045343202,2.9208099137679092e-08,-1.1378039603948934e-08,3.9016801087120315e-12
170,170,PSO,4.232616123990258e-05,501,1.1150195709251027,0.026964123392657028,-3.518375509544462e-06,-5.979159901131018e-10,-3.2930226937015726e-12
171,171,PSO,6.677805309656328e-06,31,0.135123286257853,0.03294331077697391,-1.2436570301043402e-05,2.9481722452747924e-10,-8.110786050466569e-14
172,172,PSO,6.398292367231827e-06,88,0.2986014091168773,0.03193454755045845,-1.0917583126010083e-05,-6.160440823901895e-11,-4.4430709273115e-13
173,173,PSO,2.3249107760485397e-05,501,1.1483540024242376,0.026684518790449984,-9.140409781902231e-07,-6.4571314581066836e-09,2.828632260759641e-13
174,174,PSO,9.39018459519485e-06,74,0.48398496687064074,0.03135951062542702,-1.0810944106563308e-05,-2.306783171222407e-11,-3.6803533637696986e-14
175,175,PSO,7.402022722633074e-06,60,0.6534169841894227,0.030087970427344554,-8.046387477576934e-06,-1.7675292820326552e-09,-1.0598084235728253e-14
176,176,PSO,2.020785781467479e-05,501,1.172721429018294,0.025980579652600738,1.6334183580192268e-06,-9.702106642672723e-09,1.6917461173233272e-12
177,177,PSO,9.7230459141138e-06,24,0.17873045344777677,0.03252439208350108,-1.1790751770313448e-05,1.1642365537607279e-11,2.107881759730005e-14
178,178,PSO,2.030198167330757e-05,501,1.1303895277068154,0.026558508694683826,-9.083694416656473e-08,-7.71853938715324e-09,8.447137557121183e-13
179,179,PSO,3.1010295547213116e-05,501,1.1321601251450342,0.02695323949182528,-2.8526248800624963e-06,-2.6596189210975517e-09,-1.893948474796099e-12
180,180,PSO,9.984840542291034e-06,468,0.8282251116835115,0.028657267765735208,-4.707658712878578e-06,-4.089613997148126e-09,1.064682676614219e-13
181,181,PSO,5.2603219108670555e-06,46,0.10798447101365674,0.03337996143037133,-1.3311148017550521e-05,1.1574100208333566e-10,7.099772875467225e-13
182,182,PSO,9.44539439732213e-06,348,0.9609218546370529,0.027214426223699,-5.4928974061165923e-08,-9.86215791007232e-09,2.5650101659485183e-12
183,183,PSO,6.254822786527727e-06,25,0.2062405735607622,0.03243178913341325,-1.1391879215537995e-05,-7.197333289658511e-10,4.609942258340608e-13
184,184,PSO,9.848905051719312e-06,242,1.0036535815780594,0.027091205612296897,-2.706098929216659e-08,-9.720974049671579e-09,2.4684066411688268e-12
185,185,PSO,1.3705287406095839e-05,501,1.0179515612625591,0.027181650041531703,-1.047479993301173e-06,-7.589322237744554e-09,1.2283161227438638e-12
186,186,PSO,2.604290994746631e-05,501,1.145105840131974,0.026339600125741165,1.2250358287518057e-08,-6.8153448028714045e-09,2.753933820241957e-14
187,187,PSO,3.1737357324273704e-05,501,1.1522311422902358,0.02630254364484411,9.031894730938845e-08,-6.677681563109734e-09,-2.785563521413254e-13
188,188,PSO,9.026504364243392e-06,63,0.5288458167479546,0.031078965203778286,-1.0400672142755333e-05,5.273943164581319e-11,-2.715894495352554e-13
189,189,PSO,9.946957118866072e-06,201,1.0974984352787474,0.026169431986938576,2.761444486619533e-06,-1.3150444811737135e-08,3.983284111475434e-12
190,190,PSO,6.637665901562018e-06,22,0.16926971110950173,0.03308576153847559,-1.2964720247635364e-05,-1.0768624385038944e-11,7.874032193085799e-13
191,191,PSO,2.8758123243521455e-05,501,1.2310502283321398,0.026081845701088333,-8.938953208468931e-08,-6.304791737689189e-09,-1.7886927122577773e-13
192,192,PSO,1.937322162110009e-05,501,1.0887336059862809,0.026917010040132257,-1.2237204215742145e-06,-6.345346211667651e-09,3.3815224441214916e-13
193,193,PSO,4.0196741969967094e-05,501,1.3304273738392707,0.02561601558109154,5.822057503337034e-08,-5.023634616876027e-09,-1.2621776055882723e-12
194,194,PSO,9.866005462611366e-06,325,1.0081484262448765,0.02706135043909565,-1.2664801421385943e-08,-9.756399392626467e-09,2.535440445933599e-12
195,195,PSO,8.81977659987678e-06,30,0.5384012895176015,0.030586945639427526,-8.92550450538023e-06,-1.1240157988654187e-09,-1.239313525829572e-13
196,196,PSO,2.513940970039321e-05,501,1.1900301767312815,0.026265409055420092,-1.415812799953159e-07,-6.736925728993856e-09,1.7072964660250696e-13
197,197,PSO,2.2792943144320544e-05,501,0.8838350223178247,0.028530238805572115,-6.005672876066466e-06,-3.2365461887883104e-11,-2.680296968439648e-12
198,198,PSO,5.396400418344717e-06,48,0.6353761883291552,0.030061757692120643,-7.703037747692105e-06,-2.080037908610743e-09,-1.4646675045800723e-14
199,199,PSO,9.19007421354752e-06,38,-0.01796671217025098,0.0338966770504945,-1.37925858102804e-05,1.0752875824614456e-10,7.941977857283514e-13
200,200,PSO,8.593135011082877e-06,60,0.11949286570536177,0.032912461014895325,-1.225179569484331e-05,-2.5098121781733507e-11,1.0595922134882381e-13
201,201,PSO,1.9958856070130604e-05,501,0.8904806752197197,0.02865002070622637,-6.44361803404455e-06,1.922127468948113e-11,-2.395634378258196e-12
202,202,PSO,9.895742291666457e-06,35,-0.08594037360084142,0.034622162850293715,-1.625045188779424e-05,2.685832155687338e-09,1.392040954593538e-14
203,203,PSO,9.930372856030442e-06,351,0.942682039520232,0.027557245776523093,-1.338667657692248e-06,-8.108481702493907e-09,1.7478464877771031e-12
204,204,PSO,9.966929914902049e-06,144,0.4087601199103194,0.02979271024431658,5.030046442315097e-08,-1.8947321441037136e-08,9.76611860260419e-12
205,205,PSO,2.7244602153404076e-05,501,1.162549307096392,0.02626414595408846,-3.84171502365541e-08,-6.586109186781754e-09,-7.062856334213185e-14
206,206,PSO,2.731117543988483e-05,501,1.0526522022420282,0.027558833005921525,-4.179183172852574e-06,-1.5310490973151143e-09,-2.2130549465372315e-12
207,207,PSO,9.57024953598965e-06,49,1.0114478733522625,0.027084771195491936,-1.3127340936505979e-08,-9.851985800047689e-09,2.6159038530585997e-12
208,208,PSO,2.3194114455152887e-05,501,1.1277127006104994,0.026468344255229738,-6.010939995262767e-08,-7.133960547853233e-09,3.207721095052902e-13
209,209,PSO,8.866132765606639e-06,209,0.7622629891039372,0.02907554417520915,-5.611489657600118e-06,-3.2349899276124107e-09,-1.9262570649115357e-13
210,210,PSO,3.608471247026534e-05,501,1.1519505033123913,0.02711658068084596,-3.854907655464382e-06,-1.355073947793597e-09,-2.388068433242462e-12
211,211,PSO,9.40820308602575e-06,35,0.046399974068799345,0.03340255098424074,-1.3027284945640548e-05,6.972357229461614e-11,5.039821960148788e-13
212,212,PSO,9.941165697766042e-06,72,-0.013388463583995097,0.03398019505833608,-1.3875089053474025e-05,-2.007472263736649e-10,1.025424103293521e-12
213,213,PSO,2.782451074141876e-05,501,1.1995921332610093,0.026170412751457817,1.3404368147163095e-07,-6.7646603621194e-09,1.5703140189501014e-14
214,214,PSO,2.6122499967113786e-05,501,1.4461903794005015,0.024276109221593623,5.813224566730086e-06,-1.4649384414182406e-08,3.967272269452377e-12
215,215,PSO,1.8160811074671142e-05,501,0.9902100858255091,0.027455145852592743,-2.226024305433031e-06,-5.548824309500644e-09,3.424931298025034e-14
216,216,PSO,9.916411486687311e-05,501,1.6592640052717318,0.023938488695484574,4.265039083720535e-07,1.3845409925588909e-11,-5.521810352038599e-12
217,217,PSO,9.901975521627428e-06,335,0.992803076180676,0.027209069786196263,-2.567820108478e-07,-9.548147232067027e-09,2.407335905371761e-12
218,218,PSO,0.00023901303174026073,501,4.555036262029279,0.00036392465078170983,6.584100259006971e-05,-7.418312294381561e-08,2.3944165388056963e-11
219,219,PSO,4.099165266290092e-05,501,1.2570566319849703,0.0258385960392425,-2.1090178458919511e-07,-4.574040207323424e-09,-1.6410041311196616e-12
220,220,PSO,0.00032590030930858055,501,2.965823122940264,0.01570065004137734,1.4951941677557108e-05,-5.807219190263123e-09,-7.539198502158302e-12
221,221,PSO,2.647035458528793e-05,501,1.2020877213653216,0.026190681743982147,1.0162056791385185e-08,-6.7428805017541196e-09,5.2097695500499136e-14
222,222,PSO,2.3991174658767942e-05,501,0.9249423824490949,0.028309042039220134,-5.628787667161352e-06,-2.638128381719684e-10,-2.656180600381752e-12
223,223,PSO,3.7660904914255398e-06,17,0.2454106556985317,0.032503168297256475,-1.1921612907943209e-05,8.026067319070571e-11,-1.0791580931809885e-14
224,224,PSO,9.76010538057729e-06,42,0.5920807026171584,0.03071350703143739,-9.838338424789662e-06,1.3282166088776558e-11,-5.503435056147573e-13
225,225,PSO,9.677918567064535e-06,433,0.9816386663407077,0.027223708895182646,-8.247341550586377e-08,-9.891554047482692e-09,2.564531014844003e-12
226,226,PSO,9.953289165915965e-06,104,0.05045185622850197,0.03335538217663711,-1.302043111271308e-05,4.594506818862794e-10,1.8060969852358576e-14
227,227,PSO,1.1095991352011872e-05,501,1.0112397447999055,0.027010672647101566,-1.3653478653961758e-08,-9.55728828158249e-09,2.3992073261406428e-12
228,228,PSO,0.00012868563255776552,501,1.8998269506650556,0.022934942744481067,1.2320620324112978e-06,5.305946766336721e-10,-6.055733955172598e-12
229,229,PSO,3.2455894944200466e-05,501,1.2915130320862975,0.02592029401175176,4.7039726809475065e-08,-6.509098895519317e-09,1.15090703357848e-14
230,230,PSO,6.4458605250135e-06,21,0.3157028255463475,0.032019212992055394,-1.1239287801114133e-05,-1.1989451063108025e-10,5.6056845251910667e-14
231,231,PSO,9.208958462884735e-06,33,0.19899574980000054,0.032347418867449206,-1.1025673224556745e-05,-7.583223982152049e-10,5.533172801905901e-14
232,232,PSO,9.204044242045081e-06,484,0.9969658403660764,0.027099739051744256,5.042131042372632e-08,-1.0033816268960855e-08,2.7590005801998562e-12
233,233,PSO,2.381809911901472e-05,501,1.138893341776896,0.026513295528317143,-5.534220786244281e-07,-6.446542728887063e-09,1.2756232600030902e-13
234,234,PSO,0.0002815347933700355,501,4.207108001481093,0.004546101477012509,5.061356070236132e-05,-5.320906085587114e-08,1.4361207763450027e-11
235,235,PSO,9.680744523952229e-06,57,0.6989926885560077,0.029886034150965284,-8.303125348409649e-06,-1.473186348476779e-11,-1.4506674051356694e-12
236,236,PSO,9.542568123669505e-06,309,0.9888943217763376,0.027158945789473022,-3.015550724258435e-08,-1.0254102077116905e-08,2.9704858915289474e-12
237,237,PSO,3.0449357517020958e-05,501,1.2254887431401762,0.026049089388292507,2.3591436826873268e-08,-6.1475345871925214e-09,-4.627011077206676e-13
238,238,PSO,8.860661555907096e-06,48,0.8582211794389301,0.02795953953194354,-1.9284276210063415e-06,-7.979784683418698e-09,1.957023249998681e-12
239,239,PSO,4.785521008141914e-06,32,0.18662662184400777,0.03278598739932384,-1.231538681149801e-05,2.833108288981325e-10,-5.545618678215723e-14
240,240,PSO,4.2113765691900903e-05,501,1.3076602793498322,0.02565769675020443,-3.722814670308162e-08,-4.564259947620393e-09,-1.6954750959641799e-12
241,241,PSO,6.4947040066211e-06,45,0.41806282530219807,0.031601654919051224,-1.1032936201158686e-05,2.2802748287198456e-10,-1.8268166808130734e-13
242,242,PSO,9.372221464583254e-06,492,0.9583940613573139,0.027565866192117594,-1.3922992367504688e-06,-8.350446789723125e-09,2.043564495149421e-12
243,243,PSO,1.0042632333797208e-05,501,1.0706541879905453,0.02670967785275061,1.0272945211697562e-06,-1.140249143062838e-08,3.483239963481123e-12
244,244,PSO,9.980050602921058e-06,376,0.7366865080627101,0.02945938853423162,-7.052912260763091e-06,-1.4174345783113516e-09,-9.323417063135974e-13
245,245,PSO,3.262917626917304e-05,501,1.2344732267747152,0.025868221416425842,3.975966929205658e-07,-6.538822356219747e-09,-2.2625325206821962e-13
246,246,PSO,9.224572870082851e-06,108,0.9872763942680323,0.02716342365146939,-1.1522944681924306e-07,-9.814762210287563e-09,2.6481710126317416e-12
247,247,PSO,9.99455115622819e-06,331,1.0130148970286228,0.027122820477425317,-1.9905477484870947e-07,-9.581248549554901e-09,2.4720986299446623e-12
248,248,PSO,1.282197753442467e-05,501,0.8056539924615518,0.028988290545643097,-6.1965995244824976e-06,-1.5568798156082662e-09,-1.2569761992278517e-12
249,249,PSO,5.415985895479816e-05,501,1.4068378658991783,0.025197610554522507,1.0609751383810686e-08,-3.3760084672326158e-09,-2.579733501690835e-12
250,250,PSO,2.418661237454185e-05,501,1.116057059836642,0.02655658199429803,-4.7449366240900733e-07,-6.485227828413634e-09,1.505663669355663e-14
251,251,PSO,9.076818404659515e-06,142,1.0016878029990186,0.02710827305359332,-1.4811089364320633e-08,-9.955644877310093e-09,2.7124983661083455e-12
252,252,PSO,0.0003183210958670542,501,3.0681334507735283,0.014907679310791835,1.6999327693797622e-05,-9.249507106115333e-09,-5.371304479985014e-12
253,253,PSO,9.250488737460848e-06,301,0.9905322294265423,0.027154304773608712,-1.0168010244668516e-07,-9.95310526734666e-09,2.7471081656373185e-12
254,254,PSO,9.872295483164197e-06,257,0.9297637428402484,0.027848731848133624,-2.4044825449485984e-06,-6.911013315755968e-09,1.385356116687848e-12
255,255,PSO,2.802798420229607e-05,501,1.1768084074664993,0.026283043720729805,-2.202247219450795e-07,-6.223347358015064e-09,-3.3685736397651813e-13
256,256,PSO,8.075431236725604e-06,35,0.1649393917053015,0.03264062706474519,-1.1905555794534332e-05,-3.860523645480017e-11,1.1266397606778192e-14
257,257,PSO,9.880911465216272e-06,274,1.0242151311025551,0.027067944988798925,-3.144321655072845e-08,-1.0024561823661908e-08,2.809735161912156e-12
258,258,PSO,1.570472747435534e-05,501,1.0333331435894124,0.027343764543179338,-1.9833135464348887e-06,-6.277803007467445e-09,6.861502457243872e-13
259,259,PSO,9.570364819076468e-06,58,0.09715196743166922,0.03309791340487539,-1.2467269589262472e-05,1.2971534167211623e-10,1.29693510386484e-14
260,260,PSO,2.8864331575904442e-05,501,1.1928178200764434,0.02604730969453559,5.261337155367266e-07,-7.018274701339954e-09,-3.878304678536611e-14
261,261,PSO,0.00016624597976699226,501,3.340902424520174,0.01043147812468967,3.761891131659773e-05,-4.242949359950625e-08,1.1703836611428331e-11
262,262,PSO,1.5791312662291218e-05,501,1.0334539481210587,0.027347224423805553,-1.9933956558455547e-06,-6.416582577226496e-09,8.308460828103577e-13
263,263,PSO,1.3779582036733154e-05,501,0.8139541035396523,0.02870557088497304,-4.910087270028509e-06,-3.22551775289373e-09,-6.560371915095832e-13
264,264,PSO,2.8640088939303252e-05,501,1.2469183704547995,0.026061341613971032,-1.7654173734709377e-08,-6.584472248179586e-09,4.521563698559593e-14
265,265,PSO,2.6719397090400888e-05,501,1.1626184919297087,0.026287811822136783,1.0304684022452968e-08,-6.709597313827308e-09,-6.526821725842223e-14
266,266,PSO,9.997898628026052e-06,411,1.025980351750452,0.02701033182788958,9.375638996603907e-08,-9.988970352741262e-09,2.7361444206573747e-12
267,267,PSO,1.1450652017976391e-05,501,1.0199395843713108,0.027037880157404177,-1.5623724992863502e-07,-9.181225291205578e-09,2.0816679841127653e-12
268,268,PSO,7.592900686215647e-05,501,1.5594762723037923,0.024566602004809222,2.5349046688301996e-08,-1.548849391484617e-09,-4.043060308076889e-12
269,269,PSO,3.4489190721787e-05,501,1.125979562334842,0.027236194635416346,-4.228830391232246e-06,-4.802466383534747e-10,-2.9278535261002046e-12
270,270,PSO,9.65913811810773e-06,44,0.16464279685269287,0.03272740142266373,-1.1897246308742114e-05,-2.593620375807521e-11,-5.112477500613038e-14
271,271,PSO,9.833777750618224e-06,150,1.020324250245962,0.02706542414730659,-2.0977267687354355e-08,-1.001690190500699e-08,2.795080871823683e-12
272,272,PSO,9.5873815463998e-06,397,1.0022152180722872,0.02717938935818778,-1.6601417884302884e-07,-9.81301308602504e-09,2.616513486788071e-12
273,273,PSO,4.771047232573337e-06,45,0.35550357056940557,0.03182625436547217,-1.1099530482735601e-05,-1.0268260155905706e-10,-8.947203453058e-14
274,274,PSO,1.90344042753144e-05,501,0.9710988483529259,0.028019427076096465,-4.5605934655803085e-06,-2.6850577013875817e-09,-9.52349096038683e-13
275,275,PSO,1.8721190352372363e-05,501,1.1518593571003402,0.026510156428534614,4.420290119955627e-08,-8.386823624708751e-09,1.4971962167800467e-12
276,276,PSO,2.586385832406561e-05,501,1.1618865521928203,0.026329457886416118,-7.326059247524117e-08,-6.685604983265113e-09,-1.570541776331187e-14
277,277,PSO,9.214894568671374e-06,31,0.042664476409597814,0.03344926762868112,-1.3153181917084706e-05,4.1885843719623664e-10,1.1837103244101262e-13
278,278,PSO,2.156311268218847e-05,501,0.8558100879210003,0.02871943003171089,-6.347399461446188e-06,1.3668946618876738e-10,-2.677673432643189e-12
279,279,PSO,5.1905133099427125e-06,31,0.30974241761328697,0.03225534457559763,-1.1669370825994728e-05,1.0259734234260582e-11,4.4108582318161125e-14
280,280,PSO,9.826921946408111e-06,266,0.8160042389613932,0.028815382004416627,-5.236215079652815e-06,-3.521688880510733e-09,-5.676584222595718e-14
281,281,PSO,1.1996513089540615e-05,501,0.8547536483459579,0.028571156512748202,-4.937809944336959e-06,-3.317641003176299e-09,-3.746338105047559e-13
282,282,PSO,4.1841698424288125e-05,501,1.1049762637012936,0.02632774823554539,8.058236911037108e-08,-5.921412861816835e-09,-9.971282003026986e-13
283,283,PSO,9.487532721505942e-06,203,0.7835185856756912,0.02902870774198737,-5.682712438738087e-06,-3.0724026249237355e-09,-2.6245556684461116e-13
284,284,PSO,9.912689015553863e-06,182,1.0030411376630959,0.027237709723428646,-5.884126141995889e-07,-9.298516330724455e-09,2.50139525768183e-12
285,285,PSO,2.986202051839569e-05,501,1.2425232038263803,0.026050243137398923,-1.022729957445274e-07,-6.144980596202121e-09,-3.06657608001318e-13
286,286,PSO,9.895904688765709e-06,151,1.0063678444756534,0.02701314194968281,2.5932477673059083e-07,-1.002844721181565e-08,2.5752159285079107e-12
287,287,PSO,8.977840824255655e-06,25,0.280828603875163,0.03191600623238841,-1.056046436497425e-05,-8.17932386739975e-10,-1.3254982525487922e-14
288,288,PSO,1.219092396359259e-05,501,0.7506582290979555,0.02945384239791587,-7.557535447847499e-06,-8.099201686388834e-11,-1.7552408691805721e-12
289,289,PSO,9.471623631779326e-06,304,1.0159812917969084,0.027093894496749704,1.4911946385517726e-08,-1.0288201231712057e-08,3.076422789195788e-12
290,290,PSO,6.553303170336294e-06,127,0.19090892517201014,0.03275235723752804,-1.2254279446989208e-05,1.683599739284525e-10,-3.639586486604302e-14
291,291,PSO,9.9897774695528e-06,358,0.9656202956225459,0.027430036472301095,-1.080494623657139e-06,-8.538904399926003e-09,2.1034061367652136e-12
292,292,PSO,4.684130980550222e-06,63,0.22743670577016875,0.03247137619267607,-1.1747230940471088e-05,-5.493765836315732e-11,-5.4602383088205954e-14
293,293,PSO,2.3062212703766293e-05,501,1.102078417901016,0.026644059875476474,-6.616765282777934e-07,-6.524065815858552e-09,1.8676603220570552e-13
294,294,PSO,2.4846223672286404e-05,501,1.0630694024820617,0.027455853107252248,-3.7423054136015355e-06,-2.4683486232507016e-09,-1.5473188630561385e-12
295,295,PSO,2.626398642478551e-05,501,1.183632930858266,0.026220206853815955,1.8338414627133938e-08,-6.710444480021335e-09,2.6102488217724856e-14
296,296,PSO,9.696818823681299e-06,395,1.0046143247102766,0.027088418420684865,2.3655777166599306e-08,-9.87229513786925e-09,2.566044955315621e-12
297,297,PSO,9.312573222149992e-06,84,0.07388288647867934,0.032903079401057855,-1.0001020242361799e-05,-5.65101757526102e-09,3.695506007751203e-12
298,298,PSO,9.22598431858603e-06,254,0.9776529462927195,0.027324614715111918,-6.777897843391146e-07,-9.112285361651822e-09,2.323643229327014e-12
299,299,PSO,9.504844318217996e-06,31,-0.04020569568901136,0.03397466265966281,-1.3363461013606e-05,-1.4919531416455707e-09,1.9432608245182037e-12
0,0,DE,2.253605707915651e-05,501,1.110252212676257,0.026098261703205092,1.9378234487851714e-06,-1.0903285604866696e-08,2.6305429930960953e-12
1,1,DE,8.664164770123198e-06,262,0.4672292271235278,0.031137579239553195,-1.023205883723549e-05,-2.0194161220784394e-11,-4.1134633374718916e-13
2,2,DE,5.957872034504727e-05,501,1.2799735390123277,0.025792093685306387,-9.744982664659134e-07,-1.9763454035654937e-09,-3.5254319545964934e-12
3,3,DE,2.489459520496587e-05,501,1.2082378939938725,0.026219223788061116,3.507701983187107e-08,-7.599756418846508e-09,9.89882877263962e-13
4,4,DE,1.4855515507918343e-05,501,0.5888132910967218,0.030880706866574355,-1.026025329048692e-05,-1.663158937474685e-11,-1.8751253332591594e-13
5,5,DE,4.9012190389142065e-06,215,0.37772460115105405,0.031823127276636026,-1.085573850734467e-05,-1.1118044071405731e-09,7.893058388473454e-13
6,6,DE,5.831268502584337e-06,150,0.5045003172286432,0.03072713072559549,-8.398852956904817e-06,-2.020982266117891e-09,-2.299496727023203e-14
7,7,DE,8.682037848489758e-06,467,0.4526547212811186,0.031273188295977895,-9.202411418606171e-06,-3.333592451067339e-09,1.7427107622777166e-12
8,8,DE,1.2267839522971992e-05,501,0.7487330176681823,0.02916923884868896,-6.17406208074073e-06,-2.142991781251487e-09,-8.555449800411814e-13
9,9,DE,9.677367795221405e-06,206,0.4774789514383991,0.031408211581601,-1.0659160950977952e-05,-3.0444716990184233e-10,-4.114572608885e-14
10,10,DE,9.79198526862753e-06,193,0.379397104220482,0.03205451105300974,-1.1612765104276667e-05,3.6016381103423284e-11,3.886052334690181e-14
11,11,DE,8.591912255808196e-06,185,0.05430813809564262,0.033515061039901296,-1.3184649541483218e-05,1.4317430969144377e-11,5.504913342274098e-13
12,12,DE,8.803673275584151e-06,330,0.8054772720301847,0.02868304573916233,-4.158060525535687e-06,-5.7110858767838716e-09,1.185878090239969e-12
13,13,DE,4.668867407561848e-06,192,0.2897049781330215,0.03240180164627344,-1.188149302008403e-05,-4.295865093674798e-10,5.615799276191913e-13
14,14,DE,8.997888051136698e-06,315,0.20790752659529838,0.032640700333208046,-1.2240676814627609e-05,1.3278224893361736e-11,2.3305358037825336e-13
15,15,DE,7.335117279820126e-06,118,0.23095104899360108,0.032591864061054805,-1.1976287669991059e-05,2.1918864405518885e-11,-5.0214894938987513e-14
16,16,DE,8.08208108350935e-06,241,0.2182461211659992,0.03309042699795092,-1.3645698261902897e-05,1.1369569900855886e-09,2.1529741684058982e-13
17,17,DE,9.736653591745853e-06,190,0.03087235932371839,0.03358644161412916,-1.2728787102463238e-05,-1.4513763966335237e-09,1.5436370902807175e-12
18,18,DE,8.363026077574922e-06,158,0.15341301959969858,0.03276903158393156,-1.216300818476193e-05,9.096439862100667e-11,-1.3127567249373873e-14
19,19,DE,8.582452132002998e-06,385,-0.0725871548635729,0.03439270551242912,-1.546559224615239e-05,2.1281357576647676e-09,2.373408639597333e-14
20,20,DE,9.870817480700427e-06,368,0.6035303247454527,0.03045208429308415,-8.973797151884138e-06,5.833031422693694e-11,-1.3456176670998388e-12
21,21,DE,0.0001836228438527786,501,2.0273477582055146,0.022851760432311127,7.297719791713716e-07,-7.79583939933683e-10,-4.011570857173004e-12
22,22,DE,1.2074547503690117e-05,501,0.7962786144958578,0.02898904891865892,-5.972998346927811e-06,-2.2435015059884415e-09,-8.072205834646117e-13
23,23,DE,6.996304887826215e-06,86,0.23653529770202858,0.03256869827177088,-1.2479021365945532e-05,6.879173087530306e-10,-1.358425642826677e-13
24,24,DE,6.744079731905501e-05,501,4.001299539997205,0.0015700614449879807,7.374039864824292e-05,-9.74744508490954e-08,3.924782450087494e-11
25,25,DE,9.63545988444068e-06,311,0.5564195520102797,0.030707411311764105,-9.577501030870631e-06,-2.3162977240007024e-11,-6.580090213353498e-13
26,26,DE,7.806599239183588e-06,481,0.13374912554638024,0.03284190145036603,-1.2237023855909539e-05,1.2391359891012197e-10,2.2689562012262555e-14
27,27,DE,5.335899372400077e-06,191,0.20480663034893865,0.03297305099975955,-1.3409553068189912e-05,1.2632011927088797e-09,-1.0945681559279448e-13
28,28,DE,8.413260387668245e-06,453,0.6915357120535193,0.029186653617553817,-4.9439343606844114e-06,-4.687965990425032e-09,5.477732843184261e-13
29,29,DE,9.378649631161365e-06,191,0.0883520482023949,0.03361645168100932,-1.3845349235860908e-05,8.63866224933483e-11,9.976414253249735e-13
30,30,DE,1.0096777602175107e-05,501,0.298672470304164,0.0322392864065409,-1.139450760658272e-05,-4.6260445129702465e-11,-2.777736689187276e-13
31,31,DE,9.999705531809989e-06,319,-0.025210597466529757,0.03396351764587085,-1.419752087762223e-05,1.0698826610563587e-09,8.329089022177275e-14
32,32,DE,9.834550558278042e-06,317,0.5509405257984991,0.030431901803761045,-8.718482045799965e-06,-3.721688837798883e-10,-1.119514546656061e-12
33,33,DE,8.228306633923187e-06,248,0.25732650043506744,0.032309253680965606,-1.1829885717629061e-05,-2.8545380566553485e-11,2.365644356130731e-13
34,34,DE,8.715322156923956e-06,101,0.4247762649277689,0.03129477986001297,-1.0089109080273615e-05,1.7627681073726943e-10,-1.0766353333969253e-12
35,35,DE,9.679200617562935e-06,342,0.6786825943487902,0.029879998834912713,-8.222098607344516e-06,4.405716806790833e-11,-1.5833644433246664e-12
36,36,DE,1.637997370655956e-05,501,0.09325514096094026,0.03277906715587191,-9.739276044817124e-06,-5.4200077778279885e-09,3.1305365461428166e-12
37,37,DE,1.3128539647135154e-05,501,0.9084767573558165,0.028277680660213734,-4.351992597237125e-06,-4.010309925391518e-09,1.5771952749567558e-14
38,38,DE,9.471430086724248e-06,128,0.11798858123662363,0.03323371853652632,-1.3490304181849649e-05,1.2881050018419466e-09,-8.574979077798467e-14
39,39,DE,6.480416744624035e-06,285,0.12963101040461036,0.033392584322902305,-1.3539851783861018e-05,1.2627884820466732e-11,1.029367663641162e-12
40,40,DE,1.7529174292167475e-05,501,1.0339711625425771,0.026821162818799052,-8.161318876641838e-08,-8.431718817868504e-09,1.465626275019725e-12
41,41,DE,5.169806005371764e-05,501,0.9739045662974971,0.027122253067033055,-2.487199261924953e-07,-7.171140634715541e-09,-1.1718506975890676e-13
42,42,DE,1.3584803638885518e-05,501,0.7635604195255931,0.029198941242111462,-6.567749022100568e-06,-1.1011387354326961e-09,-1.5163853599425574e-12
43,43,DE,4.04817009727974e-05,501,1.3712688950046226,0.025585076736300828,3.238856454640613e-07,-6.4166154615117745e-09,-7.241055559987764e-14
44,44,DE,3.102689882406175e-05,501,0.9409444391798496,0.02809843855414097,-5.314486651043532e-06,-2.2931253456441445e-10,-2.896465624925492e-12
45,45,DE,9.123560786511988e-06,155,0.6656369296791543,0.030066532569977805,-8.49388838686568e-06,-5.849774831782251e-10,-7.634617923660808e-13
46,46,DE,6.289253776170832e-06,124,0.6157423057144548,0.030340690338779557,-8.483361171274305e-06,-1.389334917166322e-09,-1.6138924087584429e-13
47,47,DE,1.1045802010370823e-05,501,0.4007974296574173,0.029629173178595182,4.448688318478609e-07,-1.88310337917858e-08,9.386120745500919e-12
48,48,DE,9.693029523958397e-06,279,0.7637179348575138,0.029197297795525705,-5.701743939029925e-06,-4.2464785622875355e-09,8.369370370628377e-13
49,49,DE,3.932354146224787e-06,114,0.4265284456092504,0.03131400858128593,-1.0004331912369196e-05,-8.007067747481041e-10,3.55645076675388e-14
50,50,DE,6.013852962176621e-06,64,0.2829996128118439,0.03219538612945226,-1.1675822544185934e-05,4.087384913521067e-11,1.8014055928595446e-13
51,51,DE,9.6901500628264e-06,263,-0.07541594607293475,0.034500762906883996,-1.605681796971255e-05,2.766138423351652e-09,-9.153105076920632e-14
52,52,DE,3.313240256493798e-05,501,0.6670731567470022,0.030699947119798614,-1.0441316302887535e-05,1.4549844365070789e-10,-1.2485320988533737e-14
53,53,DE,9.54091953932538e-06,198,0.08726230505496989,0.03342521315612303,-1.336175833128729e-05,5.995802115546009e-10,7.61561111959506e-14
54,54,DE,2.7550973824570566e-05,501,1.1557842675132919,0.026369293094441474,-1.1681813376252115e-08,-6.854254866444657e-09,-2.0222399720678368e-14
55,55,DE,8.43769590522928e-06,109,0.12657533885871206,0.03301989211468314,-1.2454735225423738e-05,2.6820489166934953e-11,2.556682186074806e-13
56,56,DE,4.174987058385286e-05,501,1.106972155500907,0.026379491670361303,4.9460659047994636e-08,-6.6208083222571285e-09,-5.634027043754507e-14
57,57,DE,8.832400277307938e-06,271,0.4608755686375342,0.031103412897490388,-9.287710211955738e-06,-1.905906601057122e-09,6.947859798911102e-13
58,58,DE,1.7237167235217012e-05,501,1.0994845548132155,0.026446609770264192,7.327474288245372e-07,-9.22962129830276e-09,1.7540187904373599e-12
59,59,DE,8.470264913330657e-06,235,0.19635448628468247,0.03270831462597754,-1.2137345632754853e-05,4.2112053726992804e-10,-3.05355778224254e-13
60,60,DE,6.7955256425889505e-06,218,0.42922077373654666,0.03164958671896814,-1.1157472852573594e-05,1.7804731295378112e-10,-7.290692354263479e-14
61,61,DE,2.930480012754952e-06,348,0.3118902435259519,0.03201940776686663,-1.1235399622794227e-05,-1.7818589524991256e-10,-1.1375852976293963e-14
62,62,DE,9.934999132842242e-06,327,0.5546428998571988,0.030569030066130935,-8.453917155762917e-06,-1.403347170042241e-09,-5.231057820809475e-13
63,63,DE,7.222245903532061e-06,148,0.5392034665478759,0.03080621742647589,-8.717584948475414e-06,-2.6911725844396775e-09,9.646326108638557e-13
64,64,DE,7.913202931253694e-06,299,0.5106652624022625,0.03112610709921272,-1.0417047825402593e-05,4.909903154619845e-11,-2.887293871189628e-13
65,65,DE,6.288115957751249e-06,98,0.5914523376975335,0.030448072410086336,-8.842066369843897e-06,-7.639672162068352e-10,-4.993689276779596e-13
66,66,DE,6.607099464673902e-06,150,0.3102151210989313,0.031909326992126286,-1.0808439660266067e-05,1.289817944168782e-11,-6.26879038842557e-13
67,67,DE,1.1839916354570864e-05,501,0.7539291332040127,0.02868301548316861,-3.436794435815982e-06,-7.638101559346372e-09,2.597986211030558e-12
68,68,DE,9.549071703412487e-06,464,0.7229234673204864,0.028275466872368853,-1.4529486100982402e-07,-1.2369680003319598e-08,4.329133348473807e-12
69,69,DE,9.561085625212015e-06,47,0.11003007119954397,0.03352599713399468,-1.3578966027424115e-05,-4.0783653401442105e-10,1.3375382618705103e-12
70,70,DE,9.164646239585078e-06,297,0.7527352727419947,0.028104614597498963,-1.4595643653904566e-07,-1.1830876871126892e-08,3.915792254625993e-12
71,71,DE,1.0448557364962888e-05,501,0.7740219955207919,0.028930379676701663,-4.900750633612824e-06,-4.12490243817507e-09,8.331566870984979e-14
72,72,DE,7.617941142982484e-06,108,0.3734399461762952,0.0317851210079507,-1.1701630299301018e-05,1.6142013776520979e-09,-1.2355910730617623e-12
73,73,DE,9.253732324717104e-06,249,0.04534150807912827,0.03360634426535911,-1.4246694556517257e-05,1.6406629465030711e-09,-3.465411952278183e-14
74,74,DE,8.355618006984431e-06,157,0.8265460976514915,0.027850841214948553,-1.1896142341339861e-07,-1.1481501351218135e-08,3.674465357203808e-12
75,75,DE,6.605909802873536e-06,61,0.11573129812536202,0.033409563472814784,-1.3627418717904213e-05,8.131970963143011e-10,3.0160989000245723e-13
76,76,DE,8.959641661344208e-06,220,0.4723380479640805,0.030740589476585218,-8.158180129474649e-06,-2.3512745149392414e-09,2.836115119373026e-14
77,77,DE,8.895180549940001e-06,142,-0.08426226525232337,0.034785064702395174,-1.6504925055466523e-05,2.685069765066064e-09,1.0451709806794421e-13
78,78,DE,8.498277156349131e-06,133,0.6786905096845551,0.029731203445253204,-7.428573582646973e-06,-1.451782965562958e-09,-6.615197773268487e-13
79,79,DE,9.797037181393631e-06,361,0.4152630269647015,0.03094184940758145,-8.202093079974457e-06,-2.534160398798102e-09,1.3812098266440037e-13
80,80,DE,2.000013234939648e-05,501,1.094395985514563,0.02649302386169109,3.748804375709628e-07,-8.377873618467203e-09,1.1731611505565406e-12
81,81,DE,8.22846081238639e-06,347,0.46478705211642946,0.030078512171944537,-4.2705803313490624e-06,-9.224452010663321e-09,3.969388771390145e-12
82,82,DE,8.135267897900101e-06,206,0.050018282307448314,0.03338183476246416,-1.308573246987501e-05,7.997516190261332e-11,5.233295573837445e-13
83,83,DE,1.5254393046099133e-05,501,0.26044147049679345,0.03188207467993738,-1.0684841877515498e-05,1.1350480830618878e-11,-6.007022004510937e-13
84,84,DE,1.5692332717104242e-05,501,0.9803765559556276,0.027042097214920447,1.4428409171106757e-07,-9.196094654920075e-09,1.8111611202068827e-12
85,85,DE,9.6808734422407e-06,311,0.1195160671247311,0.03301866591428271,-1.2468423604000098e-05,3.4941911366610675e-10,-1.0902835006026306e-13
86,86,DE,1.3375434127715098e-05,501,0.8224945799723828,0.028172513913953433,-5.829820786771905e-07,-1.3651231333020752e-08,6.319304739668455e-12
87,87,DE,1.046160003925766e-05,501,0.018751864827021646,0.03367654198644384,-1.2685121609794854e-05,-2.7968966160083924e-09,2.90417240554159e-12
88,88,DE,9.976084398879974e-06,151,-0.016483906149204565,0.03401943562593722,-1.4255169214543022e-05,5.780456955616369e-10,7.107018094289936e-13
89,89,DE,9.665452049920959e-06,418,0.5155194605008226,0.03091134822433942,-9.730267544917729e-06,2.153228891609786e-10,-1.1828618030460414e-12
90,90,DE,2.3083198648748705e-05,501,1.1179274681244156,0.026520453863247927,-2.0810158327167787e-07,-7.0278412884969774e-09,3.7011869638010184e-13
91,91,DE,6.512010244884804e-06,354,0.5569513027327891,0.030670361598839076,-8.31849327722664e-06,-3.0771971193785136e-09,1.1062640308272403e-12
92,92,DE,7.225597657567729e-06,236,0.2638729606953301,0.032129692446468065,-1.1128713849038025e-05,1.0588643512201347e-10,-4.900444828041963e-13
93,93,DE,2.4510074413669553e-05,501,1.1219378191568221,0.026525590876572285,-4.3110297200734136e-07,-6.484285226238178e-09,-1.1435646773097779e-14
94,94,DE,8.166735568446391e-06,150,0.2848192480755997,0.03209681358705446,-1.082574339492585e-05,-6.352190676158405e-10,-2.3417739567358642e-14
95,95,DE,7.711346669468335e-06,139,0.20001980866898328,0.03232682047326813,-1.0975066887661434e-05,-9.732615106704356e-10,3.216548554466013e-13
96,96,DE,3.1155244135505203e-05,501,0.9795591443500815,0.02787841343241756,-5.019391822331445e-06,-1.3112630487359426e-10,-2.974608528579932e-12
97,97,DE,5.717878482980685e-06,425,0.0412597108083704,0.033992463236476755,-1.5455355583675416e-05,2.837566861388514e-09,-4.668372360483487e-13
98,98,DE,1.392396755495728e-05,501,0.8221280694582492,0.028467047335955724,-3.615206028091017e-06,-5.271750997704074e-09,3.2061697982441755e-13
99,99,DE,9.2983047823738e-06,68,0.7454372367077343,0.028206749767853565,1.1795113874474623e-07,-1.345290182240043e-08,5.423317289099723e-12
100,100,DE,9.742881639740638e-06,411,0.8377598011411456,0.028120255299297268,1.4993393319794044e-08,-1.4096227049924887e-08,6.09342290992315e-12
101,101,DE,2.384864571167642e-05,501,0.9447811362528495,0.0278031942947644,-3.7442225976595534e-06,-3.3776838462940864e-09,-8.535137042046532e-13
102,102,DE,6.322425428402687e-06,314,0.3704211651407207,0.03148119569563217,-9.654794484160385e-06,-1.3712842041532482e-09,-3.9181544210529295e-14
103,103,DE,4.9575043536432576e-06,28,0.32936803680038906,0.03217088851190655,-1.1747798653181382e-05,-2.160595549891127e-10,4.733713646905316e-13
104,104,DE,4.536240325327209e-06,177,0.718537299883786,0.028844236654532153,-3.3700394874612045e-06,-7.665745390287868e-09,2.3731393506847296e-12
105,105,DE,2.4468676322419103e-05,501,1.1714588275427713,0.026321267738713152,-3.56794979732138e-08,-6.968231544428436e-09,2.745302020942596e-13
106,106,DE,1.62576667294181e-05,501,0.833279734034216,0.02893910125531106,-6.120558504118759e-06,-2.7310995948043517e-09,1.0019261207410462e-14
107,107,DE,1.7464348470007144e-05,501,0.9850704810895391,0.027531233776712453,-2.477598025128885e-06,-5.163010765156887e-09,-1.0398038289437487e-13
108,108,DE,8.719679633423808e-06,73,0.0893152205472332,0.03312783800836957,-1.282923778408898e-05,4.35256444192275e-10,1.0553739875999313e-13
109,109,DE,9.848434420183304e-06,308,0.8443961742172819,0.028646471775200022,-4.2723882909243175e-06,-5.4905865803608785e-09,1.1762459697851318e-12
110,110,DE,8.949836866522786e-06,473,0.6020060055594454,0.03055759086655467,-9.385647024162422e-06,-4.234141506033789e-10,-3.9140998656753843e-13
111,111,DE,1.2511947310555092e-05,501,0.10568731929024816,0.03295257061200389,-1.179959637544378e-05,-8.785390691830066e-10,4.1620420672136647e-13
112,112,DE,1.2275578137600836e-05,501,0.8820893040439044,0.028325846925586873,-3.9473924123443025e-06,-4.617482492629698e-09,1.3413247487490175e-13
113,113,DE,1.1894564895563357e-05,501,0.8706104719777299,0.028525348869561838,-4.838578621197716e-06,-3.5434990122053185e-09,-1.9107164403279775e-13
114,114,DE,6.586893227665089e-06,410,0.2925989254740779,0.03201275637987945,-1.1083545491242458e-05,-4.943780657761557e-10,2.891380002380215e-13
115,115,DE,9.488952324105289e-06,118,-0.01938015522021559,0.03404399250979561,-1.4288416980425855e-05,7.453090703947674e-10,4.691981523319311e-13
116,116,DE,1.1691975792791911e-05,501,0.39015012178322644,0.031106970917914898,-9.068634016108469e-06,-1.0716426229365947e-09,-5.064405613624551e-13
117,117,DE,9.971693389070023e-06,499,0.3594668568092858,0.031300500881907146,-9.295246755863076e-06,-1.4209867348607577e-09,-3.7496124125875015e-14
118,118,DE,1.413938985607602e-05,501,0.8556849321976471,0.028867469265279635,-6.139933015170355e-06,-1.951829784599461e-09,-7.628942209414779e-13
119,119,DE,6.6459189191653255e-06,112,0.49680735039235907,0.0307404004618094,-8.076308006057391e-06,-3.182508690482085e-09,1.0228116581834615e-12
120,120,DE,9.431679859158804e-06,488,0.010560466544529091,0.03375036068370416,-1.3665329180838997e-05,4.173633686422453e-11,9.224843127002496e-13
121,121,DE,4.007393671616146e-06,394,0.5274460552408184,0.030680608730945573,-8.319719728093654e-06,-2.510451201325367e-09,4.73345436662182e-13
122,122,DE,3.1520845543810874e-05,501,1.1349681813070804,0.02634570927009143,-3.222995368946865e-07,-6.201892895648575e-09,-2.0918042989788746e-13
123,123,DE,5.7855478742703125e-06,244,0.3055855588968028,0.032023947184580216,-1.0944530646235253e-05,-2.9967966589809134e-10,-1.753625554811074e-13
124,124,DE,1.4065029864254287e-05,501,1.0343321044061708,0.02693738477542863,2.765212522422115e-08,-9.989780404162077e-09,2.922156511279148e-12
125,125,DE,1.0165037036624503e-05,501,0.8121060459256298,0.028588633011666226,-4.221911040703599e-06,-4.639309706146578e-09,2.396728762097651e-13
126,126,DE,6.9269740760017215e-06,108,0.12080552626713782,0.03327896358993717,-1.3124076351173664e-05,-5.824556789272737e-10,1.3541291106633443e-12
127,127,DE,2.211413305780306e-05,501,1.093486193045683,0.0268987810828228,-1.401820867759624e-06,-5.6548301645956925e-09,-2.0257813246087462e-13
128,128,DE,1.5712315787704045e-05,501,1.0361962232037674,0.026981823985263144,-2.16708990751991e-08,-9.034916904539802e-09,1.7721978501377668e-12
129,129,DE,5.826668055549861e-06,303,0.2870339475741982,0.03250885041165067,-1.2318646259831172e-05,-1.2577052385497554e-11,5.640707670343548e-13
130,130,DE,9.200933473948934e-06,329,0.5908701629222519,0.03023740660926414,-7.448957209977797e-06,-2.5495061081114764e-09,-2.977339188757495e-14
131,131,DE,6.99622077254855e-06,413,0.07555567817975807,0.033628905088573274,-1.4636615860953963e-05,2.24253260391493e-09,-2.5484676914138116e-13
132,132,DE,1.107440031421376e-05,501,0.8718585528749848,0.028115498235641488,-3.0705473563305223e-06,-5.893129934990994e-09,7.591948626368628e-13
133,133,DE,6.192102431741522e-06,90,0.20937576957106518,0.03260242758886722,-1.2424997891441808e-05,8.410263543462476e-10,-3.5215052601897445e-13
134,134,DE,4.735106668030681e-06,293,0.2920789881021619,0.03217868918757699,-1.159693214180418e-05,5.883595775723829e-11,-6.099600413540076e-14
135,135,DE,9.395944190577351e-06,248,-0.027619945656381643,0.034134178750046776,-1.4264938757982827e-05,-4.2206782747196505e-11,1.1516227860706247e-12
136,136,DE,1.2023362728221672e-05,501,0.08235649140501454,0.0330753747562083,-1.2261094358691882e-05,-8.685273321837463e-11,4.702853071240298e-14
137,137,DE,9.648034117688853e-06,173,0.5576859408250987,0.03070471680844826,-9.567130895032503e-06,-1.310520291298966e-10,-5.534158642423965e-13
138,138,DE,8.727971518256025e-06,259,0.28190635717314505,0.03183532307576336,-1.0364868743044615e-05,-6.834948814999343e-10,-2.3586946199690746e-13
139,139,DE,1.5625298733368036e-05,501,0.9000133109278557,0.027412801767361578,9.345859814918731e-07,-1.2338997521952417e-08,3.993519590817805e-12
140,140,DE,7.366079575404967e-06,159,0.42760362551799724,0.03110778916727288,-9.5174724865758e-06,-8.973675455697877e-10,-1.7177344879506364e-13
141,141,DE,8.459340523140174e-06,150,0.5871319565876648,0.030451566078500712,-8.71403058643593e-06,-1.3283814653127807e-09,1.0639079773283885e-14
142,142,DE,9.10412490477552e-06,312,0.6183944398118008,0.030103785616409733,-8.301349730742597e-06,-1.5220926941988409e-10,-1.4476333791378344e-12
143,143,DE,9.938507770117137e-06,145,0.45363259165550174,0.03144329216721982,-1.0261711350776447e-05,-5.354287080015096e-10,-2.2041035220680215e-13
144,144,DE,1.079773288366397e-05,501,0.611329537867031,0.028844309617596726,-7.198983848052552e-07,-1.3163576665633438e-08,5.4380152847614784e-12
145,145,DE,7.324766693774884e-06,490,0.9285396153040851,0.027550007267716142,5.6362577189282086e-08,-1.201583267623103e-08,4.3324424629801164e-12
146,146,DE,1.4334076361656636e-05,501,0.7247939566173799,0.029619454546868776,-8.178483759608883e-06,7.390769450040539e-10,-2.1212079364459833e-12
147,147,DE,7.760950810010608e-06,278,0.1951924182548292,0.0324985557748755,-1.1553536831991374e-05,-1.2972513902577928e-10,-1.9229401741245372e-13
148,148,DE,6.722895242483017e-06,145,0.7546215043755511,0.028063056200429762,-1.84997270313858e-08,-1.2961483885895981e-08,5.160085425283295e-12
149,149,DE,2.471980728088838e-05,501,1.095774418443614,0.026522130872059218,9.687811863721494e-08,-7.40864697303058e-09,3.585906686363639e-13
150,150,DE,8.983022871142568e-06,153,0.6431397793496272,0.029898554642700585,-7.291538053781839e-06,-2.6782011694506923e-09,2.845889106640461e-13
151,151,DE,7.127983376057625e-06,265,0.1628840611421516,0.033361896012851666,-1.4017112068973962e-05,1.4639428722237789e-09,-1.5273223352846295e-14
152,152,DE,9.93450862333034e-06,224,0.4819226050353077,0.030851467794788406,-9.433329582129608e-06,3.456005394088019e-10,-1.3925043715762416e-12
153,153,DE,2.3725574243612406e-05,501,0.6384509420195348,0.030755831110611035,-9.917461475943576e-06,1.893393164009404e-11,-5.977054928398894e-13
154,154,DE,2.1403626788626093e-05,501,1.0330581906691512,0.027265019069852053,4.928100529961491e-08,-1.2342623388639203e-08,5.064751168867182e-12
155,155,DE,6.992349861804378e-06,175,0.08010850077768922,0.033721240508281326,-1.4397146327095798e-05,9.913256680450418e-10,6.796820061831129e-13
156,156,DE,7.764635622576242e-06,326,0.16215579722340337,0.03329299373221429,-1.3606287470842523e-05,2.6871375892237613e-10,9.261732493270921e-13
157,157,DE,1.397487042937992e-05,501,0.9514934882998688,0.027156908859456288,1.8908349173454294e-08,-9.38325293192795e-09,2.0394342695702947e-12
158,158,DE,6.506814052827478e-06,67,0.20154017919335576,0.03258253442106418,-1.2114336782642699e-05,6.588070909831224e-11,1.8274218117826837e-13
159,159,DE,1.4319022214866473e-05,501,1.055699034451676,0.02673800867837553,3.2431795697784097e-07,-9.319765380841228e-09,2.0541997214079324e-12
160,160,DE,8.345373030448557e-06,98,0.33222607427117146,0.0314950801750712,-9.695790157154097e-06,-1.2502242768051852e-09,-1.7491569445270192e-14
161,161,DE,9.865029283700913e-06,149,0.2870612986466342,0.031875230348793596,-1.0669762001435836e-05,5.210048326037781e-11,-6.736107829863223e-13
162,162,DE,9.186797973301521e-06,471,1.0209753442591067,0.02642757708609695,4.820004991596407e-06,-1.918828297698256e-08,7.786291919688167e-12
163,163,DE,9.615020880273475e-06,365,0.026389801541590194,0.033572844414925494,-1.3340766113500509e-05,4.457180680823545e-10,1.73443725000642e-13
164,164,DE,2.0246190672729764e-05,501,0.43169117534106544,0.031097105016740696,-9.276105239277051e-06,-3.9339219386697797e-10,-1.2428367814505397e-12
165,165,DE,8.43782452364763e-06,349,0.5773803076809108,0.030602500085731506,-8.887384177700452e-06,-9.261958595657464e-10,-4.794894618987877e-13
166,166,DE,9.588704515945882e-06,188,0.09577171256057711,0.03312663476125486,-1.2719784468837277e-05,-2.0670973039466476e-10,7.549974260667703e-13
167,167,DE,1.439358223443584e-05,501,0.9712112689156237,0.02723656477811541,-5.909907029959414e-07,-8.656504431625497e-09,1.9336281379474638e-12
168,168,DE,4.256125791312354e-05,501,1.0441520669412538,0.027607747928743445,-4.684914227515055e-06,4.481232588132191e-10,-3.860665939229831e-12
169,169,DE,1.4913528459955731e-05,501,0.3370684601776283,0.029967925315502828,-1.2487458247701823e-07,-1.847193796151351e-08,9.302373936196412e-12
170,170,DE,5.103746397635704e-05,501,1.3692315361059344,0.02595769142007111,-8.532598451510947e-07,-5.558073496580542e-09,-9.500943237020568e-14
171,171,DE,9.296720708538076e-06,426,0.9322776259890256,0.027620412443599984,-1.1028935005099214e-06,-9.122585372289384e-09,2.4564028333205556e-12
172,172,DE,9.845841499337183e-06,499,0.6237175469841936,0.030251082196490676,-8.365644308612274e-06,-1.7574392117082563e-09,2.552958488177853e-13
173,173,DE,9.879445990673334e-06,440,0.1496145704554031,0.03285760434707401,-1.2086465810283589e-05,-1.219867825462384e-11,-1.720655305213645e-14
174,174,DE,5.650241004969839e-06,99,0.22692326768287754,0.03269382461713796,-1.2519005791635109e-05,4.4907180692782626e-10,1.0531378204139499e-14
175,175,DE,8.2553636421064e-06,328,0.2048017224499767,0.03287412298909785,-1.2442528776147453e-05,-1.6599183673033192e-10,4.042185736018999e-13
176,176,DE,2.03412975584817e-05,501,0.7161251295893114,0.029913778180215924,-8.730877090305486e-06,-2.502616627052417e-10,-6.588183010636288e-13
177,177,DE,1.0862628461113259e-05,501,0.6230614743017222,0.028572224666914843,-9.761935742454784e-08,-1.3929037629936865e-08,5.840323228043837e-12
178,178,DE,2.616208400904662e-06,102,0.8116516399910517,0.027954603047882203,-1.1091784740147878e-07,-1.2267965510671128e-08,4.477163338827869e-12
179,179,DE,8.55714956083421e-06,436,0.11426499062363267,0.0331089556596726,-1.2786928555522152e-05,7.456272710312904e-10,-3.2712858741747524e-13
180,180,DE,1.1152822715179932e-05,501,0.03655424755732086,0.033412704619950453,-1.2769131082625368e-05,-2.0576296650585893e-10,3.9181669357874903e-13
181,181,DE,3.12744296530751e-06,388,0.3081660998552696,0.032275652095162935,-1.1901154985580813e-05,1.1845641941108116e-10,1.6709913383247819e-13
182,182,DE,9.140689333478808e-06,138,0.23907440721023235,0.03248920450156547,-1.2164042560952273e-05,-1.5260645260823707e-10,6.344155951018293e-13
183,183,DE,8.225665496505102e-06,425,0.3256109081665408,0.03209138352321863,-1.1104765954538552e-05,-5.102376300283789e-10,2.140951636975728e-14
184,184,DE,9.16998120624584e-06,166,0.30652474504728067,0.03225728449692531,-1.2360845244046182e-05,9.635581410258286e-10,-1.1076836459105085e-13
185,185,DE,5.7236549248714095e-05,501,1.3172694576134343,0.026664952994050747,-4.138484531238851e-06,-8.214648873949798e-11,-2.9839316034144637e-12
186,186,DE,1.8287342450540028e-05,501,0.8249266625268828,0.029051189583249454,-7.184412441899707e-06,-7.600188553729813e-11,-1.7422853372566701e-12
187,187,DE,1.3051119245993408e-05,501,1.0336325423101882,0.026912423982754938,-2.318429069096314e-08,-9.010761968313739e-09,1.873546689004665e-12
188,188,DE,6.172455195350028e-06,87,0.1412442198866534,0.03305348289670678,-1.2870427065915845e-05,-1.255408298226626e-11,7.468855480994391e-13
189,189,DE,1.4708770636538643e-05,501,0.8687081264622144,0.027863666151398122,2.1536205512027816e-07,-1.3923943969042984e-08,5.838362115921883e-12
190,190,DE,9.855418928593443e-06,236,0.7997677093896313,0.028993437295961152,-5.766782402206417e-06,-3.115528132100265e-09,-3.6659055886054095e-14
191,191,DE,0.0007096573844597081,501,4.680087646110828,0.005374711614270552,3.56451447433573e-05,-2.448777442395178e-08,-5.754512517534106e-13
192,192,DE,6.4302203484436525e-06,170,0.09218412562402137,0.033436946723558604,-1.3738067370948982e-05,9.997751742637236e-10,9.708920433058105e-14
193,193,DE,5.549672727926645e-05,501,1.451261410009287,0.02456790731431677,2.384235927215873e-06,-6.4580477090970025e-09,-1.2132557781745397e-12
194,194,DE,1.1547901742110455e-05,501,0.4368618419068859,0.0296704845839304,-1.2454038396450595e-07,-1.8707286570181163e-08,9.926206696668867e-12
195,195,DE,7.826663441127594e-06,369,0.1468989559966997,0.033204756958271395,-1.4077114314527148e-05,2.304492963250137e-09,-5.185712874208121e-13
196,196,DE,1.886192065229401e-05,501,0.8884871712899969,0.028761802971989544,-6.774798382852805e-06,1.1308231323586066e-11,-2.0746362290146694e-12
197,197,DE,1.3066421538983038e-05,501,0.8444769717434799,0.0276303997291123,7.695996763782902e-07,-1.3943167754428431e-08,5.837264716729807e-12
198,198,DE,2.9738746035316964e-05,501,1.0746888864770845,0.02658617949389886,-2.7387481106983676e-08,-6.887310484135031e-09,-7.187892009692638e-14
199,199,DE,4.955281194407634e-06,72,0.3006372113619437,0.0319085089701114,-1.0880120379942052e-05,-1.9128741878812713e-10,-2.3099895580541857e-13
200,200,DE,9.653780862086016e-06,217,0.7266700313600423,0.029555694679088536,-6.79031161314678e-06,-2.3045504163537784e-09,-3.895800430255788e-13
201,201,DE,9.7764963906921e-06,205,-0.07108887136976576,0.03489030409187375,-1.750096371729193e-05,4.1990593827010775e-09,-4.281716452345381e-13
202,202,DE,7.080688238670376e-06,121,0.15376896751843053,0.03281690413219766,-1.2229833077999396e-05,1.6954843159267395e-11,8.501722909887103e-14
203,203,DE,9.899202122050264e-06,213,0.6699212946973842,0.029702047572880773,-6.534092591897436e-06,-2.8881646644147644e-09,-1.270598078783329e-13
204,204,DE,9.883816222996691e-06,208,0.39807272045549125,0.03135353076929134,-1.024499961990187e-05,-2.0531459359877813e-10,-4.4050175762084597e-13
205,205,DE,5.558805992825027e-06,72,0.3835522694181199,0.03185569858882302,-1.1501889558225526e-05,2.656912797169209e-10,-1.974925290947808e-14
206,206,DE,9.000936246798098e-06,74,0.09195074874396418,0.03315194119927962,-1.3009143521820781e-05,6.3055457488285e-10,5.744232113878384e-14
207,207,DE,4.622692031449537e-06,112,0.21019835636913223,0.03299615844515179,-1.3454011198505472e-05,1.2862091640097248e-09,-2.4265393617752134e-14
208,208,DE,9.044690548798251e-06,118,0.10285141140006808,0.03324309554958232,-1.3019236457687332e-05,7.032840931035265e-10,-2.033048438980096e-13
209,209,DE,7.383860206252378e-06,88,0.1570460843912733,0.03291730545051743,-1.2415064360937563e-05,2.4472910515500314e-10,3.3049735079555435e-14
210,210,DE,9.601699651837398e-06,58,0.05306048008717641,0.03364323880552021,-1.3814504123114137e-05,-1.1982516825540524e-10,1.3405807875585886e-12
211,211,DE,6.420437334975364e-06,383,0.5530503463213424,0.03073950763457058,-9.452011029631752e-06,-1.431642702100929e-10,-7.749942017079064e-13
212,212,DE,9.640866813254777e-06,280,0.7375645544145502,0.02942335207193426,-5.651481793382435e-06,-4.912422637387212e-09,1.287843743140026e-12
213,213,DE,5.475496392855754e-06,122,0.5220009404701921,0.03050719392951193,-8.164580089545084e-06,-1.875705035830418e-09,-1.7195911516190828e-13
214,214,DE,1.8795907592001572e-05,501,0.9383308699241331,0.02762791577446535,-2.4373360111833943e-06,-5.262311990364465e-09,-1.2351906419356251e-13
215,215,DE,1.8206292788299666e-05,501,0.9136150709031742,0.028381566480769182,-5.463473338672591e-06,-1.3915862739523201e-09,-1.6588531973937976e-12
216,216,DE,1.5630360073870268e-05,501,0.7121272603910893,0.029885825587770833,-7.456906874079359e-06,-2.220096287657608e-09,-5.824975704998319e-14
217,217,DE,9.745572759617133e-06,206,0.5273781713427775,0.030632062943826584,-9.454331846476243e-06,7.771702054991115e-10,-1.650009218898072e-12
218,218,DE,0.0007024312009055664,501,5.015576840072524,-2.9979008858946334e-05,5.3814477689817515e-05,-4.21302315293177e-08,2.9667349683383254e-12
219,219,DE,7.658098315518231e-06,195,0.5992257570974838,0.030004497755396698,-7.381339724570793e-06,-2.0257905885378042e-09,-3.3051740958372973e-13
220,220,DE,1.868906718171891e-05,501,1.1542175254117037,0.026223618891329986,9.7663176038204e-07,-9.192762625382468e-09,1.6051372925386094e-12
221,221,DE,0.0004919300506617157,501,4.89248098746781,6.179864863624952e-05,5.715023754127715e-05,-5.2341855357614944e-08,1.049082296936881e-11
222,222,DE,6.353551451110227e-06,246,0.535976565867549,0.030765198411281416,-9.160626987239012e-06,-1.4760221705566762e-09,2.639035014755734e-13
223,223,DE,5.810144996669294e-06,69,0.40267950816351117,0.03140080281998904,-1.0174623167336463e-05,-6.541350377816644e-10,1.7376441930284207e-14
224,224,DE,3.609237692504411e-05,501,1.1573803367265487,0.027318963945406848,-4.1178917103675875e-06,-2.2021958452332746e-09,-1.3193165792483319e-12
225,225,DE,2.1853359292750607e-05,501,1.0653834909495,0.027383873082373777,-2.9619275126500315e-06,-4.244842363385469e-09,-4.0666261451471647e-13
226,226,DE,8.21920567622717e-06,131,0.3686091120247604,0.03158212097273418,-9.896001323812255e-06,-1.1798238218976307e-09,3.303863062128894e-14
227,227,DE,3.9902971666500195e-05,501,1.2709386515381738,0.02620811787064044,-1.663917417260951e-06,-3.597974355663841e-09,-1.3911227706583838e-12
228,228,DE,8.813963944623993e-06,218,0.40392648360842326,0.031280991817924556,-9.546305656759997e-06,-1.0168380470275972e-09,-1.7046676690520375e-13
229,229,DE,9.001033169941016e-06,239,0.2894574540537739,0.03223308192134093,-1.1922273251801962e-05,4.322805311369755e-10,4.978437352545192e-14
230,230,DE,5.103927149369418e-06,219,0.2189720807076529,0.03263698364178903,-1.2327764162938684e-05,7.02666281226326e-10,-4.009949923034506e-13
231,231,DE,9.588573817369836e-06,72,0.014952013577175668,0.03402543017382388,-1.4358249859979366e-05,-1.5923967641524534e-10,1.5769637578747006e-12
232,232,DE,9.801138076504955e-06,271,-0.050678104425274706,0.03466001282521631,-1.646435738107094e-05,2.6376871505048115e-09,3.110047473531392e-13
233,233,DE,9.954420707395253e-06,156,-0.03650586249410719,0.03485270276028441,-1.7990419872557535e-05,5.3352058384700715e-09,-1.066091083259262e-12
234,234,DE,1.0481490833117043e-05,501,0.4721649415246292,0.031513152960347644,-1.1162818940729647e-05,1.590811809485331e-10,2.1913441748914103e-14
235,235,DE,2.5576916521832017e-06,152,0.31109884066517707,0.032045960177890284,-1.1378723131791828e-05,1.1638020730609369e-10,-1.6988151063114764e-13
236,236,DE,1.1182359612013613e-05,501,0.8538959028032618,0.02848304648718007,-4.289790483009737e-06,-4.314937179335509e-09,6.183106057687067e-14
237,237,DE,3.177070198093657e-05,501,0.9692166904964543,0.027880793508364515,-4.435162936431709e-06,-1.1414539882655485e-09,-2.5859903609991823e-12
238,238,DE,8.260980776585962e-06,382,0.5815232793184116,0.028906901554763276,-2.0597461446832012e-07,-1.4791918089069612e-08,6.558458818217844e-12
239,239,DE,7.666524708669113e-06,191,0.22991542195622816,0.03217337096869694,-9.738136871599768e-06,-3.4682706670651784e-09,1.7038831952279204e-12
240,240,DE,2.2764122655973222e-05,501,0.70900204656183,0.02913777714369526,-5.42460991529438e-06,-2.5928015455590394e-09,-1.1924193834635003e-12
241,241,DE,5.650738338854071e-06,410,0.775889436533918,0.027787743599863895,1.3207202963763391e-06,-1.5159453558470037e-08,6.32372605554533e-12
242,242,DE,6.513544267204706e-06,232,0.0362287592145363,0.03398622512469011,-1.4826273129573415e-05,1.4680347543884837e-09,3.3320490492045574e-13
243,243,DE,2.633531251798576e-05,501,0.5868604143141745,0.02967780526990802,-6.461057452926901e-06,-1.9227217098331197e-09,-1.0780700488534242e-12
244,244,DE,2.5545194980977815e-05,501,1.1300731232377377,0.026819118727281595,-1.8519742278298136e-06,-4.589155654205125e-09,-7.750264915545364e-13
245,245,DE,7.937844932185236e-06,261,0.3317200253225143,0.03228423502449992,-1.2050479273895349e-05,5.666949784510245e-10,-1.5779393407924105e-13
246,246,DE,3.476909638166654e-05,501,1.0537412617788524,0.027035661233747243,-2.521427821934106e-06,-3.1407651867256944e-09,-1.7229022415695769e-12
247,247,DE,9.867860981366848e-06,92,0.4492944773002838,0.030805597802697784,-8.551736404356189e-06,-2.0674266943224738e-09,3.2341561892622e-13
248,248,DE,1.5853302046595115e-05,501,0.8884557916193094,0.02832306212019618,-4.576997348474377e-06,-2.920468180987928e-09,-9.55423314351655e-13
249,249,DE,9.466562252525171e-06,318,0.2761301182340013,0.032258384853661004,-1.1533570273631805e-05,1.3919384428709249e-11,1.923036578037112e-14
250,250,DE,2.5407139099121174e-05,501,1.1423946846764854,0.026773444752723207,-1.7523960792263393e-06,-4.793308481750521e-09,-6.065842909636077e-13
251,251,DE,7.039168616547229e-06,115,0.4388377105520836,0.03135076509077858,-1.0172163577912563e-05,-8.976876328576555e-11,-6.129341249965936e-13
252,252,DE,8.872857648951946e-06,212,0.5086627248934806,0.03071194516414703,-9.021167014469241e-06,-8.972967997960292e-10,-5.017997045299713e-13
253,253,DE,9.173752131566367e-06,330,0.2048668395718137,0.03230340436375129,-1.1120780989460994e-05,-4.2724040888738943e-10,-1.0527815878668766e-13
254,254,DE,8.52789975681272e-06,186,0.934740775393317,0.02751070677442125,-9.285288317417407e-07,-9.041721132390066e-09,2.3581657253217314e-12
255,255,DE,6.810090666775542e-06,97,0.30490907588009325,0.032173920957721515,-1.169794581475873e-05,9.754269912776329e-11,-1.6154012120150647e-14
256,256,DE,8.988819947882143e-06,156,0.34037961657336346,0.03228114299546154,-1.2066329315212011e-05,3.655356775645647e-10,8.708542188848929e-14
257,257,DE,9.909755873866405e-06,95,0.019142304271256662,0.03362725864945626,-1.3357876237688059e-05,-3.7053697044510107e-10,9.964717058208801e-13
258,258,DE,7.615308688600488e-06,182,0.13708260079607404,0.0335919238947894,-1.4762172261677677e-05,2.132339604944699e-09,-4.3093555195805917e-14
259,259,DE,8.096506040590225e-06,165,0.5979442483835646,0.030197761149576383,-7.882747174966944e-06,-1.3353702996436336e-09,-7.845079406409289e-13
260,260,DE,1.199287293205266e-05,501,0.4239116644958353,0.031438574048543264,-1.0652690469117117e-05,-3.4913584440517643e-10,2.1103166952531591e-13
261,261,DE,8.887710864865068e-06,179,0.11530423550333513,0.03303456040421397,-1.2362877629640923e-05,1.8469963627997305e-11,7.218044481121096e-14
262,262,DE,6.64682878452343e-06,220,0.014045701997153088,0.03385438140900398,-1.4491809095735264e-05,1.640105604953863e-09,-1.890502393577217e-14
263,263,DE,3.7925465092046963e-06,227,0.46415302003500203,0.03132030002286196,-1.0416347944711327e-05,-5.52635997930109e-11,-4.1231012275670886e-13
264,264,DE,1.153008068291418e-05,501,1.0495276913924858,0.026963669910920706,2.281170309962683e-08,-9.9885265728522e-09,2.866389247432258e-12
265,265,DE,7.360181995301098e-06,273,0.16473318136507978,0.03271122618611572,-1.1833146670601879e-05,-1.9238553687332432e-10,2.3085500822070096e-14
266,266,DE,8.255830393954102e-06,60,0.22863050059873197,0.03280703958615306,-1.2664699400117866e-05,1.871195580808444e-11,5.045631794468216e-13
267,267,DE,1.5713250739216486e-05,501,1.0500617139635147,0.026959044354814964,-2.4389160813382364e-07,-9.427359148492397e-09,2.638085868459472e-12
268,268,DE,1.553901610650056e-05,501,1.0291849652310834,0.02685133189380178,9.312040372610157e-08,-8.772910133119623e-09,1.5914343447339833e-12
269,269,DE,7.109599447286771e-06,98,0.07329494533794088,0.03335020694611124,-1.3387708861215129e-05,9.820205839579097e-10,-5.155654192424651e-14
270,270,DE,4.137599098075701e-05,501,0.9751273110001561,0.026805584743457404,-6.009471035709947e-08,-7.074465050399857e-09,2.3073281916496513e-14
271,271,DE,7.730580143576678e-06,96,0.37311737573583315,0.0320139719556872,-1.1666122185483361e-05,1.51751198841881e-10,1.9636716284998974e-14
272,272,DE,9.838879177042128e-06,225,0.4969314314989254,0.03131605953233903,-1.0754023955131036e-05,-1.9615822292881608e-11,-1.284152776780888e-14
273,273,DE,2.8987308416412884e-05,501,1.0401101301495685,0.027702934330296438,-4.4447698160358125e-06,-1.2465451246150968e-09,-2.3923300442942578e-12
274,274,DE,1.7373174914564242e-05,501,0.9661064366693322,0.02713675842778975,-2.8650237724832716e-07,-8.423515925975618e-09,1.3438524777310638e-12
275,275,DE,9.862446010465473e-06,162,0.7077358351344499,0.029613495309695842,-7.096979919661408e-06,-2.17350122717128e-09,-9.544815128424867e-14
276,276,DE,9.003451661680023e-06,261,0.5169779237031098,0.030770491423704485,-8.267943654111599e-06,-2.723614755592484e-09,4.985825789986293e-13
277,277,DE,5.195059588323642e-05,501,1.4410404146843538,0.025385735507165278,1.019610197483012e-07,-5.466593751908541e-09,-6.872611885211567e-13
278,278,DE,5.231611634774986e-06,142,0.4986858456693209,0.030765471470226957,-8.689751217475237e-06,-1.4216738804843993e-09,-3.4833472592705817e-13
279,279,DE,1.0178043729908476e-05,501,0.36779793291613744,0.03162770189774902,-1.0285732970173513e-05,-1.5655945028940489e-10,-7.801517777152916e-13
280,280,DE,1.1044045680845848e-05,501,0.8758639794793335,0.028433469959512344,-3.598127176207143e-06,-6.45010622957701e-09,1.574494640288415e-12
281,281,DE,6.476333750312458e-06,165,0.3037706094975743,0.03226533117810781,-1.2007482128033508e-05,4.464143086156657e-10,5.385531466028282e-14
282,282,DE,9.612396076290638e-06,102,0.5236603291123084,0.03075266426159504,-9.603683203590082e-06,-4.252990528297095e-11,-6.835050179627594e-13
283,283,DE,8.933013856938699e-06,159,0.4487667164512943,0.03162353223661901,-1.1025846064974144e-05,2.531916167868583e-10,-3.963758644434295e-13
284,284,DE,6.784232059241981e-06,189,0.14866428858105482,0.033491088042551624,-1.4477448334269168e-05,1.7985265287685345e-09,6.752258885809945e-14
285,285,DE,9.732020278622056e-06,189,0.4973202573740046,0.03126717168609705,-1.0288080139402098e-05,-3.7822992832887797e-10,-1.0953333788959302e-13
286,286,DE,1.0570792455500526e-05,501,0.9503155941073352,0.02782231075811713,-2.2649873870396873e-06,-7.486354807949703e-09,1.868823597090456e-12
287,287,DE,8.167426078335225e-06,156,0.017471880904619357,0.033708505456113425,-1.3821687327524984e-05,4.4385626367372804e-10,5.860272385873933e-13
288,288,DE,9.411856320800319e-06,253,0.6446433398742712,0.030243040289397838,-8.89649474211393e-06,-3.6224069903394874e-10,-7.052994470642877e-13
289,289,DE,7.495543336658177e-06,138,0.38780979002236926,0.03128577134675288,-9.382662500307673e-06,-1.1094531081048754e-09,-3.3772875669610597e-13
290,290,DE,5.227561446495958e-06,112,0.37557205387649595,0.03157291360910576,-1.0504966233313691e-05,2.5342999639469646e-11,-5.347686649020546e-13
291,291,DE,2.2805916537468085e-05,501,0.7989810725929353,0.02899623643452315,-7.131656475201789e-06,9.213513491107194e-10,-2.8381270758316587e-12
292,292,DE,6.25076045140901e-06,343,0.45126590174056413,0.03138913685141623,-1.0634661078956739e-05,-1.3731510998228193e-10,-6.312934178711546e-14
293,293,DE,2.1507522779271427e-05,501,0.9053924933860537,0.028301515830771076,-4.4812875506242935e-06,-2.934212621059446e-09,-1.142049486334288e-12
294,294,DE,6.24280656264703e-06,237,0.6559555867283152,0.029996252563454503,-7.5529397416872726e-06,-2.2089042747639973e-09,-1.9611920018246797e-14
295,295,DE,7.920089088955133e-06,107,0.3896366205326173,0.03176460255281393,-1.0829314566636967e-05,-5.7082608510228135e-11,-4.225831172637633e-13
296,296,DE,3.011473175970902e-05,501,1.1418389936361104,0.026211966925108812,1.513029431019857e-06,-1.0844378577676626e-08,2.648844494072015e-12
297,297,DE,9.40950204717157e-06,274,0.4814861938207502,0.03119506001621133,-1.0103554026905973e-05,-1.079305673260097e-09,5.267703891553727e-13
298,298,DE,6.676138127410129e-06,331,0.9490055147076761,0.02734682535766078,-1.4215347026094296e-08,-1.0718197231938433e-08,3.3402707619547295e-12
299,299,DE,7.3007224191064606e-06,270,0.1932619131280854,0.0325055688927099,-1.1800142782225871e-05,-1.429384841511458e-11,6.991831859364721e-14
0,0,GA,0.00014871380965287472,501,2.045693846093447,0.021990139769881473,2.933552794650517e-06,-3.0829233142818256e-10,-6.126474711810921e-12
1,1,GA,1.4984445096281002e-05,501,0.9535881419308311,0.028008380561569266,-3.887772241987394e-06,-4.227987649299262e-09,-1.1993692248570875e-14
2,2,GA,5.8613056898606184e-05,501,1.4023736920149592,0.025636554128157303,-1.914219022946488e-06,-7.708019770662838e-10,-3.693236701117922e-12
3,3,GA,0.00010353870176538507,501,1.7879557277026343,0.023313263703612627,1.7011540026158712e-06,-1.4773093179552821e-09,-4.75370877049879e-12
4,4,GA,0.00014178403560889842,501,2.026334018307086,0.022054014785096207,3.1481307788509166e-06,-9.214512634749964e-10,-5.788413093622464e-12
5,5,GA,9.817970907037264e-06,284,0.6286951444408397,0.03055019397908591,-9.922663729868154e-06,1.0462556627862698e-09,-1.4218069841105213e-12
6,6,GA,1.0452620892215023e-05,501,0.9730815531983988,0.027289493927148214,-6.934579712753757e-07,-8.824816505692616e-09,2.0925278168522174e-12
7,7,GA,9.329272899849603e-06,111,0.575329708206514,0.029547112794556716,-1.6878914529638806e-06,-1.4863176631852433e-08,7.529241265771659e-12
8,8,GA,2.783177801742784e-05,501,1.021005260534634,0.02801216243153911,-5.83030923470352e-06,3.3705190901182297e-10,-2.7779689952979293e-12
9,9,GA,7.858257871045094e-05,501,1.4998304361278836,0.024891731219353248,-8.278339783759357e-07,1.0456512424984717e-11,-5.051249921354219e-12
10,10,GA,6.158597605157031e-05,501,1.542235667908769,0.024576454673214888,1.038775536709538e-06,-4.546999674909271e-09,-1.906154884510055e-12
11,11,GA,6.0496207551497566e-05,501,1.5300786548583003,0.024632928813193924,9.491709977597863e-07,-4.277765747016676e-09,-2.1619593657381223e-12
12,12,GA,0.00017060818091411674,501,2.1666642576917288,0.021209763802530788,4.1386948268846365e-06,-3.183751241190396e-10,-6.710007135174033e-12
13,13,GA,5.613159766851367e-05,501,1.262320580723133,0.026980142528035288,-5.697583452939738e-06,3.085434370397836e-09,-4.917269052356408e-12
14,14,GA,3.876278180378715e-05,501,1.2887150050771448,0.026029518616182534,-1.1647731231328506e-06,-3.858054321912164e-09,-1.5727141042940462e-12
15,15,GA,0.00017170659194210212,501,2.1776560970704613,0.021349519396032784,3.6892502276359074e-06,-1.3058354311979725e-10,-6.561070205325941e-12
16,16,GA,9.957675712081543e-06,132,0.6618253310927797,0.029841564876156506,-7.785166350520985e-06,-4.5525045421272704e-10,-1.4803724447831454e-12
17,17,GA,9.51426589624429e-06,144,0.03665663586607665,0.03332244363114579,-1.2434162802139926e-05,-1.1190913517218442e-09,1.1693710538352068e-12
18,18,GA,1.1993216050857458e-05,501,0.36583776855529043,0.029989216057487382,-7.468460888662933e-08,-1.934000377731224e-08,1.016351383912021e-11
19,19,GA,9.743551884807722e-06,171,0.1631041719924644,0.032992477974751716,-1.3923938566673705e-05,3.943613058851781e-09,-2.3654740044063648e-12
20,20,GA,0.0001044942497996138,501,1.7958499655017082,0.023183436726732523,2.0494849268380076e-06,-1.7762583898260643e-09,-4.6825896171132504e-12
21,21,GA,1.5967068283505282e-05,501,1.1017110968590043,0.026638307266764114,1.256885654572129e-07,-8.61298317265098e-09,1.5377822851173493e-12
22,22,GA,3.9634556279629484e-05,501,1.3658731878577026,0.02539466727543246,6.496385848083382e-07,-6.077704258057111e-09,-5.907691826556409e-13
23,23,GA,0.0002684543008154352,501,2.694099453383615,0.018007351033652568,9.345024897577363e-06,-1.977789405564413e-09,-7.684446021328e-12
24,24,GA,3.939374664159473e-06,73,0.7227163037516219,0.028579443122433143,-1.6582531521017013e-06,-1.0425252828470683e-08,3.6575979766131174e-12
25,25,GA,4.943515602957176e-06,194,0.6056822432596228,0.028924582206799908,-1.2051124156333303e-06,-1.2453953194729134e-08,5.061670442402584e-12
26,26,GA,5.19973598153615e-05,501,1.4472895750224377,0.025000233593280782,6.259514239278181e-07,-4.5110264092722215e-09,-1.8718203412560965e-12
27,27,GA,1.9190420037137258e-05,501,1.0464359018216385,0.02714820028317738,-1.7606634659142006e-06,-5.67235113023004e-09,-1.0011400645112025e-14
28,28,GA,1.717645039557967e-05,501,0.8929068717956519,0.02850944468114723,-5.66204734810928e-06,-1.3230612045291118e-09,-1.643737833354563e-12
29,29,GA,4.1667565552480165e-05,501,1.3857622966002792,0.025297628507395708,7.276629207371718e-07,-5.903628632076813e-09,-7.725166767866564e-13
30,30,GA,9.740619805000545e-06,234,0.2318791008025592,0.031881267419672905,-9.384263918085769e-06,-3.123851412707088e-09,1.2756541103064463e-12
31,31,GA,1.0883230148880445e-05,501,-0.15255494306371234,0.03497018187660789,-1.6194387193517955e-05,1.5979424545149217e-09,8.02852785018867e-13
32,32,GA,5.97136675028705e-05,501,1.4223719218293431,0.025495273856275424,-1.5888246704431732e-06,-1.0879313803058526e-09,-3.5687206141932514e-12
33,33,GA,9.860654683150059e-06,31,0.08162771610562577,0.03317936929819094,-1.2729905626132393e-05,3.7558248168271764e-10,3.447557393810686e-14
34,34,GA,0.00014872499925977373,501,2.0532591207854107,0.021853459254455254,3.3979886740835985e-06,-7.510253941399471e-10,-6.081862103024892e-12
35,35,GA,2.6041581214207703e-05,501,1.2231858681281655,0.026096093970127465,1.7168150108196995e-07,-7.242434356738794e-09,5.569409717602059e-13
36,36,GA,0.00013792929595735917,501,2.0594149269462125,0.021635653066151155,4.63837725599558e-06,-2.931296960733636e-09,-4.8583027471421766e-12
37,37,GA,9.077566933371738e-05,501,1.6259926491843555,0.02412710907745678,5.176599139439223e-07,-6.405884929932393e-10,-5.109133931860055e-12
38,38,GA,7.601241065242609e-05,501,1.5732153986816348,0.02444288482238897,3.9803383045405164e-07,-1.8125532114547945e-09,-4.022412197206357e-12
39,39,GA,9.054942404159647e-06,42,0.5765752297556381,0.03008302855319623,-6.817224699895896e-06,-3.2126951560026594e-09,1.1017198734398983e-13
40,40,GA,6.572866411164285e-05,501,1.5925642301453156,0.02419435013719028,1.8162994803702338e-06,-4.883608888376734e-09,-2.037578528765952e-12
41,41,GA,7.181548949154469e-05,501,1.692366432593447,0.023664307807519328,3.0927078643644827e-06,-6.579899773788805e-09,-1.1566867870996946e-12
42,42,GA,8.3049483585557e-05,501,1.824961889655054,0.022632820631625406,5.281769656672848e-06,-8.242850021075816e-09,-7.803985569850145e-13
43,43,GA,7.088633520465856e-05,501,1.8143564222218325,0.02233953208257347,7.045638003947722e-06,-1.0786615175907437e-08,2.609697423161095e-13
44,44,GA,4.185106311072157e-05,501,1.260872075782064,0.02632477047195445,-2.3520958048522303e-06,-1.920852408337573e-09,-2.6159347651182428e-12
45,45,GA,1.3886627893499649e-05,501,1.052230834313445,0.02690752741332549,-3.0373788747784326e-07,-8.463100803148473e-09,1.6109646905991369e-12
46,46,GA,4.372312027155477e-06,133,0.6023821614110727,0.029207921273684063,-2.1782112392707824e-06,-1.116377288161527e-08,4.415885440394892e-12
47,47,GA,8.552663616472923e-06,18,0.9317365237294263,0.027319792370175344,5.7530270234474145e-08,-1.03832015270239e-08,2.938378129676509e-12
48,48,GA,0.00012859970071615867,501,1.9202062818623955,0.022656411741121457,2.382964071255661e-06,-5.818937707145156e-10,-5.903047619121133e-12
49,49,GA,1.5267580351868326e-05,501,0.9551324263482627,0.02777383771677503,-3.0451919866543965e-06,-4.838500835506401e-09,-7.254600168887288e-14
50,50,GA,5.419309981187661e-05,501,1.5579875747727194,0.024226148923656862,2.7545483720747826e-06,-7.312974264138057e-09,-4.90933963766641e-13
51,51,GA,0.000273487846996526,501,2.661863192958512,0.018365070382586,8.044909700181157e-06,-1.2565160209443133e-10,-8.580610823802917e-12
52,52,GA,1.6261173034360822e-05,501,0.8525094286686634,0.028913043185982604,-6.801126011583051e-06,-2.933370262050302e-10,-1.862249529863064e-12
53,53,GA,6.786125744176377e-05,501,1.5875666723159663,0.02428579640437504,1.3632447602485104e-06,-4.066245165982132e-09,-2.504304339216482e-12
54,54,GA,3.9236454323836454e-05,501,1.625091066539107,0.022909023327609836,8.3493602496136e-06,-1.5343443780666913e-08,3.192546460178823e-12
55,55,GA,7.325371986238998e-05,501,1.6034641504428109,0.02436760831336415,7.061679771005252e-07,-3.0339066663883952e-09,-2.9463119896332804e-12
56,56,GA,0.00011730244444148608,501,1.86537447929662,0.023049400649382344,1.5999242595516098e-06,-6.669951246223142e-10,-5.269136831894298e-12
57,57,GA,9.91524534444358e-06,44,0.8546903449056885,0.027620977685238197,3.330678389772133e-08,-1.079655691775732e-08,3.076542053273808e-12
58,58,GA,9.969842788536895e-06,90,0.29339648314460803,0.03171536736077236,-9.665130169200934e-06,-1.660468088909322e-09,1.816774300040585e-13
59,59,GA,2.0869587553956778e-05,501,1.1167470847873266,0.026686387416667134,-8.013343655887496e-07,-6.610644253635467e-09,3.86474792850795e-13
60,60,GA,2.0137777848193192e-05,501,1.1389588313817065,0.026530137093505008,-2.709328686960288e-07,-7.411238811269069e-09,7.997290657970436e-13
61,61,GA,1.504007398785857e-05,501,-0.21352511139617109,0.03519009651410621,-1.59232871538424e-05,3.284455445679294e-10,1.66044840593504e-12
62,62,GA,9.201254487127278e-06,57,0.61396252980226,0.030556273798204997,-9.4245641376056e-06,-3.2425894413951465e-10,-5.055296305676843e-13
63,63,GA,9.526982549600787e-06,126,0.5600848181860868,0.0290406519323718,-1.0079001200456076e-06,-1.2870555475981746e-08,5.147959024988251e-12
64,64,GA,9.67953152804528e-06,28,0.1270312988737346,0.03321317656287777,-1.2515709772321154e-05,-1.4073058228041443e-09,1.486338624587995e-12
65,65,GA,5.6368227203489556e-05,501,1.5208249928218747,0.024469979830230783,1.8384460439614295e-06,-5.535620310010386e-09,-1.618582487045406e-12
66,66,GA,2.3946033654436975e-05,501,1.1513775719414159,0.026505523430088992,-6.609793109873386e-07,-6.253651598908586e-09,1.177084140220013e-14
67,67,GA,5.5232938568633446e-05,501,1.4774327523120478,0.02482088324112131,8.856110761631503e-07,-4.462238464901777e-09,-2.0556315320568505e-12
68,68,GA,5.446400039390723e-05,501,1.431317091367385,0.025145833084398092,2.535966715447445e-08,-3.396179491859397e-09,-2.5492771095354406e-12
69,69,GA,2.847252815216253e-05,501,1.0509279772517264,0.027775914238874256,-5.205713991196421e-06,-3.047539663575337e-10,-2.559092143405331e-12
70,70,GA,2.6857418729044403e-05,501,1.2055210448894405,0.02618640546748871,-1.3392790631014713e-07,-6.490058151863986e-09,-1.8430979795346188e-14
71,71,GA,1.2339777974372401e-05,501,0.9473845573572007,0.027504744191182987,-1.4080040575501813e-06,-7.522169500626297e-09,1.2645853364198022e-12
72,72,GA,5.892305267169178e-05,501,1.5055283973914224,0.024834925834950526,5.069797769761687e-07,-4.086566427060181e-09,-2.0838983427416572e-12
73,73,GA,8.466820599096762e-06,99,0.40206930353415354,0.03045007311488939,-4.7492694864322105e-06,-8.961187232855295e-09,3.7327708940435085e-12
74,74,GA,2.2728671251579785e-05,501,1.196794199613551,0.026198141375212994,3.085286436251164e-07,-7.8128348836665e-09,9.007033590958417e-13
75,75,GA,0.0001603274690849315,501,3.0445246596631477,0.012264208729430976,3.310013526556915e-05,-3.65139495747383e-08,8.57747994884385e-12
76,76,GA,8.40053293504824e-06,25,0.3101488509929533,0.0322274929537193,-1.1561674576443236e-05,1.672583025037426e-11,-1.3936740277891014e-14
77,77,GA,9.668789543565948e-06,86,0.08292052371676255,0.032982493613871275,-1.1773813765455564e-05,-1.3250771432442743e-09,9.464431933712238e-13
78,78,GA,7.216457121528091e-06,23,0.2915023788151632,0.03179382180540354,-1.0179348703965114e-05,-9.98779547704641e-10,-4.025153433702633e-14
79,79,GA,7.990657085510408e-05,501,1.6187192431908548,0.024253974687183318,5.320658525543731e-07,-1.8484265679083326e-09,-3.934743571642886e-12
80,80,GA,9.75750212066678e-06,85,-0.01730498425120926,0.03377020395978816,-1.3366811559858382e-05,-3.13462777347164e-10,8.557488119149233e-13
81,81,GA,7.25596564756618e-05,501,1.546205381550447,0.024648362274347125,-2.5702538313226335e-08,-1.65393167087908e-09,-3.906429669437597e-12
82,82,GA,6.454045836446427e-05,501,1.3494912146420126,0.026111026194897916,-3.6246459169989095e-06,2.1211400506135178e-09,-5.379565848259852e-12
83,83,GA,7.3360218791531215e-06,310,0.5426311789135239,0.029398508628298417,-2.686687017653456e-06,-1.0669000770779548e-08,4.372358867494267e-12
84,84,GA,9.372931069749395e-06,63,0.09775743322844462,0.03394265307848181,-1.6360023011532234e-05,4.432441481297018e-09,-1.0748431446913048e-12
85,85,GA,9.997166338251469e-06,229,0.34103990541287227,0.031052031048104285,-6.933705109415078e-06,-5.802320895536187e-09,2.155505206211725e-12
86,86,GA,9.864690265307453e-06,130,0.6520103452048521,0.02937194020966744,-5.159873610889817e-06,-4.5607376267019545e-09,4.999630727255274e-13
87,87,GA,2.8661116261156022e-05,501,1.191842201287851,0.02624654811956878,-3.912593095807693e-07,-5.865347729287126e-09,-4.559193271466417e-13
88,88,GA,2.5498647422646597e-05,501,1.0600292270031089,0.027612866016077518,-4.2820380214613945e-06,-2.1683973383893704e-09,-1.412331992277184e-12
89,89,GA,0.00011684013119876222,501,1.872543655864734,0.02278009742839507,2.459333377039769e-06,-1.5502188882137844e-09,-4.976473846178062e-12
90,90,GA,8.128283690276487e-05,501,1.6054848247027114,0.024340611994076947,2.2387489154779684e-07,-1.2325882526883594e-09,-4.335262435692784e-12
91,91,GA,2.9828151906182633e-05,501,1.2459891209021643,0.02600087320747789,1.0471265030752059e-08,-6.288853829433028e-09,-2.2487910231113936e-13
92,92,GA,9.970127036461152e-06,134,0.6136399912441061,0.0296017191753367,-5.485887674854547e-06,-4.48316318183729e-09,5.157622379710308e-13
93,93,GA,0.0004165136354372481,501,3.0567004144907,0.016031939042625672,1.0219717380106816e-05,3.633367124199785e-09,-1.2818680493851474e-11
94,94,GA,0.000191728259719599,501,2.269357392718858,0.02078775777975222,4.454830242088178e-06,1.2727214830647837e-10,-7.109241503015661e-12
95,95,GA,6.106421427205832e-05,501,1.4372113178422923,0.02510751853233647,-2.2575519452829213e-07,-2.3267470223335067e-09,-3.396530115682143e-12
96,96,GA,9.657982012608899e-05,501,1.7020279046586313,0.02381873148691263,6.68597000928084e-07,-6.802484895537781e-10,-4.9136833867298355e-12
97,97,GA,6.364412561604003e-05,501,1.5172258527049525,0.024716534064835916,4.515390741247126e-07,-3.1348151746413083e-09,-2.8964040217935963e-12
98,98,GA,2.7548890482114178e-05,501,1.2564038759696106,0.02564750974139746,1.5493022533204126e-06,-8.400458975882006e-09,6.823891005292229e-13
99,99,GA,9.389975606901927e-06,65,0.6132845487910081,0.02870914845746495,-5.831194614370283e-07,-1.282972811496031e-08,4.971464868852525e-12
100,100,GA,0.00013241602903860274,501,1.8946046839597903,0.022559492578055347,2.58900180252164e-06,-2.0008737185553194e-10,-6.408243861245081e-12
101,101,GA,4.624008877614143e-05,501,1.2557160971527521,0.026334495781614817,-2.6656145324572505e-06,-9.546473054933168e-10,-3.2751023771839477e-12
102,102,GA,1.7049251476048714e-05,501,0.9387662651325991,0.02820688273549701,-4.841915464733509e-06,-2.5087699269787717e-09,-9.925112201413316e-13
103,103,GA,3.324596052779385e-05,501,1.2558862950026686,0.026008700067325023,-4.0017610106401925e-07,-5.297183113513119e-09,-8.407374900069832e-13
104,104,GA,0.00011934783479221995,501,1.8876373022813357,0.02279846246019682,2.2158459194141397e-06,-1.1525706203037378e-09,-5.186203882745558e-12
105,105,GA,0.00013257669593893932,501,1.9553724471630798,0.022389853880048553,2.6756115427414215e-06,-7.300016160398476e-10,-5.77469628130662e-12
106,106,GA,0.00021026274390154978,501,2.396343597481355,0.019978324540575625,5.924624765059067e-06,-9.016233774902242e-10,-6.9188889062187055e-12
107,107,GA,7.308340572145523e-05,501,1.5301488667890757,0.02479129991740053,-4.51330015483208e-07,-1.0643713006823497e-09,-4.225173645204215e-12
108,108,GA,2.2680386958383925e-05,501,1.1692833777167932,0.026342151206275897,-4.5308259376489434e-08,-7.238635799712301e-09,5.399012279465885e-13
109,109,GA,5.285652553701015e-05,501,1.2948539393951901,0.026026228553168308,-2.0413724434543956e-06,-9.351316962137224e-10,-3.752775249182762e-12
110,110,GA,0.00018780638020023533,501,2.257900204859684,0.020789102701772973,4.526718496611994e-06,-1.35067715906963e-10,-6.950808519954564e-12
111,111,GA,5.451781185041573e-05,501,1.4747642604543196,0.024792448490036215,1.058167167033358e-06,-4.704231431408745e-09,-1.9535720409529238e-12
112,112,GA,0.00012121728165517152,501,1.8984975527521184,0.022769211436905,2.2116221452347928e-06,-9.85662349313343e-10,-5.350180355954828e-12
113,113,GA,9.587693702677648e-05,501,2.0674226668646964,0.02004559040739447,1.2823994603168707e-05,-1.547970352170828e-08,1.0874692130469206e-12
114,114,GA,1.4605914145836287e-05,501,0.8226814763769166,0.029078249641861037,-7.00055068239015e-06,-3.7258694394340373e-10,-1.7150811057939089e-12
115,115,GA,0.00016249482390824017,501,2.144263318904175,0.021373539606112848,4.068992388703831e-06,-9.856588631004466e-10,-6.103578405004007e-12
116,116,GA,0.00010141688204913605,501,1.8524704181714564,0.022847133452217856,3.2522970065792165e-06,-4.0135872348327124e-09,-3.3032823869366187e-12
117,117,GA,6.030811287025266e-05,501,1.4069413588952484,0.025551966757015536,-1.7495789948956245e-06,-6.714707087484459e-10,-3.9020748219399484e-12
118,118,GA,1.1761980079887718e-05,501,0.7511067829493417,0.028904869380640866,-4.821116014644279e-06,-3.930158936790498e-09,-1.3759550485396297e-13
119,119,GA,5.493191393883825e-05,501,1.5731715069022816,0.02417264577159725,2.889032924426165e-06,-7.52102325684339e-09,-3.873373350151697e-13
120,120,GA,8.920657720471358e-06,133,0.584563794281425,0.030003500768917408,-7.111243719378967e-06,-2.292295017690921e-09,-3.505668807862244e-13
121,121,GA,9.871307610497537e-06,152,0.5077068081722195,0.02955534276029624,-2.49481247747802e-06,-1.1075726747327159e-08,4.350208156088331e-12
122,122,GA,7.452751954852745e-06,321,0.6577589351551961,0.029252445691278106,-4.461334525056906e-06,-5.924005071071742e-09,1.3050392527514174e-12
123,123,GA,2.987911864455272e-06,24,0.4405270975762942,0.03125972211490837,-9.93783895339927e-06,-8.000713767047315e-10,-2.953288191991844e-14
124,124,GA,7.685954534429761e-06,41,0.49070233882908,0.03133109075427211,-1.0534402132859218e-05,1.0122492241642116e-11,-3.704848541526762e-13
125,125,GA,9.898282996765669e-06,282,0.8024515543263698,0.028053408745719634,-1.171274522794476e-06,-9.41798793900953e-09,2.511455837901985e-12
126,126,GA,8.750754473697758e-06,72,0.2224680967658383,0.03225029226168297,-1.1100400028456512e-05,-2.614382318178755e-10,-2.2261091920503607e-13
127,127,GA,6.203857252267406e-05,501,1.5406245658433941,0.02455015753776183,1.0592643331625599e-06,-4.204786522186925e-09,-2.2633020273565053e-12
128,128,GA,9.79116589635729e-06,222,0.511773387016192,0.03033222631570008,-7.191981233507513e-06,-2.908579577678757e-09,1.46872006656963e-14
129,129,GA,0.00011197735222892328,501,1.8370297544091134,0.022924762786278183,2.3688671720963418e-06,-1.8622130666620245e-09,-4.665920115976554e-12
130,130,GA,6.154403278248958e-05,501,1.5933726184405865,0.024113409058699437,2.4272669881500783e-06,-6.1340642928821236e-09,-1.2953133482655955e-12
131,131,GA,0.00024165181395784346,501,2.548363903998663,0.018902774295619675,7.79831600632761e-06,-1.1067028007518189e-09,-7.751944623390145e-12
132,132,GA,0.00016477683453013895,501,2.131530745705983,0.021589945148183527,3.2914276975173647e-06,-4.821951390594415e-11,-6.4273807623885855e-12
133,133,GA,1.953097807760182e-05,501,1.1150499255355322,0.02663979079259547,-4.3921208434330125e-07,-7.248826581771621e-09,7.095688690913871e-13
134,134,GA,0.00014991788898170296,501,2.0534891082087032,0.021922453317908135,3.0733376118160544e-06,-3.4419470208860347e-10,-6.177421858465849e-12
135,135,GA,5.457807159563084e-06,21,0.4092932125820445,0.0314465927117757,-1.022604193501775e-05,-7.597413448881241e-11,-7.303390042139432e-13
136,136,GA,9.987850076810165e-06,264,0.4967335589895901,0.029503460414593886,-1.9616446202668065e-06,-1.2173192916705172e-08,5.040425902103325e-12
137,137,GA,1.9730328176470122e-05,501,1.1193382811899446,0.026675346352617032,-6.38171615655903e-07,-7.0201212325187495e-09,6.49143012006477e-13
138,138,GA,9.476594734751517e-06,258,0.8030631048765821,0.028110304907361293,-1.3933527655121677e-06,-9.26976931765865e-09,2.6238253543680184e-12
139,139,GA,1.0775617435946601e-05,501,0.8390758118994848,0.028586443570558746,-4.705507124474803e-06,-3.813854539033836e-09,-9.11185924046834e-14
140,140,GA,0.00013910382481716662,501,1.9799436744045655,0.022244412163579214,2.8335933579200775e-06,-3.15273149242286e-10,-6.269469307185949e-12
141,141,GA,0.00014868893113946388,501,2.0366356710191256,0.02180101180256262,3.666308511911699e-06,-6.664256620099689e-10,-6.373613085120062e-12
142,142,GA,2.385237694535483e-05,501,1.1923359331324763,0.026202942256348113,2.057897885892961e-07,-7.367591887368916e-09,5.325491807816165e-13
143,143,GA,3.061278719719313e-05,501,1.2389168218101092,0.026079888495687525,-3.295468826964217e-07,-5.775170846563495e-09,-4.674080463900837e-13
144,144,GA,8.295035089672712e-05,501,1.6442773335600285,0.02414871896117517,7.207747807036569e-07,-1.827449164036856e-09,-4.1045774708721975e-12
145,145,GA,6.704549315478907e-05,501,1.5064044181325145,0.02481805837877311,-7.431237421196686e-08,-2.0599325914725396e-09,-3.5682109701319023e-12
146,146,GA,0.00010130804875094997,501,1.7651233689192214,0.023407387725370692,1.5803489006483392e-06,-1.4318142571500944e-09,-4.752161818320813e-12
147,147,GA,5.195098524644912e-05,501,1.284521733417393,0.02664153438811615,-4.176726911856895e-06,4.1781863264281735e-10,-3.3921326802913556e-12
148,148,GA,1.311930688506898e-05,501,0.9194316555436634,0.028085302328403842,-3.741816435015954e-06,-4.48668449817218e-09,3.430818961563183e-14
149,149,GA,6.948577826227458e-06,274,0.6756475234307028,0.02868872274715537,-1.8757220717234348e-06,-1.0371699013158258e-08,3.821032216409035e-12
150,150,GA,9.934380038131685e-06,281,0.4134098018203324,0.029899640385372007,-1.7973312194201825e-06,-1.4057803409100247e-08,6.462460179378637e-12
151,151,GA,1.3977793856237918e-05,501,0.95415634896978,0.02765295929862918,-2.3686756601665132e-06,-5.929130887057503e-09,4.694393669708281e-13
152,152,GA,9.860193407838026e-06,140,0.8000346879135808,0.02883814116240283,-5.233608509796899e-06,-3.4200901651935104e-09,-1.5763977477341885e-13
153,153,GA,1.6789800750250054e-05,501,0.9953525533965916,0.027649128988881336,-3.102035160928843e-06,-4.5583538878826946e-09,-1.9009158593496533e-13
154,154,GA,2.7253668190761044e-05,501,1.2725098566347766,0.025659170429934108,1.3568339356294635e-06,-8.32426492687104e-09,8.050199797550691e-13
155,155,GA,9.87816232315424e-06,131,0.8945561676817348,0.02772571809434192,-1.1736692164518383e-06,-8.699709964064841e-09,2.0176464088326652e-12
156,156,GA,9.909596052399227e-06,125,0.3042181285603893,0.03061429648097736,-2.6520930736138996e-06,-1.508200470001133e-08,7.846992313130846e-12
157,157,GA,0.0001030280893576505,501,1.8005550475902234,0.02328413173913016,1.8684460993930307e-06,-2.081458986448455e-09,-4.21313382304958e-12
158,158,GA,9.217216739470967e-06,24,0.1367322967535597,0.03362311917526722,-1.4888766258633998e-05,1.988617770505536e-09,1.9525818874419385e-13
159,159,GA,9.581513303368457e-06,190,0.34126934185525254,0.030420658808889927,-2.2923262163887096e-06,-1.5188831246001056e-08,7.710392882111627e-12
160,160,GA,0.00021551183332323544,501,2.3927813880694075,0.019913087915834897,5.87972847955275e-06,-6.820381114602375e-11,-7.702085567012235e-12
161,161,GA,9.921708372431463e-06,48,0.02735215476294782,0.033444897564287826,-1.3013921455536401e-05,2.0844176746605666e-11,4.4087204796542366e-13
162,162,GA,4.3447669550913254e-05,501,1.3990239483155142,0.025212141657629562,8.035076530564626e-07,-5.747739239054094e-09,-9.448128049402505e-13
163,163,GA,0.00015974635295823515,501,2.1077387205703237,0.02143198834847472,4.1676593532308675e-06,-6.688080560904731e-10,-6.602294782615202e-12
164,164,GA,6.3239099994482135e-06,24,0.4051850419944386,0.03177440131590802,-1.1264027159137316e-05,2.7648753653229522e-11,8.697795996232415e-14
165,165,GA,1.666241646320965e-05,501,1.0903719202779896,0.02679523249634485,-5.308293726161606e-07,-7.723358466336662e-09,1.1763379224733332e-12
166,166,GA,0.0002894749281723736,501,2.7264565395974767,0.018230510679355008,7.8510674953926e-06,1.0090073049257227e-10,-8.489518292850312e-12
167,167,GA,0.00014270459205295897,501,1.9490815214428951,0.0219936155861295,4.083891496390228e-06,-1.7111353740530446e-09,-5.98475725444574e-12
168,168,GA,1.18832803500733e-05,501,0.9354375857875106,0.027654231170696396,-1.8639549912366976e-06,-7.032099153267103e-09,1.0924545698666285e-12
169,169,GA,0.0001386723615780201,501,1.9431840711284516,0.022327915291991615,2.7976455983094365e-06,-9.867500001926881e-11,-6.534927894954651e-12
170,170,GA,7.289176776496809e-05,501,1.446709908772414,0.02515587900042567,-1.1284935034124793e-06,-1.1788048665922934e-10,-4.813846366045436e-12
171,171,GA,4.11534506809842e-05,501,1.200863398470767,0.026785276023825005,-3.633249014661837e-06,-3.8577931360385875e-10,-3.2788945108114e-12
172,172,GA,9.773327954672899e-06,145,0.027235024925819865,0.034456444271767035,-1.7060591857484635e-05,4.337845027788764e-09,-6.94772280520819e-13
173,173,GA,3.653871785439393e-05,501,1.1455630826265006,0.027234064229785988,-4.548849048693664e-06,-4.300918786682365e-11,-3.0549116453475413e-12
174,174,GA,4.973951146866175e-05,501,1.5150905273181365,0.024412043699957815,2.5961527080387913e-06,-7.35517967395272e-09,-4.53202151975067e-13
175,175,GA,2.1088909271002542e-05,501,0.9252705540301531,0.02834049831734539,-5.649526417368196e-06,-6.291196149814679e-10,-2.2363345225396084e-12
176,176,GA,6.403596469296434e-05,501,1.4874476598041653,0.0249081510301421,-8.033249609065544e-08,-2.3180694689166336e-09,-3.375253401320068e-12
177,177,GA,0.00013095974394936432,501,2.015416249311013,0.02203874267096917,3.8892349188795935e-06,-3.1374129242009732e-09,-4.182446420670418e-12
178,178,GA,1.5601649470726862e-05,501,0.9927984871775462,0.02744098665937447,-2.092039367767795e-06,-5.9281227985205325e-09,3.6677456318127777e-13
179,179,GA,0.0001091470824970023,501,1.9695563140268433,0.021868630880497182,5.693583292208158e-06,-6.223515681094857e-09,-2.7083671357332166e-12
180,180,GA,6.666720161082763e-05,501,1.5597160726594173,0.024414495956225295,1.1128016598082684e-06,-3.992179314408737e-09,-2.4049188368296904e-12
181,181,GA,7.466573397977954e-06,31,0.3823636528811127,0.031308502924955746,-9.069651928759157e-06,-1.9853866513467415e-09,1.437244530191839e-13
182,182,GA,9.298790363698649e-06,35,0.5868506099089968,0.030633295097764118,-9.271929764710306e-06,-1.0789765555194245e-09,7.289980597896056e-14
183,183,GA,1.0574514262068304e-05,501,-0.08443146035132067,0.03430513983044502,-1.409395253734444e-05,-9.970765452142543e-10,1.8956370131016237e-12
184,184,GA,8.738694294905466e-05,501,1.6599406147525135,0.024000721584533615,8.054673327192008e-07,-1.4473848213912473e-09,-4.442320254585761e-12
185,185,GA,0.00012214957329948956,501,1.910758207154107,0.022574556026671053,2.747744136340134e-06,-1.4690243017693587e-09,-5.222343834896521e-12
186,186,GA,9.324783239053548e-06,26,0.166698733909043,0.03276262961811067,-1.1859504004271272e-05,-3.4753420985941246e-10,8.378433811414297e-14
187,187,GA,9.919994314580336e-06,231,0.4946320645684081,0.030109053991327,-5.572449097319873e-06,-6.912174139996724e-09,2.8670312016929415e-12
188,188,GA,0.0001772907899685589,501,2.205901755878127,0.021176176830560514,3.92014199572026e-06,-2.992156375205553e-10,-6.4671484420644516e-12
189,189,GA,9.947121299552068e-06,319,0.39784523501212327,0.030267124935345533,-3.6014237424384788e-06,-1.096392770495541e-08,4.784426199776684e-12
190,190,GA,0.00021814025661793298,501,2.424666099470986,0.019735443880053303,6.283537235807963e-06,-6.852126858626758e-10,-7.328078242489671e-12
191,191,GA,4.78262637994074e-05,501,1.457127348047228,0.024821860475182776,1.5847664987897903e-06,-6.213446873338213e-09,-9.147568603847185e-13
192,192,GA,5.514262795429756e-05,501,1.4576927658989332,0.024976733462017144,4.505741695227991e-07,-3.922319830970851e-09,-2.2766575730244866e-12
193,193,GA,9.603655195303302e-06,317,0.3439900930593388,0.03142885868991048,-8.855325314505657e-06,-2.650418254159531e-09,5.704226757555529e-13
194,194,GA,0.0002169887231221784,501,2.4010198447974087,0.02008073558495742,5.3414236490904715e-06,-1.1289077758960828e-10,-7.195741886202481e-12
195,195,GA,0.00012158534277806653,501,1.9100745801834398,0.022648894620574695,2.5504529673983187e-06,-1.3470327153167292e-09,-5.21746825579786e-12
196,196,GA,7.909026252222369e-05,501,1.543272892295112,0.024753176698860662,-8.029966135374301e-07,-7.942729518661709e-11,-4.831647070779397e-12
197,197,GA,7.647970288973349e-05,501,1.610621688299025,0.024262426550130566,7.523234682464603e-07,-2.4794632593532706e-09,-3.5094935878129855e-12
198,198,GA,5.802131302125276e-05,501,1.495695839109397,0.02472411801897262,9.961735635501236e-07,-4.267502294669518e-09,-2.3146636013896576e-12
199,199,GA,7.417336366945647e-05,501,1.6129859564081066,0.024222412459292807,1.04443412460436e-06,-3.1250095891854366e-09,-3.1027177148489666e-12
200,200,GA,1.2742515568647956e-05,501,1.0056655330464903,0.027257310338913196,-1.1447170453571871e-06,-7.678399813748416e-09,1.3720738054914035e-12
201,201,GA,0.0001982407956346086,501,2.2173015446241044,0.021152034839436472,2.981900693881208e-06,2.7112577362742477e-09,-8.683355396305948e-12
202,202,GA,2.154805684605196e-05,501,-0.4270155337943382,0.036739226836209046,-1.9709067349048543e-05,4.094416032602318e-09,3.5503816727061077e-13
203,203,GA,7.849243362530703e-06,129,0.31771395871878566,0.030931257356428994,-4.214649081349211e-06,-1.2905628943465806e-08,6.888990086868926e-12
204,204,GA,6.5864587691147994e-06,29,0.6323464640473152,0.029824620178088564,-6.705778859487441e-06,-2.980481697671429e-09,1.2022793991987899e-14
205,205,GA,3.1365085328629615e-05,501,1.0392774830920657,0.027604450280820817,-4.571523904213155e-06,-3.985636113467503e-10,-3.000854341151288e-12
206,206,GA,8.749020798471083e-06,208,0.4336927076119352,0.03008452340764818,-3.7541326114455724e-06,-1.0093442111978537e-08,4.260983711473916e-12
207,207,GA,8.587172642640872e-05,501,1.6553260313602274,0.02401911253958661,8.811066973157492e-07,-1.6578199573832708e-09,-4.327224805058767e-12
208,208,GA,9.900045819589744e-06,187,0.4856545523856643,0.030782398694413456,-9.08352065103884e-06,-7.413488569778069e-11,-1.3386958433523781e-12
209,209,GA,9.922600649325585e-06,200,0.5048711155145786,0.02928371267435146,-6.378594824541432e-07,-1.4569867039539142e-08,6.34222902078735e-12
210,210,GA,9.92561345417707e-05,501,1.7770706832372956,0.02344336769576407,1.7403788860326651e-06,-2.0424434880219534e-09,-4.363541944071005e-12
211,211,GA,2.473833180352352e-05,501,-0.375352946529293,0.03703270997462482,-2.1600121082814785e-05,6.185570866518428e-09,-8.916529654318522e-14
212,212,GA,5.0540208398471515e-05,501,1.331092639268235,0.025960957797124016,-2.0925174991145908e-06,-1.2350544612205521e-09,-3.3043667332001057e-12
213,213,GA,0.00015949388461412436,501,2.1226619621533787,0.02162198621609972,3.4997263532792485e-06,-6.103478768692391e-10,-6.114382283898151e-12
214,214,GA,0.00013219346397313632,501,1.944176709190314,0.02258544995847896,2.076696555222907e-06,-2.8913049961602355e-10,-5.763481919093892e-12
215,215,GA,2.9487735223395983e-05,501,1.1719046878447184,0.02676167824932522,-2.125968154911474e-06,-3.931213147980333e-09,-1.1479371766621831e-12
216,216,GA,0.00014737912991851575,501,2.0691092815256753,0.021773638415336638,3.732112890418972e-06,-1.211567991245688e-09,-5.873754781319112e-12
217,217,GA,1.6539121589341042e-05,501,1.0650221646240443,0.026945753574131037,-8.933375260375539e-07,-7.233445607367698e-09,9.078358792243048e-13
218,218,GA,0.00019566407635540414,501,2.4535148930514885,0.019405995360354963,8.763905931116866e-06,-6.505392095381954e-09,-3.4643876610414498e-12
219,219,GA,1.3742754972618224e-05,501,0.9280414226762309,0.02798525057723845,-3.4835779455358812e-06,-4.6215347237965905e-09,-1.2598532908009718e-14
220,220,GA,9.304255669380083e-05,501,1.9505360731027042,0.02175970944464268,7.161896296047529e-06,-9.601763977789132e-09,-5.910883500663536e-13
221,221,GA,9.431584850553314e-06,57,0.3906424025014838,0.03138625788940588,-1.0095745635721502e-05,1.8065371534136278e-10,-1.1274913440834685e-12
222,222,GA,0.00015863589455778406,501,2.123820357203072,0.021444788984234485,4.172190805267647e-06,-9.79414056877897e-10,-6.314482674661797e-12
223,223,GA,2.9656895285674498e-06,12,0.2896858181947988,0.03220838529153285,-1.1431045893152268e-05,-1.1154257171034977e-10,-4.9731527791304345e-14
224,224,GA,4.808442848018168e-05,501,1.411870290007326,0.025039594107009854,1.0517420360195921e-06,-5.256821188532496e-09,-1.5879828745616249e-12
225,225,GA,5.6881403953299555e-05,501,1.4945747327138994,0.024827366997330895,6.854781240863929e-07,-4.247478758741434e-09,-2.0858226080967278e-12
226,226,GA,9.97624717082265e-06,44,-0.08528004829121677,0.034511430047405985,-1.5105770285772321e-05,3.2799134304604876e-10,1.4162182355754001e-12
227,227,GA,7.988732735008095e-05,501,1.6474273016739849,0.02400991656885515,1.2935516079909403e-06,-2.7602900351184325e-09,-3.5780684497618837e-12
228,228,GA,0.0001946823008110044,501,2.3096739151691392,0.020464689271551095,5.181016147517962e-06,-6.843013546598858e-10,-6.774904399883153e-12
229,229,GA,5.982533257031158e-05,501,1.497204701897643,0.024805973869608786,5.085594574488254e-07,-3.578635774851736e-09,-2.570072492198195e-12
230,230,GA,8.716035346962413e-06,25,0.27256817308048237,0.0324480445755641,-1.186192292893168e-05,-1.2230555101448792e-11,-3.305794558756959e-14
231,231,GA,9.955044032083944e-06,351,-0.07069400437051701,0.03420438442437452,-1.4190152344966811e-05,-8.962064780092469e-11,1.1121950150339886e-12
232,232,GA,4.8415827656652086e-05,501,1.3022885841925569,0.025955653551617226,-1.6550479609073628e-06,-1.8754831886267736e-09,-3.097535784566915e-12
233,233,GA,0.00011033969230645315,501,1.842966255415759,0.02294310474115651,2.37153817399751e-06,-1.8264304460881915e-09,-4.768405507766924e-12
234,234,GA,5.2511467230891224e-05,501,1.4356293093949837,0.025154002703357367,9.668055903508355e-08,-3.866738869839092e-09,-2.12319814912816e-12
235,235,GA,0.00106287562959361,501,5.061363541461843,0.004131330482833681,2.955693727419309e-05,-4.133163715697776e-09,-1.4664928485646092e-11
236,236,GA,5.20195622126564e-05,501,1.489047174983848,0.024767511572609136,1.315224265587689e-06,-5.661930327790893e-09,-1.177155829387363e-12
237,237,GA,9.927845475286035e-06,38,0.7279007328659286,0.029679403360898183,-7.351251093156916e-06,-2.1066015492158653e-09,-2.046932056650358e-14
238,238,GA,5.873325390991199e-05,501,1.539209723411484,0.024413519560837822,1.7741563124364822e-06,-5.3007573928855116e-09,-1.7456846849824182e-12
239,239,GA,8.86919837860621e-05,501,1.6453836572794545,0.024077564242798485,5.470613281104493e-07,-9.422618204659581e-10,-4.770187818990305e-12
240,240,GA,8.463557004606738e-05,501,1.674179791135353,0.023967224196885788,1.0832061108023962e-06,-2.2291499270407405e-09,-3.8994051257269026e-12
241,241,GA,2.6569354287032026e-05,501,1.1970088408838124,0.026244173511126512,-2.7386909411659535e-07,-6.368787533270033e-09,-4.413255746520212e-14
242,242,GA,7.920817408591714e-05,501,1.6039313261050558,0.024318336077813058,4.340196893066375e-07,-1.6824214101165799e-09,-4.072321887298952e-12
243,243,GA,9.482020805110164e-06,184,0.3795892906544547,0.030652806119414858,-5.9509605445215735e-06,-6.947688790108492e-09,2.798067141417693e-12
244,244,GA,5.227158737220438e-05,501,1.2545877429960672,0.02681433745396752,-4.902009684620487e-06,2.0766743175708913e-09,-4.5479327410750915e-12
245,245,GA,1.3761085955627216e-05,501,0.9713742239878529,0.027337553124326845,-1.120499683512909e-06,-7.612386360837102e-09,1.1824734726055281e-12
246,246,GA,9.401384037240963e-06,44,0.6180339026668379,0.02973850744806573,-6.566721756677862e-06,-3.042259571162781e-09,1.0488124528806158e-13
247,247,GA,9.95362288524504e-06,76,0.7036403316212583,0.029832511392941703,-7.768881536405766e-06,-1.7167059317559804e-09,-1.2260883210890708e-13
248,248,GA,9.764959015231219e-05,501,1.7443426353064502,0.02354661585948078,1.4280366009618401e-06,-1.5067326390774494e-09,-4.629579456682083e-12
249,249,GA,4.684212603404342e-05,501,1.2856771919927577,0.026355477260712284,-2.9964222727237745e-06,-8.082512362393989e-10,-3.1247669592274026e-12
250,250,GA,3.05276358208356e-05,501,1.0211828419346825,0.02773819211945102,-4.8954157279027946e-06,-1.1501563419030645e-10,-3.0746188093506554e-12
251,251,GA,7.619322198918319e-05,501,1.6344191879952419,0.02418985358294287,1.0248150633824032e-06,-3.0776767148046568e-09,-3.123304337754901e-12
252,252,GA,4.631608202156029e-05,501,1.2070395720068423,0.026505587481812212,-2.7652918665649235e-06,-7.844860395775164e-10,-3.5542117061978356e-12
253,253,GA,7.883101305075423e-05,501,1.5703334552131563,0.02452828284060274,-1.062792582847246e-07,-9.59884247020891e-10,-4.44275559346123e-12
254,254,GA,0.0001576361040623812,501,2.121167103152255,0.021546241351967726,3.812388935578556e-06,-1.1475024283055154e-09,-5.7797463730292864e-12
255,255,GA,8.6976304778542e-06,38,0.5220822874482152,0.03114270400813194,-1.0532166955831106e-05,2.1483540211979116e-10,-3.479826550057363e-13
256,256,GA,2.464034386583171e-05,501,1.1799304013641556,0.026296047035562986,-1.47862307077537e-07,-6.789440166318626e-09,2.1789451159073628e-13
257,257,GA,1.2734389370252881e-05,501,-0.18877623059911913,0.03511974738268571,-1.621665360464212e-05,1.2604500597245521e-09,1.0499766223055012e-12
258,258,GA,6.761530257387101e-05,501,1.6784128411018302,0.023400266962036873,4.0987361611966315e-06,-7.309028476694504e-09,-1.208419628453703e-12
259,259,GA,9.776252097679133e-06,222,0.3296585645773411,0.031371900479495334,-9.002498001097108e-06,-2.2117004559110768e-09,3.563151559856516e-13
260,260,GA,6.807219718967564e-06,51,0.39933005389124093,0.030890540706512305,-7.329208476172508e-06,-4.53934030735596e-09,1.4132227518707242e-12
261,261,GA,9.45606206774884e-06,33,0.8324402729728854,0.02836745680598015,-3.5040148478680305e-06,-5.680097427271501e-09,7.859604758316371e-13
262,262,GA,6.692623974329705e-05,501,1.5075629241412543,0.024752179021162175,2.0942244028861672e-07,-2.3600589975625063e-09,-3.5058090231197456e-12
263,263,GA,9.891762815128816e-06,204,0.9266611856879277,0.027625363351717547,-1.0288530359621924e-06,-9.259264558630536e-09,2.6786652784193074e-12
264,264,GA,3.797572240577912e-05,501,1.3091784516857277,0.025628884369786636,2.900220310739567e-07,-5.493758426746867e-09,-1.0386291469412037e-12
265,265,GA,9.223187595386738e-06,27,0.12168899084734186,0.032861914784304905,-1.2059659332271998e-05,-3.879685353867037e-10,3.3156747482304537e-13
266,266,GA,2.252771364799746e-05,501,0.955784842097972,0.02837874274135688,-6.175835836474028e-06,-1.2004708726205905e-11,-2.377325319516997e-12
267,267,GA,9.860800388930017e-06,21,0.6473047620263163,0.029608162112025615,-5.52343818216047e-06,-4.69832984561121e-09,7.240709032041313e-13
268,268,GA,8.811905996946464e-05,501,1.6748701304871958,0.02407377855840153,4.721819971377294e-07,-1.2828732633741688e-09,-4.328612353313897e-12
269,269,GA,2.1727991429567597e-05,501,1.071318557316069,0.027298432779581525,-2.8585725818797653e-06,-4.182115815056946e-09,-5.332340985076271e-13
270,270,GA,0.0001331395144718416,501,1.954755150248887,0.02260654814622633,1.9894534707280224e-06,-2.0659148864177856e-10,-5.795460863656521e-12
271,271,GA,9.990316660236875e-06,254,-0.09347380397503681,0.03524962543085728,-1.8780580845084453e-05,5.880739904365077e-09,-1.1971595511754764e-12
272,272,GA,6.152171390650186e-05,501,1.4150474813335594,0.025720178994406154,-2.413181062879371e-06,-2.1914150608872325e-10,-3.79291006725909e-12
273,273,GA,7.22168966464066e-05,501,1.5737269906188491,0.024519740304775942,2.9837323325190365e-07,-2.3944992291822683e-09,-3.3371244776182964e-12
274,274,GA,1.644474331093106e-05,501,0.8912165895128183,0.02859197392513382,-5.878127781567248e-06,-1.3426938415851436e-09,-1.4608462259735193e-12
275,275,GA,2.8748745888583486e-05,501,1.2446149877942851,0.025967917252107193,2.415799309741699e-07,-6.72549351840101e-09,2.1829279091024464e-14
276,276,GA,9.926928403313038e-06,268,0.6741866776350111,0.029697663956231024,-7.296613177882674e-06,-1.0949575560895847e-09,-1.1748855423102226e-12
277,277,GA,1.5290036140948623e-05,501,0.8754828699438132,0.02851927724760593,-5.354005475414148e-06,-2.0571135132402702e-09,-1.1983135204725487e-12
278,278,GA,9.944402285427184e-06,44,0.1256919718696177,0.03299658941938367,-1.2305147404636814e-05,4.203132656175228e-11,-2.9103945807738587e-14
279,279,GA,3.8941094287865396e-05,501,1.365330684483826,0.02540488732971722,6.971419754777436e-07,-6.222701567923036e-09,-4.986205706500985e-13
280,280,GA,5.368236076256134e-05,501,0.0273399447202612,0.03169654363967946,-4.842282549222393e-07,-2.488039801063972e-08,1.500071687316719e-11
281,281,GA,1.026191456348373e-05,501,0.7017829636264662,0.02968093585515305,-7.721068772263786e-06,-3.2893184879544526e-10,-1.5350733641690267e-12
282,282,GA,2.4901357000991663e-05,501,1.1739206515585638,0.026366718692955156,-3.9755601021599467e-07,-6.442769301771623e-09,5.35554945844813e-14
283,283,GA,9.945493544559922e-05,501,1.731270683318455,0.023532889761817187,1.3876625549596464e-06,-1.3577854793790604e-09,-4.710921570969061e-12
284,284,GA,2.5542960989998393e-05,501,-0.21710707706350937,0.03453207322837278,-1.2047937197553594e-05,-6.2374629076804086e-09,5.053879001847908e-12
285,285,GA,9.92269023557799e-06,58,0.7078549877131723,0.029763973263931577,-7.917935203105085e-06,-3.1490659423530056e-10,-1.4360886418196194e-12
286,286,GA,5.354158254501578e-05,501,1.3669770008347728,0.025705473349864803,-1.6060311776127386e-06,-1.5196067503548891e-09,-3.2873319825879804e-12
287,287,GA,7.411165598974773e-06,25,0.6733607727527443,0.02988726466548404,-7.355622136925545e-06,-2.3201210782031655e-09,2.9314212414769384e-14
288,288,GA,9.957082207778623e-06,27,0.7840838209818692,0.02917596847505288,-6.1470273167278835e-06,-2.8364605005157373e-09,-8.162580836779083e-14
289,289,GA,9.336833739392072e-06,153,0.508984181599641,0.03001351022381189,-4.049379249576949e-06,-9.417788672913733e-09,3.820741029496776e-12
290,290,GA,5.580918116661919e-05,501,1.428407005185132,0.025321625975540708,-7.021526631077262e-07,-2.5118130049506768e-09,-2.8645541276695105e-12
291,291,GA,9.672637265925336e-06,193,0.6535004107258502,0.030022227350429493,-8.441553157464448e-06,-4.58667239846762e-11,-1.3909306545744081e-12
292,292,GA,1.8966464886621905e-05,501,1.0198252835778434,0.027641835888969374,-3.45144557649829e-06,-4.0483525152008904e-09,-3.350179344298299e-13
293,293,GA,0.00013592323233734387,501,1.9672966069865165,0.02251391998816155,2.114406354908416e-06,-8.726882168850311e-11,-5.949608039847147e-12
294,294,GA,4.2803321302102244e-05,501,1.353864186741675,0.02549394326997721,8.314979894821569e-08,-4.75060522771759e-09,-1.4813989244748083e-12
295,295,GA,1.6616714275797127e-05,501,-0.434865520125127,0.03725315576090851,-2.2341896093438474e-05,8.314238643258372e-09,-1.7648752769479574e-12
296,296,GA,9.310590862394248e-05,501,1.6882437118778948,0.023906399233207216,6.526506620185443e-07,-8.611497453751344e-10,-4.815181552922954e-12
297,297,GA,9.396113590633386e-06,183,0.6251058249687954,0.02951561209993991,-5.5308953321175295e-06,-4.46133626290687e-09,7.148040146615379e-13
298,298,GA,8.391955612271512e-06,33,0.4655923001093637,0.03151336237937706,-1.1224922010994191e-05,4.999055331507807e-10,-2.729319002967518e-13
299,299,GA,1.153489829741742e-05,501,0.7287534500101814,0.029776780284674266,-8.420059635931812e-06,3.9061270324740147e-10,-1.6273757972444349e-12
0,0,ES,9.983803131540731e-06,123,0.9656662618350655,0.02751268723829257,-1.3588950097822866e-06,-8.119811927869055e-09,1.8233584992553278e-12
1,1,ES,9.396737810539733e-06,46,0.9857987147188716,0.02714527699889369,-5.03689150507484e-08,-9.935727155844107e-09,2.7358133886984883e-12
2,2,ES,9.598782481148563e-06,101,0.754810076163933,0.029036602242052335,-5.2708959446408544e-06,-3.617195748448435e-09,-1.2147096092575171e-13
3,3,ES,9.689609897675752e-06,55,0.672819225470758,0.029913473376952604,-8.09247850321805e-06,-1.6764949305157173e-10,-1.5214374871328354e-12
4,4,ES,9.163655105061137e-06,86,0.9139657034162265,0.027749375768849255,-1.7650394016227136e-06,-7.784560487503747e-09,1.6977224081991202e-12
5,5,ES,8.967893561755476e-06,55,0.9230656196000417,0.02733923263183219,1.893692577973704e-08,-1.0436019189635044e-08,3.0399176147882066e-12
6,6,ES,7.130065290989721e-06,35,0.19932989854659997,0.03267980520733328,-1.1995329047653382e-05,-4.5194552330220755e-11,-2.2471253846265237e-14
7,7,ES,9.803563025998988e-06,112,0.938069202168137,0.02779977804701837,-2.264629936186528e-06,-7.223000381978983e-09,1.608898256506684e-12
8,8,ES,8.446092438912687e-06,51,0.9593809083042646,0.027414138665710523,-6.154503469072775e-07,-9.42512731483919e-09,2.5117735243343405e-12
9,9,ES,9.553254264243894e-06,66,0.9823737197056105,0.027129538192727648,4.275762674240879e-08,-9.90606241853039e-09,2.565993548131679e-12
10,10,ES,6.0018252773919475e-06,43,0.5699532414774499,0.030644349311708223,-9.41690381362421e-06,1.0505629094398892e-10,-1.0146064528337805e-12
11,11,ES,9.955875723760772e-06,45,0.9552376892363572,0.02730467121560178,-3.017320459135243e-07,-9.494675015864058e-09,2.316422161518217e-12
12,12,ES,9.620964413841556e-06,117,0.9836184003458459,0.027312188198503146,-7.315665891797981e-07,-8.980788354417018e-09,2.248345138521633e-12
13,13,ES,8.22318146916795e-06,60,0.9081750225378846,0.02767121530101824,-1.2505513937502053e-06,-8.808068341207525e-09,2.3106111447876347e-12
14,14,ES,8.040427869494685e-06,39,0.6485955313250186,0.030115311207566307,-8.19967169081483e-06,-1.0734130457503173e-09,-5.737719718981802e-13
15,15,ES,6.384791766263896e-06,32,0.20839029863307587,0.032634084755162336,-1.2013074929258145e-05,1.1016487446523433e-10,1.5313614685331402e-14
16,16,ES,5.915574080886407e-06,46,0.7760454469741664,0.027966995608215823,1.0437278773284919e-07,-1.2258606587309636e-08,4.278488877234203e-12
17,17,ES,8.94844293775157e-06,64,0.8605027783189975,0.028317209851711038,-3.393916277618537e-06,-5.973943342014073e-09,9.926289218418446e-13
18,18,ES,8.7152665834055e-06,51,0.9433737588926276,0.027290756061684622,-9.221107212076514e-08,-1.0094746496020056e-08,2.8034404995949274e-12
19,19,ES,9.463460438666304e-06,50,0.9490811962247123,0.02725759108218024,-1.029410687820776e-08,-1.0078584273549317e-08,2.6729811122105458e-12
20,20,ES,7.5492680649122274e-06,36,0.17859499663836148,0.03292104747621013,-1.283931506704821e-05,-1.2554107054315835e-11,8.323392047598884e-13
21,21,ES,9.743058607069587e-06,64,0.804133952232913,0.028793072097355592,-4.945973187330712e-06,-3.805960902354056e-09,-4.002894063413647e-14
22,22,ES,9.298940313999799e-06,56,0.9825471835186934,0.027162147827984588,-6.331622179965653e-08,-9.802262333304492e-09,2.567042917297066e-12
23,23,ES,7.188028451322263e-06,34,0.48198084579338,0.03112619883971324,-1.021131289981007e-05,-1.611107388973845e-10,-2.758268245403026e-13
24,24,ES,9.156193162539607e-06,58,0.9858692793200844,0.027229477605637955,-3.075121302357544e-08,-1.0456695568311352e-08,3.0786326302622477e-12
25,25,ES,9.294997668265107e-06,61,0.8571360367483642,0.028277366150947857,-3.382535508853182e-06,-5.825623127302181e-09,8.778081969372053e-13
26,26,ES,9.248386148741956e-06,49,0.9499821626208256,0.027282937617290434,1.5319434776631403e-08,-1.011764974896792e-08,2.7110205864778946e-12
27,27,ES,9.247503272182785e-06,53,0.9775765387939099,0.027156157574394497,2.5467827931927216e-08,-9.924178782132005e-09,2.597894468033831e-12
28,28,ES,9.558165489826042e-06,58,0.9566986432947612,0.027300051410171926,-2.1910930823988406e-07,-9.656632188555786e-09,2.4170176942189955e-12
29,29,ES,7.626596517433902e-06,55,0.9606736745805301,0.027264218142752622,2.6229456257474682e-08,-1.0468069466746521e-08,3.0415919943539973e-12
30,30,ES,9.94439576014162e-06,54,0.8569233358432523,0.0280240996657323,-1.955694697319084e-06,-8.86033524914763e-09,2.9098730616351957e-12
31,31,ES,5.277021007228157e-06,42,0.3286260315480596,0.031845434536784616,-1.0689437359868608e-05,-3.471731523488677e-10,-3.36378874888046e-13
32,32,ES,7.798825980381267e-06,55,0.9156320369973022,0.027619479176256678,-1.030733003490646e-06,-9.376726784378422e-09,2.7725367530685484e-12
33,33,ES,9.81900714710083e-06,83,0.7701347312483994,0.029082156455753683,-5.740208560539339e-06,-2.90682807637589e-09,-3.822820934066075e-13
34,34,ES,9.76000061662526e-06,53,0.9859204413845326,0.0272712215906812,-5.346736591709892e-07,-9.246465285445013e-09,2.3314122506503863e-12
35,35,ES,9.691383674701589e-06,70,0.7272432476478927,0.02926763869163193,-6.1385443342538505e-06,-2.548510876823551e-09,-5.228869098342353e-13
36,36,ES,5.363696653260513e-06,34,0.29166482121384424,0.032122452446150196,-1.1274562013097682e-05,-1.9055087654192817e-10,4.8990027946934964e-14
37,37,ES,8.050984835628442e-06,53,0.9047836526876362,0.0275348193269923,-3.7335981999960887e-07,-9.98291387124745e-09,2.7441089200749326e-12
38,38,ES,8.938600410322627e-06,57,0.9614514109757414,0.02722925118235451,3.1436881234715084e-08,-1.0412817551490979e-08,3.110309708853894e-12
39,39,ES,9.929201268361431e-06,86,0.7101905966512263,0.029411601399181208,-6.453110979173553e-06,-2.1670648034620772e-09,-7.451504995057327e-13
40,40,ES,9.214772468095654e-06,69,0.6149512332988111,0.030203419074825932,-8.520151332990322e-06,2.7130584726427977e-11,-1.571892317944528e-12
41,41,ES,9.817328624536601e-06,61,0.6959085884310041,0.02978624371935115,-7.960462218749156e-06,-2.658489926747249e-10,-1.471715485621958e-12
42,42,ES,9.73277447102021e-06,54,0.8984669394054373,0.027702058571724017,-1.2461696648127079e-06,-8.475733354859892e-09,1.9069145368243015e-12
43,43,ES,9.775195974850897e-06,51,0.9553886290427853,0.027185149663994195,1.1064672154372488e-07,-1.0223470355305297e-08,2.833892801696378e-12
44,44,ES,9.509883262409137e-06,125,0.7892996856996406,0.02883292801315778,-4.987849030210561e-06,-3.799222013084283e-09,-2.0171257830712187e-14
45,45,ES,8.980567964810136e-06,50,0.9778535371409877,0.027222571220725515,-1.3847415025674663e-07,-9.932643878033573e-09,2.7558081578856205e-12
46,46,ES,8.464070460423827e-06,55,0.9248412604531848,0.02738163619402345,-2.343698989816506e-08,-1.0440703074761284e-08,2.9407409956537968e-12
47,47,ES,8.676906905022125e-06,58,0.9205946531961943,0.027409531041198403,-2.52316923726322e-07,-9.96007793705594e-09,2.6940307811422535e-12
48,48,ES,8.844417472196637e-06,55,0.9118881467189033,0.027542242860826762,-3.385952189386987e-07,-1.0614361709662298e-08,3.477309245880872e-12
49,49,ES,9.115587641022975e-06,53,0.9846576904737994,0.027059614247001852,3.783743187169579e-07,-1.0405049414084727e-08,2.8069246247820987e-12
50,50,ES,9.920548648312037e-06,56,0.960920428161588,0.02741256912416305,-9.054479385550463e-07,-8.619028782376533e-09,1.9729880576553402e-12
51,51,ES,4.513957817633019e-06,34,0.2667265297005038,0.03220936287424775,-1.1526024646369688e-05,-1.7076306890563638e-11,-2.0547453966430314e-14
52,52,ES,7.456365003787898e-06,58,0.8374296630693279,0.027729593497831467,-2.4780270521556544e-07,-1.1124178928738423e-08,3.6725669404874995e-12
53,53,ES,6.259569369022167e-06,41,0.26597182053271445,0.03221025012300366,-1.1353205929074724e-05,-4.518118215050254e-10,1.8430544464842755e-13
54,54,ES,9.460457500141718e-06,61,0.9744935540734373,0.027220180531415443,-2.509467861991124e-07,-9.831672579766727e-09,2.76411707405972e-12
55,55,ES,7.91744421140871e-06,58,0.805853112599915,0.028577767838139465,-3.924410147510194e-06,-5.619649400135547e-09,1.0254847986005973e-12
56,56,ES,9.868126102317576e-06,50,0.9778412475502435,0.02712653735535508,4.104718244685431e-08,-1.000692528205273e-08,2.714368887209152e-12
57,57,ES,9.962265512047602e-06,58,0.9121353921132073,0.027958264023190613,-2.428436408168606e-06,-7.383079250634799e-09,1.74649419665277e-12
58,58,ES,9.497346389283226e-06,75,0.7013127777412628,0.029426032771091584,-6.218561220986248e-06,-2.63827256598234e-09,-5.036187573345724e-13
59,59,ES,9.93398355297675e-06,56,0.9268708632787052,0.027352596986584463,-2.3650522608692158e-07,-9.778080204704858e-09,2.5494803633292057e-12
60,60,ES,8.594158488032878e-06,58,0.8706295681623073,0.02768688415090719,-6.247852784833217e-07,-1.045542221533407e-08,3.4711874994907868e-12
61,61,ES,8.51665252225873e-06,38,0.18596471999008718,0.03274050039385278,-1.1968075111192947e-05,-2.3003270223827806e-10,2.2008874363009333e-13
62,62,ES,9.933639051598495e-06,20,0.2204052355718558,0.03233540012029515,-1.1622870899476868e-05,-1.0174604854927505e-11,7.194700040610337e-14
63,63,ES,7.98033510553783e-06,52,0.9355599750750581,0.027323371474555807,2.0790146469261672e-08,-1.056573151596195e-08,3.187881181667477e-12
64,64,ES,9.442796664204288e-06,80,0.7864783304931311,0.028860698586978786,-5.060121177874812e-06,-3.727263456736353e-09,-5.716523941438046e-14
65,65,ES,6.367800267075027e-06,57,0.6975892539019202,0.029362336351648807,-5.704213400517331e-06,-3.977791731261936e-09,4.380712978743992e-13
66,66,ES,9.581652331143896e-06,80,0.7909968792903677,0.028833266915092016,-5.054226474377265e-06,-3.7041587734426354e-09,-5.83241577910133e-14
67,67,ES,9.779939202249695e-06,57,0.732843231541076,0.029349306272272377,-6.468787636419296e-06,-2.0184733259433724e-09,-7.876636454088366e-13
68,68,ES,9.862976051473048e-06,52,1.0008953298684502,0.027188979131017317,-3.665535931665717e-07,-9.73107267245853e-09,2.7919976617149637e-12
69,69,ES,5.9239470828263286e-06,32,0.21097973235267425,0.032593122680153595,-1.1935613718196724e-05,1.3257531258705985e-11,-5.897473176709907e-14
70,70,ES,9.112776357210795e-06,59,0.9816812498113098,0.027223864338080314,-1.8005420129901096e-07,-9.986168096668302e-09,2.870561893797073e-12
71,71,ES,9.473777145640303e-06,59,0.8153116982423854,0.028902332877945986,-5.143573388650459e-06,-4.253137451310296e-09,5.190381763894559e-13
72,72,ES,3.263571071542509e-06,34,0.32396029445368646,0.03210732942765416,-1.1513951785938866e-05,-1.9245041418574068e-10,2.0437318723156284e-13
73,73,ES,6.829231160567849e-06,56,0.9042456944676243,0.027471440557184063,-1.930648548082391e-08,-1.0688691352843719e-08,3.1810478449755705e-12
74,74,ES,9.813745312992313e-06,74,0.6776567468529744,0.029880862516839912,-8.050013274123785e-06,-1.5669530103242647e-10,-1.5678375386669373e-12
75,75,ES,8.797023951602206e-06,54,0.9618389354318836,0.027340972345635192,-5.577247780470728e-07,-9.344213893343722e-09,2.4443413547413537e-12
76,76,ES,9.778801466402886e-06,50,0.969929106537215,0.027271972092077948,-2.614357170521096e-07,-9.714372414109875e-09,2.5113049095366473e-12
77,77,ES,7.498908129197752e-06,58,0.8582024379692904,0.027793126113117815,-6.538257619074705e-07,-1.0228415903354552e-08,3.1285606551927076e-12
78,78,ES,8.057371379858292e-06,42,0.17230941830022034,0.03267325186017881,-1.1859174818483263e-05,-4.267868255700576e-11,-1.4443438716582048e-14
79,79,ES,9.58305007096063e-06,138,0.94717911848835,0.027583651346343732,-1.4841548618541745e-06,-8.060682536483486e-09,1.876096363690652e-12
80,80,ES,6.701915313443892e-06,58,0.9062054648003767,0.027473021633680445,-1.3438691605274117e-08,-1.0722262964697901e-08,3.178643921664443e-12
81,81,ES,6.3264613362960675e-06,39,0.30982980733023896,0.03214404159910041,-1.1416214734587327e-05,-2.2557564276429786e-11,-2.1882093090608733e-14
82,82,ES,9.744611932082465e-06,97,0.7943313938284305,0.028737198932771824,-4.619982488593089e-06,-4.229182002525555e-09,1.117919240177111e-13
83,83,ES,7.861246613017506e-06,59,0.8205391898301688,0.027833836919038474,-3.2108506473748153e-07,-1.0800145259160435e-08,3.277520667844849e-12
84,84,ES,9.893540340734645e-06,77,0.682230034616075,0.029746332030136297,-7.530937140055859e-06,-7.833719656500384e-10,-1.3323183795920304e-12
85,85,ES,4.669341088802296e-06,44,0.8902076473751181,0.0276280105466665,-2.98031104050476e-07,-1.1061406147725531e-08,3.743541227689251e-12
86,86,ES,6.691822176921911e-06,48,0.9539761239708558,0.027375710169090278,-2.7564394462542383e-08,-1.078830844191444e-08,3.3637042938843802e-12
87,87,ES,9.699462853198319e-06,90,1.008345063172191,0.027067629283430327,-1.3349950125948017e-08,-9.81057374588504e-09,2.6056259451983326e-12
88,88,ES,9.761267719681207e-06,81,0.836967575880525,0.028485878902093077,-4.079368345912766e-06,-4.809745014351807e-09,3.78746998734063e-13
89,89,ES,9.979255732897599e-06,154,0.8188746976009011,0.028745026126105452,-5.033676938055445e-06,-3.6232643575703494e-09,-8.347759944302918e-14
90,90,ES,9.86534794071342e-06,59,0.6163477001088226,0.030180114019540696,-8.597941916613189e-06,1.4717393621314125e-10,-1.5947870956761588e-12
91,91,ES,9.553593900926557e-06,75,0.6767811443040442,0.02994654406427426,-8.368414580574135e-06,6.314651790109448e-11,-1.4509627585318634e-12
92,92,ES,7.916599826658934e-06,64,0.8733093132660451,0.027551220268399904,-2.1958489800292697e-08,-1.076526910798333e-08,3.178193888550573e-12
93,93,ES,9.437427711266647e-06,50,0.926820960205197,0.027329706181797718,2.0716697194166486e-08,-1.077303976763207e-08,3.407930433730983e-12
94,94,ES,9.531106586449911e-06,70,0.591268884512032,0.03061003063521729,-1.0116229633600188e-05,1.702169051322879e-09,-1.87375941720582e-12
95,95,ES,9.605556858010826e-06,168,0.836040061924642,0.028485184514379123,-4.091105642915894e-06,-4.8361700715890276e-09,4.281990993521534e-13
96,96,ES,9.05906583565268e-06,71,0.5944135342914321,0.030334463822039158,-9.049121310110395e-06,7.755265635230157e-10,-1.8521398209910083e-12
97,97,ES,7.642771033133521e-06,59,0.7339418256030159,0.02921234981697286,-5.2770202641703e-06,-4.430528416124593e-09,6.101928743668498e-13
98,98,ES,8.576035893040417e-06,75,0.5375810719381383,0.030912437262809598,-1.0683604397911357e-05,2.476056060230552e-09,-2.474009265789059e-12
99,99,ES,6.727385192935899e-06,28,0.15794261117557232,0.03282868917776362,-1.217073790639035e-05,9.902027013447245e-11,-2.8988508533290257e-14
100,100,ES,8.467961332580317e-06,58,0.9441719519966522,0.02758205414053286,-1.1915411534545215e-06,-8.935965255716403e-09,2.4347857695744512e-12
101,101,ES,4.693696065102795e-06,40,0.23691621691786643,0.032605733032753534,-1.216847303367368e-05,2.5265918369547137e-10,-5.762231080489418e-14
102,102,ES,9.66862020985819e-06,54,0.8119123644743671,0.028582316006105342,-3.6746514351803916e-06,-6.03474966988485e-09,1.1990237670243127e-12
103,103,ES,9.25217570528285e-06,57,0.8722374188783357,0.027868557884710484,-1.7083058706427279e-06,-8.195061507089738e-09,2.0442762098451207e-12
104,104,ES,9.71566224281569e-06,108,0.6740684935372083,0.02987347682943235,-8.12812989274966e-06,1.5221141874234387e-11,-1.6340357939233498e-12
105,105,ES,9.950927620635842e-06,117,0.8062858337965872,0.02868616668232209,-4.605072443617175e-06,-4.170889264986361e-09,7.503051189644185e-14
106,106,ES,8.952988527118108e-06,54,0.9172957583501143,0.027654932666486814,-1.2084591703848112e-06,-8.733612509130939e-09,2.2516114950015442e-12
107,107,ES,9.524580192002812e-06,58,0.9656789809916393,0.02740977039624796,-9.701455778351663e-07,-8.66967984327502e-09,2.095237887911132e-12
108,108,ES,9.844711558691349e-06,103,0.7944886604431529,0.028613734753310752,-4.058943910677545e-06,-5.0375785463049675e-09,4.638684393622278e-13
109,109,ES,9.946689707378177e-06,53,0.9742698340501282,0.02727093624228673,-3.3102739997079013e-07,-9.434088396445736e-09,2.3574245428631403e-12
110,110,ES,6.98969262769407e-06,56,0.773012319235523,0.029030765411887843,-5.181044619989629e-06,-4.61904409404561e-09,8.773744410796235e-13
111,111,ES,8.983970264917715e-06,71,0.6395898604580751,0.03007568767569346,-8.507127458991893e-06,1.1484497643638749e-10,-1.4697995484938465e-12
112,112,ES,8.485631558990795e-06,62,0.9126812239838366,0.027748871962185288,-1.6657051578597085e-06,-8.076755333219388e-09,1.934873334559275e-12
113,113,ES,9.476838122209168e-06,57,0.9564637321744427,0.0272999859288354,-3.8020450672546304e-07,-9.474517329155956e-09,2.4124777931411773e-12
114,114,ES,7.063682233813767e-06,57,0.8291867909933112,0.02805569668740957,-1.429546337746841e-06,-9.2596865643263e-09,2.5888840488819375e-12
115,115,ES,9.82449952719697e-06,58,0.9671269517822948,0.027200765384758043,-1.2809964750410277e-07,-9.66565704199717e-09,2.453060838382267e-12
116,116,ES,9.864678678026051e-06,101,0.80991354007694,0.02867518372853457,-4.5731263157430336e-06,-4.214510747210701e-09,9.826836745287899e-14
117,117,ES,9.807183838927103e-06,31,0.33432375686061766,0.032125995737385504,-1.1495576039956018e-05,-1.7509559488002535e-10,1.805192264978958e-14
118,118,ES,9.94801245927945e-06,70,0.6837259306625418,0.029816237104324784,-8.014102118650277e-06,-6.067502332063771e-11,-1.6202962470747977e-12
119,119,ES,8.084615188099726e-06,56,0.8680330840018761,0.027728385089721072,-3.851760376083788e-07,-1.046841326350844e-08,3.0461451879080003e-12
120,120,ES,9.93075166468377e-06,98,0.8351751733816236,0.028515677165095652,-4.156101519692843e-06,-4.736128947928679e-09,3.7488216612734637e-13
121,121,ES,9.697039618304912e-06,18,0.4991232358511352,0.03130316708505996,-1.0282831136573545e-05,-6.88352870555445e-10,8.964565955586828e-14
122,122,ES,8.851134065557264e-06,52,0.9203716616757016,0.02737996223979257,-2.6039096229107592e-08,-1.0221431352971432e-08,2.756523466391613e-12
123,123,ES,9.85637084529074e-06,87,0.8024180272693393,0.028806067286439495,-5.006346332242783e-06,-3.698181557575757e-09,-1.0032196835978263e-13
124,124,ES,7.419600275771032e-06,51,0.9056292595091321,0.027719628463620496,-8.62577742965709e-07,-1.0203433447013101e-08,3.261157559805983e-12
125,125,ES,9.988741119676836e-06,103,0.80049689850342,0.028734354981403955,-4.762287073734501e-06,-3.9706698876273e-09,1.5754869384627612e-14
126,126,ES,9.67337013796183e-06,54,0.9875346629615824,0.027144411212734143,-1.1470403580270072e-08,-9.844261378406355e-09,2.5198223070445728e-12
127,127,ES,7.386603543371551e-06,41,0.3697584565117457,0.03208355793137207,-1.2404702814258018e-05,1.7318060785975427e-09,-9.081328799631552e-13
128,128,ES,7.0605312142364394e-06,55,0.9362072653381563,0.027362412079236405,3.4577110799829476e-08,-1.09737173738683e-08,3.4875812165474725e-12
129,129,ES,2.73791083116523e-06,27,0.2388496556085489,0.032432977538659036,-1.1824059493748163e-05,-1.2208317701099786e-11,1.0406178134333191e-13
130,130,ES,6.070305184981424e-06,37,0.2148651205068304,0.032419422055845096,-1.1712931419576994e-05,8.87083217529073e-11,-6.008124804419076e-14
131,131,ES,6.70928664521046e-06,52,0.9205440968167651,0.02764867430380564,-7.324147131245475e-07,-1.0419465856831945e-08,3.443257835146589e-12
132,132,ES,9.312705688376546e-06,64,0.9631444551600395,0.027262498505071942,7.563645436684498e-08,-1.0242369102510563e-08,2.747763294555761e-12
133,133,ES,8.750272787449438e-06,55,0.967451393968524,0.02750765926150935,-9.889227016485105e-07,-9.469069584689088e-09,2.904518888328767e-12
134,134,ES,9.421060349328835e-06,87,0.9275797130828011,0.0275191500917592,-8.671312047707799e-07,-8.884520695762532e-09,2.100854379983439e-12
135,135,ES,9.465458354938146e-06,54,0.9895817405870488,0.027148206457279105,-7.079232623505303e-08,-1.0127005421838363e-08,2.924276901543948e-12
136,136,ES,9.778290545426216e-06,40,0.7010252436523601,0.02949877672144349,-6.827213205701743e-06,-1.9705428217730896e-09,-5.242677086194079e-13
137,137,ES,6.752459994543418e-06,30,0.08104596966864266,0.03362925867647726,-1.3845832160137484e-05,1.2766598754605457e-11,1.1485468745804114e-12
138,138,ES,9.463953270867256e-06,55,0.9962405841675682,0.027219028657703044,-3.666755466762778e-07,-9.499101154991547e-09,2.475312510650929e-12
139,139,ES,8.997928808817967e-06,49,0.9412351647242003,0.02732967108039669,-1.4169332829231378e-08,-1.0475785091862521e-08,3.144762647167264e-12
140,140,ES,9.698919005610145e-06,121,0.8370864777351925,0.028507556853759025,-4.196444881850716e-06,-4.6813936341803425e-09,3.5574634778193875e-13
141,141,ES,9.895598228803122e-06,53,0.9875491224372708,0.027269182672952186,-6.435139531387267e-07,-8.954579792897395e-09,2.178465152870018e-12
142,142,ES,9.074839518925718e-06,56,0.9198580158336475,0.027312502983089414,1.6825484765922668e-07,-1.0540409540929536e-08,2.984611242184427e-12
143,143,ES,9.840849477032959e-06,51,0.9882060071111743,0.02711139351637011,2.5323877599328865e-08,-1.0089561916720367e-08,2.857605833318266e-12
144,144,ES,9.812501543945686e-06,66,0.957516839625332,0.027288126294988037,-2.690762940485475e-07,-9.583111883620714e-09,2.3883291578442556e-12
145,145,ES,9.090919265618954e-06,59,0.9418152724893615,0.027542611790398092,-1.2162469758439084e-06,-8.454476937008908e-09,2.0157196794470054e-12
146,146,ES,9.134274783595325e-06,47,0.47487926039570555,0.03110223674527855,-9.734611676151961e-06,2.2209929001751453e-11,-1.0898015028545891e-12
147,147,ES,8.964905842458276e-06,58,0.9829440131741977,0.027154147216908217,4.7428763027807345e-08,-1.0106139063688544e-08,2.733743706039844e-12
148,148,ES,9.093146999445203e-06,57,0.8995619707611373,0.02761159149574734,-9.701635504707036e-07,-9.03570207754399e-09,2.3444151792188367e-12
149,149,ES,9.882383405283919e-06,69,0.6968490037942117,0.029512769255388642,-6.8802508968154324e-06,-1.5991067271052469e-09,-9.3328120860337e-13
150,150,ES,9.179163729677875e-06,70,0.8984896015238413,0.02808224542523731,-2.9407088439096232e-06,-6.439997577616235e-09,1.244738012463565e-12
151,151,ES,8.445435211977213e-06,53,0.9744297834763097,0.02725887368127372,-2.6629876382538205e-07,-9.832886883225081e-09,2.739930756799581e-12
152,152,ES,6.3008698023058115e-06,45,0.4681259955792578,0.031218157240389722,-1.0509120287754863e-05,4.1137856823495283e-10,-6.308624880463828e-13
153,153,ES,9.562375913851636e-06,48,0.957806917234675,0.02748428769738932,-1.2168531966722462e-06,-8.390372217141011e-09,2.0066503463717685e-12
154,154,ES,9.644863827730691e-06,55,0.9159273081722293,0.027404210697203932,1.523676199203445e-08,-1.0344044837262312e-08,2.7689273954999486e-12
155,155,ES,8.408824511086947e-06,60,0.9844410615802182,0.0271948254118882,5.238179544192105e-08,-1.028600321586347e-08,2.87282876326235e-12
156,156,ES,8.216303722327832e-06,37,0.11863281286081748,0.03297988626127752,-1.226492094449585e-05,-4.9654661930880433e-11,9.819538127832905e-14
157,157,ES,9.09707462084497e-06,116,0.8951508370909214,0.027835924426886805,-1.9426969749845465e-06,-7.629262303982756e-09,1.6792693880978476e-12
158,158,ES,8.719934840019075e-06,38,0.3265438424663611,0.031668727618808484,-1.0027644232347362e-05,-1.07102983316259e-09,5.785800230913215e-14
159,159,ES,8.757796456399536e-06,45,0.40625217693725857,0.031874562707938606,-1.1318909241148405e-05,1.4093451334027359e-11,-4.898088500565559e-14
160,160,ES,9.955960226588565e-06,83,0.9399392903478024,0.027490963632021775,-8.840634655370123e-07,-8.829098245204642e-09,2.0542240048382917e-12
161,161,ES,9.890902711338007e-06,37,0.5595678144366419,0.030552749539017925,-9.062674973831487e-06,-9.125595340002217e-10,-1.8790186202288436e-13
162,162,ES,9.545702152866688e-06,66,0.7094410348271843,0.029598726585523583,-7.3461760228304435e-06,-9.642339336112615e-10,-1.175280499770116e-12
163,163,ES,4.86741502076405e-06,35,0.38887287482993826,0.03178038104787609,-1.1595897808839698e-05,1.548477454423127e-09,-1.180301212870332e-12
164,164,ES,9.030832002385728e-06,40,0.932970044273521,0.027551453467749627,-2.636202272961002e-08,-1.1973177189689645e-08,4.363785447377492e-12
165,165,ES,8.022710112656648e-06,58,0.8828154781826433,0.027638249257252098,-1.4123968857621308e-07,-1.13655760824906e-08,3.9853393969431235e-12
166,166,ES,9.459610393952883e-06,54,0.9425058746391151,0.027278238972572325,9.010416449979557e-08,-1.0192568733326623e-08,2.6653176615331523e-12
167,167,ES,8.88687644295737e-06,65,0.8692753143873305,0.02812274047462018,-2.7599295930319214e-06,-6.6400755228919136e-09,1.2206578737579945e-12
168,168,ES,3.5562256646502272e-06,38,0.2699327775841754,0.03212638093537286,-1.0955971164528187e-05,-7.521613450177468e-10,1.826978555471954e-13
169,169,ES,8.718667262133e-06,56,0.8902006849022662,0.028128620385651344,-2.667478892677389e-06,-7.565650359540436e-09,2.0576138905998613e-12
170,170,ES,8.676179074909692e-06,57,0.8886299930046139,0.027449061294893974,1.7867567132136038e-07,-1.0823439624209497e-08,3.144107864212798e-12
171,171,ES,8.35216448542259e-06,54,0.9736561391104414,0.027122978152466913,4.379627527922047e-07,-1.0704608038533279e-08,2.9832246634342623e-12
172,172,ES,5.505323362329939e-06,53,0.8415200702720005,0.02815045719645768,-1.994171120977683e-06,-8.59668593783237e-09,2.4474306005173677e-12
173,173,ES,7.865135251572654e-06,36,0.33757639038183646,0.0318704067112086,-1.1047539915853218e-05,-4.004014303329895e-11,-8.282114941301827e-14
174,174,ES,7.755557404948595e-06,52,0.7061875416425201,0.02833415907020942,-5.12741948124428e-07,-1.1832177953839102e-08,4.139937399030579e-12
175,175,ES,6.517851781658366e-06,55,0.9385276997677322,0.027395427787092745,-8.255526024459924e-08,-1.100568748293013e-08,3.670884881569786e-12
176,176,ES,9.395797342786774e-06,61,0.984733745236171,0.02713587270333903,-2.624142276510246e-08,-9.926660224409433e-09,2.673340750061234e-12
177,177,ES,9.231395969448379e-06,43,0.8570224504912879,0.02803872819623932,-2.166432407290734e-06,-8.197148698857558e-09,2.3450450350806905e-12
178,178,ES,3.9852175108189815e-06,42,0.24168622703184944,0.03243198659337231,-1.198039525573596e-05,2.0327112032304778e-10,1.7204480473131337e-14
179,179,ES,9.917327501547911e-06,37,0.15049208015580184,0.0328841520797938,-1.2344519621690938e-05,3.216983666985804e-11,7.292728221673023e-14
180,180,ES,8.180590372518944e-06,52,0.9024796277760864,0.027720164671987152,-1.3404192312903755e-06,-8.579806097511264e-09,2.1427281216430876e-12
181,181,ES,7.235408938709124e-06,48,0.650058579303727,0.02976444005776499,-6.31615998227286e-06,-4.571603571970572e-09,1.3296340600645349e-12
182,182,ES,9.525352291527128e-06,67,1.0056065391851563,0.027094339104370122,-5.952141476491387e-08,-9.900980847395966e-09,2.710306265433166e-12
183,183,ES,9.367994124386488e-06,63,0.9202301748191306,0.02742296136101676,-2.536071838093188e-07,-9.832492727671732e-09,2.530009952175351e-12
184,184,ES,7.240618583304377e-06,54,0.9400840201692102,0.02731539721661388,4.27616655655591e-08,-1.0699630451790069e-08,3.262075780943133e-12
185,185,ES,9.863036692180729e-06,68,0.6859739147752748,0.029826434384139074,-8.032147673693864e-06,-8.117024611694695e-11,-1.5868666191507276e-12
186,186,ES,9.773388692580912e-06,62,0.945418477108517,0.0274937444047548,-1.0317531382427726e-06,-8.561163137113156e-09,1.945492530200555e-12
187,187,ES,9.276130454069936e-06,78,0.6866202136774615,0.029538249666359182,-6.74564737447267e-06,-1.904792856829421e-09,-7.745070279744202e-13
188,188,ES,9.353369473407557e-06,64,0.8349856678446514,0.02845683630309404,-3.496280019038019e-06,-6.371859315438297e-09,1.3525977977438211e-12
189,189,ES,8.966135790724185e-06,60,0.9317036251118767,0.027430116742144118,-1.060048729186716e-08,-1.0560098238977781e-08,2.9885324188477216e-12
190,190,ES,9.820261120192095e-06,127,0.919429806930033,0.027359292061676914,-1.2473192041061953e-07,-1.0002859850898203e-08,2.661461008387556e-12
191,191,ES,5.521344426785283e-06,44,0.507431869493197,0.031038132516745566,-9.70965450036569e-06,-9.862689878336553e-10,1.3582776057703634e-13
192,192,ES,7.78007228214832e-06,50,0.8631292094624355,0.02774928166538829,-4.565930998570656e-07,-1.0456872103610805e-08,3.0708929263297968e-12
193,193,ES,9.558395580726725e-06,57,0.9379193795403816,0.027705325827130534,-1.82488714190217e-06,-8.017663857485505e-09,2.0671213556665093e-12
194,194,ES,9.833334427756957e-06,83,0.6992040505782932,0.02984029175901785,-8.158970671167122e-06,-3.3687678540715035e-11,-1.5256081427113937e-12
195,195,ES,9.837478006672678e-06,94,0.9250386483371458,0.027657171105902496,-1.5934071546172397e-06,-7.811709208479224e-09,1.6376211321815801e-12
196,196,ES,9.9278785063102e-06,159,0.8039704872639112,0.028787838960794312,-5.077199567256075e-06,-3.592629184308387e-09,-9.942759077419389e-14
197,197,ES,8.907178483449096e-06,65,0.9882227228301486,0.02715017299101157,2.5556998472980234e-08,-1.005170245160231e-08,2.703962895272433e-12
198,198,ES,9.395350085840489e-06,57,0.9643820500357797,0.027299106473533504,-3.0231941775829447e-07,-9.624598087332757e-09,2.523844851352657e-12
199,199,ES,9.800517311313358e-06,92,0.846793386020417,0.028423858277673637,-3.963337116968219e-06,-4.951161061565447e-09,4.506048289400077e-13
200,200,ES,9.852596108047142e-06,51,0.9729631538057781,0.027389028049647775,-8.033960815500909e-07,-9.033532375785924e-09,2.270036263378768e-12
201,201,ES,9.945564186847086e-06,61,0.9797185519784135,0.027320090489480923,-7.981054619709464e-07,-8.753212856587187e-09,2.091016604147326e-12
202,202,ES,9.73001820022335e-06,74,0.8324339910301812,0.028553025803154025,-4.269140127970478e-06,-4.659100696195232e-09,3.319944520858849e-13
203,203,ES,9.913975219027543e-06,148,0.7923219983479656,0.028920947395499687,-5.497651141239989e-06,-3.0800819332448497e-09,-3.182055657301952e-13
204,204,ES,8.210806828520586e-06,56,0.9365674559373911,0.02755399627650463,-9.090840403418335e-07,-9.550021321857164e-09,2.906754134285007e-12
205,205,ES,9.874115275261964e-06,56,0.6645972279075788,0.03005949385194956,-8.638929566130458e-06,4.793972504781933e-10,-1.7922847668177968e-12
206,206,ES,9.876870019608889e-06,57,0.9929909471490825,0.027093096838652117,1.2705169354181375e-07,-1.0114169146130797e-08,2.795383111363912e-12
207,207,ES,8.078747922060857e-06,48,0.804532077060598,0.027828533075956015,-1.8272698123413915e-07,-1.1342064503648625e-08,3.7585987533846605e-12
208,208,ES,9.899272562076067e-06,116,0.8001778344904544,0.02874031528190248,-4.779146977774067e-06,-3.9598288249499655e-09,1.0918035638568253e-14
209,209,ES,9.55246374216272e-06,53,0.9092014488554971,0.027513722607717426,-6.402459920313823e-07,-9.500346996787822e-09,2.520418016425559e-12
210,210,ES,9.141885087890377e-06,81,0.9481485165552761,0.027479910342283777,-1.0349464067209506e-06,-8.846688060185676e-09,2.3259903366966227e-12
211,211,ES,9.119864773286974e-06,62,0.6397417329350062,0.03004029782936723,-8.27089261157203e-06,-6.981615806326274e-11,-1.5588152608298788e-12
212,212,ES,7.90369316889305e-06,39,0.31542164516183663,0.03209264202284525,-1.1342900532961178e-05,-2.001121177429062e-10,1.8632952942515683e-13
213,213,ES,8.77935965342016e-06,63,0.9773826208005829,0.02721117311115105,-1.033637058459638e-07,-9.87075734991577e-09,2.6143038522527138e-12
214,214,ES,9.300609649264974e-06,71,0.9713277901904499,0.02719983252215137,-1.0615310661236286e-08,-9.892745019746973e-09,2.545368541532538e-12
215,215,ES,3.370864646912193e-06,32,0.19311387485564888,0.0329945528714953,-1.321718104070117e-05,9.754396318465834e-10,2.6902150691365455e-14
216,216,ES,9.735457257952653e-06,78,0.7085968278239908,0.029326117883110642,-6.094168096530951e-06,-2.6199267361828564e-09,-5.309801675602103e-13
217,217,ES,3.913843056030494e-06,37,0.28250207985730036,0.03221167925273864,-1.1519864963373713e-05,-3.543030105793907e-11,5.162187794558788e-14
218,218,ES,8.871891159770017e-06,42,0.5388803886554051,0.0308622836352985,-9.683205811858021e-06,-3.78335185857846e-10,-5.25656912635461e-13
219,219,ES,7.246170044632731e-06,52,0.9564850654197936,0.027357715864372984,-2.2083126415664422e-07,-1.0194254056015238e-08,2.9445679253822914e-12
220,220,ES,9.76184266331562e-06,35,0.3734513064807463,0.03198100220007494,-1.1519146338356115e-05,1.553204471321377e-10,-1.6464216751628895e-13
221,221,ES,9.193312774700176e-06,64,0.9430827415279918,0.02725753568512953,3.148692862030344e-08,-1.015131723871674e-08,2.744867547335514e-12
222,222,ES,7.886176011482904e-06,50,0.9187276882517813,0.02755078371248265,-4.844828949434325e-07,-9.918232674097512e-09,2.743800791476422e-12
223,223,ES,9.245816056348548e-06,63,0.9385866987132911,0.02774535013809528,-1.6822994960296852e-06,-8.337773283620031e-09,2.2326108222792586e-12
224,224,ES,9.763777882313589e-06,81,0.7928978778102577,0.02874217945022805,-4.541102401693961e-06,-4.386444262128178e-09,1.719248022669028e-13
225,225,ES,8.393671726775365e-06,52,0.9721267246278058,0.027272263428709222,-2.0615927571465618e-07,-1.0022721994188921e-08,2.8024040899109235e-12
226,226,ES,9.44726333334976e-06,52,0.9975746751804334,0.027195660650543983,4.720144604090948e-08,-1.035459028352172e-08,2.9688187213995513e-12
227,227,ES,9.726933367519471e-06,58,0.929050964927366,0.027366097613235787,-1.735945452673621e-08,-1.0128974868922385e-08,2.6520785730163657e-12
228,228,ES,4.571036058925647e-06,49,0.41977408779318726,0.03155686813456441,-1.0875476101057216e-05,6.79525481336646e-11,-1.7956768983439514e-13
229,229,ES,9.718143664803406e-06,64,0.9669306569000025,0.027321976408432508,-6.676367629715424e-07,-9.03988701173597e-09,2.2602948549786852e-12
230,230,ES,9.926894376504639e-06,79,0.8050771515782016,0.02871565954003124,-4.657828608459791e-06,-4.11804542843345e-09,5.988906585629497e-14
231,231,ES,9.722752064831664e-06,72,0.5928541933964642,0.030586546872066724,-1.0102543148684675e-05,2.1618158124311384e-09,-2.476697941123366e-12
232,232,ES,8.765486991932249e-06,57,0.8998958537621407,0.027548951361909293,-6.184982089395087e-07,-9.552857902259158e-09,2.569042067855169e-12
233,233,ES,8.60459460014483e-06,57,0.8768972383124674,0.027906597070763515,-1.8699961990491903e-06,-7.881044095098934e-09,1.8056449323930067e-12
234,234,ES,8.402723006754066e-06,46,0.12238710883472123,0.0330147650368427,-1.2879723329922016e-05,6.889203446671276e-10,-4.4924517863240593e-14
235,235,ES,7.134303528555854e-06,51,0.9072110066412895,0.027438403734422263,4.940142391111329e-07,-1.190176558929908e-08,3.993658190138727e-12
236,236,ES,8.419407644330165e-06,65,0.7956105131438177,0.028248854140860855,-2.105471165204882e-06,-8.15013242597843e-09,2.006540920526079e-12
237,237,ES,8.12425990995128e-06,59,0.9432939595541843,0.027511176553430976,-7.486110785433234e-07,-9.394344693625765e-09,2.5282973015561676e-12
238,238,ES,7.404161997891256e-06,57,0.6641665912571919,0.02984095589104709,-7.419720077909009e-06,-1.887146649772667e-09,-3.82527662929328e-13
239,239,ES,5.105246573735096e-06,41,0.11125239358857975,0.03323047371270444,-1.3126823201590639e-05,6.93926885825662e-10,1.0972352334833774e-14
240,240,ES,9.71453191515125e-06,63,0.8581430204148685,0.027958422183502852,-2.004960059011776e-06,-7.861940463364777e-09,1.928855645065323e-12
241,241,ES,9.937488387146175e-06,70,0.9693337051948805,0.027336227668263116,-6.700620880124949e-07,-8.938298173303124e-09,2.1468548709505655e-12
242,242,ES,9.25362576704789e-06,54,0.93344953070798,0.027323405986742662,-8.265386710343567e-08,-1.0096163965980759e-08,2.720105042944471e-12
243,243,ES,8.93580267375231e-06,57,0.9867949603934024,0.02716059053724869,-4.285121021392343e-08,-9.904506298470245e-09,2.6442790296479105e-12
244,244,ES,9.884800250071105e-06,144,0.87127916178349,0.02807492125809874,-2.7942369234357265e-06,-6.420262813771578e-09,1.0967057603499763e-12
245,245,ES,8.959547322755377e-06,73,0.6323630190157007,0.030154886672616718,-8.727201269722098e-06,4.997545601266488e-10,-1.7640913629955668e-12
246,246,ES,9.00138634687667e-06,68,0.7676720302927846,0.029030070017472133,-5.512128419535447e-06,-3.293392446455637e-09,-1.8625585888411113e-13
247,247,ES,9.615273177299155e-06,67,0.6478100199701057,0.029969097156509965,-8.061379906800859e-06,-2.700739342117775e-10,-1.5222186504421688e-12
248,248,ES,8.577229814862144e-06,59,0.9602918249026107,0.02731190160578134,-1.3189116483114633e-07,-1.0035126598908855e-08,2.7221233636959885e-12
249,249,ES,9.863240350843144e-06,58,0.9581876459056281,0.02740679652112535,-8.125462277142327e-07,-8.79936047277574e-09,2.088415523246193e-12
250,250,ES,9.009308834447698e-06,54,0.7543802372971211,0.028911284059216166,-4.641841194546756e-06,-4.7715397581174296e-09,6.258222729575454e-13
251,251,ES,9.02152382125432e-06,59,0.9491277012100434,0.02730010784076356,-1.9252643645424244e-07,-9.849806152850639e-09,2.5980676996392817e-12
252,252,ES,9.06486233054883e-06,42,0.7229013900840724,0.029291891520449823,-5.7558842568283625e-06,-3.479845401625801e-09,-2.79447778057455e-14
253,253,ES,9.932920584931445e-06,92,0.6911203137195548,0.029833494235640894,-8.10824554802938e-06,1.5098347924786384e-11,-1.620135600981079e-12
254,254,ES,8.457504406299556e-06,34,0.08608844335602146,0.033544218446076364,-1.3650473208100749e-05,-1.2950085389120643e-11,9.699268697603059e-13
255,255,ES,9.738826479850465e-06,37,0.1509468017821561,0.03283686558237612,-1.2063917558088531e-05,-1.6080036379810385e-11,-1.0353498244360333e-13
256,256,ES,6.646204097378284e-06,28,0.3029223780452683,0.03239611777022372,-1.2189233524303913e-05,7.260818548011949e-10,-3.741176697758069e-13
257,257,ES,8.648894683611321e-06,48,0.9628168657000978,0.027316036050325773,1.2335042107640222e-08,-1.072162892010949e-08,3.2221611866943555e-12
258,258,ES,9.607469093910009e-06,58,0.8035777107362659,0.028128924382890615,-1.0454279234051017e-06,-1.021173204882374e-08,3.2209006313127933e-12
259,259,ES,9.904617564660867e-06,128,0.9179939514592392,0.027843762073545265,-2.3348630868016743e-06,-7.067117955513968e-09,1.4844137063689059e-12
260,260,ES,8.966854274656994e-06,42,0.8273827715992067,0.027772178867128263,5.740246389002699e-08,-1.1594125781025117e-08,3.862105191716539e-12
261,261,ES,9.756128761345422e-06,62,0.9447708119263739,0.027287057335964763,-1.0522064935068341e-08,-9.97009235294612e-09,2.564906061790424e-12
262,262,ES,4.844064120890159e-06,35,0.40808186185091433,0.031750079244049885,-1.116345315229624e-05,3.099285997946864e-11,-4.698292454397737e-14
263,263,ES,9.393393504172472e-06,60,0.9603793090933926,0.027283250320081463,-1.9135922593666924e-07,-9.83013965825603e-09,2.5593900779044594e-12
264,264,ES,9.822179835116312e-06,63,0.9533081276583718,0.02751794366966202,-1.335961421324983e-06,-8.168148688278237e-09,1.8881761487438074e-12
265,265,ES,9.896887117962145e-06,131,0.8391484686477121,0.028541116228686613,-4.382230796417028e-06,-4.41546503856207e-09,2.4202247571796003e-13
266,266,ES,9.18830183563369e-06,55,0.9434655306988572,0.027346861091650743,3.219351739310192e-07,-1.10758685310288e-08,3.2568857940768447e-12
267,267,ES,4.771530624143456e-06,39,0.8787812609868831,0.027567319378267605,2.565422625152951e-07,-1.223294309675573e-08,4.490244595867488e-12
268,268,ES,9.308319924934434e-06,45,0.9659194962052654,0.0273598877599316,-1.5893163339632698e-07,-1.0495153911683617e-08,3.115443776172255e-12
269,269,ES,9.527798480309933e-06,66,0.9719103407606811,0.027218493249333998,-2.4442439771522163e-07,-9.567556334006312e-09,2.4524615419972185e-12
270,270,ES,8.526403458213555e-06,62,0.9637829547875315,0.027322910073943156,-4.5912799767396876e-07,-9.527056103788864e-09,2.5502101381457918e-12
271,271,ES,8.702400944179188e-06,73,0.9181211994693057,0.027858355572476488,-2.139312680086784e-06,-7.547204269857403e-09,1.7775434250549569e-12
272,272,ES,9.12077712822123e-06,62,0.9250974861454241,0.02774155486586702,-1.640179138859889e-06,-8.077457699042918e-09,1.8869892232813317e-12
273,273,ES,8.983752928926645e-06,48,0.865193834870937,0.028427731864323912,-3.751133974971586e-06,-6.0131997999165315e-09,1.322143629982053e-12
274,274,ES,8.885468689001928e-06,51,0.6538690865038247,0.030188365145223276,-8.78157672510283e-06,1.9749251044203217e-11,-1.1872988967333486e-12
275,275,ES,8.984664221667686e-06,68,0.6784880242332934,0.02979841049580898,-7.784172123411255e-06,-6.040359994769046e-10,-1.2616186585389548e-12
276,276,ES,8.971805298085332e-06,41,0.1934214882263791,0.0324162802705684,-1.1489171102997008e-05,-6.061213249627006e-11,-2.01288269982602e-13
277,277,ES,9.452870980051923e-06,72,0.9357487768487817,0.027511332529559392,-9.35490714386908e-07,-8.788107439970583e-09,2.119773383624556e-12
278,278,ES,7.796365321744799e-06,40,0.33302942490247733,0.031959816433154216,-1.1434522649500214e-05,2.1101211235321567e-10,-2.0494176478271874e-13
279,279,ES,9.873930303061135e-06,58,0.6896148464631855,0.029644799293163923,-7.013212728248279e-06,-1.7527901896883383e-09,-8.277597480437809e-13
280,280,ES,9.634247785849323e-06,47,0.9251779528475848,0.027341269492874295,-1.793810164526232e-08,-1.0123647578767111e-08,2.7191357020241744e-12
281,281,ES,9.952368579658474e-06,139,0.7640341695476274,0.028897451295278157,-4.9547837914352595e-06,-3.877414599000719e-09,-2.8923906545233226e-14
282,282,ES,8.991930799172299e-06,42,0.16865482629564935,0.0329347369819561,-1.237256328404656e-05,-9.85868551461815e-11,1.9251338535142831e-13
283,283,ES,9.761128280212826e-06,56,1.0196194687482114,0.027056511670086655,1.6274810964571075e-08,-9.888058266405154e-09,2.6356379035082607e-12
284,284,ES,8.186080050565835e-06,62,0.977381667164741,0.027255516109536873,-1.2554768568166574e-08,-1.0365153600665864e-08,2.963665080284975e-12
285,285,ES,9.57456759141308e-06,65,0.6896100238388599,0.02995617156763302,-8.550090578452573e-06,2.8678733443899915e-10,-1.5452442284782523e-12
286,286,ES,9.82671439705697e-06,41,0.9172212951881473,0.027486862098567082,1.3687864551720165e-07,-1.113999293375021e-08,3.3459005951546583e-12
287,287,ES,5.160091997049815e-06,28,0.33689580490168086,0.03197914417890345,-1.1193937575353547e-05,1.6227707384283014e-10,-3.607842773628735e-13
288,288,ES,9.165095812733958e-06,66,0.970718819477769,0.027274482162122384,-1.3516410005839185e-07,-9.94163474842518e-09,2.6788318726651733e-12
289,289,ES,9.621536877048596e-06,43,0.9385865122333052,0.027577992529684577,-1.338510476076441e-06,-8.222362868907166e-09,1.8436308682107083e-12
290,290,ES,8.832134202000195e-06,48,0.6269951137804456,0.03016394156391721,-8.655818170501337e-06,1.7974667351693134e-11,-1.3428053358268977e-12
291,291,ES,9.674596216749717e-06,68,0.7120388335649966,0.02930032994308359,-6.009216457267286e-06,-2.730724081302522e-09,-4.743786136428654e-13
292,292,ES,9.328607230390944e-06,60,0.9259053278482462,0.027641989345691155,-1.2506196936875209e-06,-8.484812158792485e-09,1.968998522458309e-12
293,293,ES,9.496980486563243e-06,68,0.711757213560518,0.02948922715788476,-6.924652307630593e-06,-1.6073480004499753e-09,-8.686707733676893e-13
294,294,ES,8.914462755888362e-06,88,0.8936165381221065,0.027890781427970662,-2.041225473347884e-06,-7.546837618732318e-09,1.6023146000870786e-12
295,295,ES,8.260953417317488e-06,60,0.9529601016017344,0.02727102933471207,4.801308314969108e-08,-1.0253816506583443e-08,2.8013690156317143e-12
296,296,ES,9.271202457920632e-06,59,0.8545022661390813,0.028468441267842523,-4.082309101237924e-06,-5.036708155671308e-09,6.262869508946738e-13
297,297,ES,6.6244319735394925e-06,36,0.018601174880219073,0.0337994595891149,-1.4210676353507077e-05,1.288296611783219e-09,1.4940215637318532e-14
298,298,ES,8.82835175676796e-06,59,0.8968717207172172,0.028007419816649917,-2.399655339086807e-06,-7.868002574915421e-09,2.2581190075439808e-12
299,299,ES,8.457411861873742e-06,56,0.8775757790004092,0.027967555537323944,-2.0309587509108774e-06,-7.730171065906942e-09,1.7437390643696048e-12
